4r6e,7.78
4ei4,8.74
3shv,6.66
5mnc,1.31
1lpz,7.6
2yof,4.6
3nnx,7.96
1a85,4.52
4asy,4.22
4oc6,7.07
4rn0,6.59
1g7v,6.4
4tpp,8.59
4qaa,6.44
6fug,4.3
4lwe,7.15
5da3,7.1
1z34,3.38
1r0p,8.0
1p05,5.96
6aqq,6.55
1e1y,5.6
6bh2,5.62
3kmc,6.4
3hmo,7.52
3l7g,3.3
5mwy,7.0
5aqr,3.0
5oci,8.05
6eln,6.05
6e1z,3.82
4d1c,5.7
4wxi,8.08
3gpo,5.3
3r0i,6.92
3b1u,5.72
5nwg,6.18
2csm,4.3
1fq5,8.4
4cby,7.7
3pyy,6.86
3k15,4.92
2zz6,6.72
1fo2,4.7
4ce3,3.96
2z92,9.1
6dji,2.51
4wbg,5.55
3mct,4.07
4uxl,10.6
4f0c,6.27
4y64,3.1
2gg3,6.24
1tnj,1.96
5c0m,5.85
1ny2,2.76
6qpl,7.04
3hqz,9.38
4zsh,7.05
5n2f,7.1
6jdi,5.11
3hv5,7.02
4p0x,5.92
3r5j,6.96
1yc1,6.17
2cbu,5.68
5ea4,8.11
3oq5,4.55
6o0p,9.96
4ppb,10.0
1l6s,4.41
2fxs,6.06
3tz0,5.04
6j7l,4.5
4a7b,7.4
1o2g,6.12
2qtr,5.49
1ro6,6.46
3q0z,7.7
5kxi,7.74
3fzt,6.2
5bvw,8.82
6n8x,5.7
1utp,1.44
2ha4,2.7
4nnw,6.61
4pfu,6.17
3fup,7.66
3skh,6.05
4hwo,8.54
5j87,8.05
2jsd,7.77
2qg0,5.72
2x2k,6.52
3ewz,4.1
5td7,5.77
4izy,8.52
6gxw,3.36
2boi,4.32
4daf,7.12
4mc1,7.85
2y80,8.05
2bys,9.52
6cjs,9.7
6mo1,6.54
5t1s,7.08
3hit,8.19
6s89,8.07
4zs0,5.64
2jke,4.23
3cho,6.55
1hn2,6.0
2r9s,6.82
1os5,6.85
6gu4,4.7
3rxb,2.66
3hv8,6.98
4a4h,2.77
2fpz,3.96
2uwo,8.7
4no8,7.15
6eq6,4.82
3lau,4.52
5wbr,4.77
4nga,7.77
3nii,4.23
5eb3,1.45
4l2l,5.7
3feg,4.35
2qrh,4.71
6sfc,5.28
5i8c,7.6
5fpu,6.26
6qrg,5.0
4al4,6.89
2i0h,8.05
2ohv,6.46
1bai,7.7
4pmm,7.57
1r1i,8.54
4x6m,8.24
6mxb,4.59
3u8m,8.89
3lea,9.1
4mg8,6.48
3n45,3.3
5a1f,4.61
5h6v,6.68
3tne,5.72
4qvm,6.35
1o3i,7.3
5ose,3.17
4anm,7.55
4qz5,5.26
1qvu,4.46
3b5j,5.68
3igg,7.18
5aqq,3.1
1hvl,9.95
6hx8,5.89
4f6x,5.09
6ehh,7.49
2pcp,8.7
4at3,8.4
3f69,6.0
4nh9,6.43
5qae,3.62
3wkc,3.71
3eoc,6.64
2ylo,4.88
4jai,8.4
3vhv,6.29
4lwh,7.57
3zo1,6.0
2qm7,5.89
4k6i,6.2
4tun,5.41
3tsd,3.66
5wdl,6.17
1ghw,4.2
4bi0,4.23
2ea4,7.34
4f49,6.09
4wh7,2.3
4bbf,8.66
5o7e,8.0
6std,8.64
1z6f,4.89
4xkb,6.1
4tt2,4.66
6b4w,8.3
1g3m,10.0
1iih,2.89
4ie0,5.08
4qsx,1.74
5ceh,8.0
5een,8.96
5eqy,8.0
3k26,3.4
2r8q,3.24
5lgu,7.66
6ijh,7.17
6f96,7.72
3k23,8.2
3m3z,5.73
6op9,9.28
1kc7,5.52
2wu7,6.28
4re4,6.87
4xg4,7.67
1y6q,11.7
4hws,9.1
2qrm,4.03
3e2m,9.4
3rw9,5.96
6d8v,5.42
5qim,11.22
4gzf,8.36
5kax,6.11
3qai,8.1
1xow,9.28
4p4d,5.74
3fal,6.78
4k7n,3.48
3nuu,3.77
1pme,9.4
4oef,4.76
3so9,8.56
5f4p,7.33
1p57,4.4
5v7w,7.12
6cyd,8.7
5axq,10.1
3ljj,6.52
4bck,8.4
6nvl,7.95
2fqw,6.68
4bdc,4.93
2q2a,7.41
2vpn,6.72
2j2u,7.33
5u14,5.34
5lub,6.15
3a4o,8.89
4l4z,5.68
2o7e,6.22
5hv0,5.96
2jdt,6.77
2vti,6.18
2y5h,5.79
3mi2,7.77
6cpw,8.25
1owk,7.63
5xyy,5.04
5d6f,4.37
2zy1,7.4
6f94,7.0
2y58,5.5
4tyt,7.7
6e6v,7.77
3o8h,6.24
1pye,6.41
3pwh,8.72
1hti,5.13
1ff1,4.92
3ewj,6.84
5lm6,5.11
4p4i,7.46
2f9b,6.52
5yf1,3.28
5yy6,7.62
6f5h,7.05
4hdp,7.51
6hq3,6.11
5std,10.49
4mmm,3.82
5i13,5.08
4fzj,3.15
5jim,3.99
1e72,3.22
6a1c,8.15
2nmz,8.37
1cps,6.66
2wzz,5.4
1q4k,6.55
5ldp,4.17
5qb3,4.31
6udt,10.0
6gge,5.77
3nw3,6.49
1nvr,8.11
3f3t,4.59
2jf4,8.15
5tzw,6.01
1hps,9.22
2y9g,3.77
3nus,3.51
4mp7,5.74
4hco,4.32
4p02,6.4
4yzn,4.81
1nhv,5.66
3zs1,6.4
2f8g,8.7
1tpz,6.19
6im6,4.68
4rwk,7.19
5tbe,8.97
1oth,7.0
4y4g,2.0
3g3d,4.74
5xyx,4.84
3d3p,8.5
1s89,5.24
3ldq,5.36
4d2w,4.51
5alk,6.6
4eo4,6.35
3nm6,1.35
5i8b,6.96
5nhl,9.52
6o9b,6.4
5e1s,7.92
5c4s,8.42
3eq9,7.39
3dpe,7.24
3nk8,3.0
3o9f,12.7
2r7b,7.22
4qz4,5.01
2fm5,7.37
5ad1,7.24
6few,5.85
1rr6,10.25
3a1d,4.12
1jrs,6.4
2clf,3.55
5n4t,5.97
1b8o,10.64
4mcc,6.25
2p8n,3.15
6i0b,8.04
6e4c,9.92
5za1,7.52
4uuh,7.77
2y6d,7.1
5c29,6.06
1f0q,6.0
2c3i,7.6
6f8u,6.1
5i2e,6.64
4gqp,9.6
4fcf,8.62
4o0x,7.17
5jxn,6.41
3uyt,7.85
2h9n,3.94
4wzv,9.37
6udx,8.0
4wcf,4.28
2uzl,6.21
1sdt,9.27
3t3e,5.99
5ih9,8.7
2gmv,6.2
1uho,9.22
5uv1,5.62
6dcy,5.46
4qw7,6.28
4yzm,5.27
6sge,7.51
3arq,6.4
3ot8,8.05
1g50,6.28
6afg,4.86
1il9,3.4
5zyk,6.74
4x3e,5.47
4ad3,4.62
4eqj,5.6
5h7h,3.77
1ws5,3.03
2yln,7.68
2xwy,5.22
1a69,5.3
4b4m,6.69
3f5j,4.28
4bcm,6.91
6p89,5.01
3pty,5.44
5cw8,7.22
6msa,7.08
4q4q,5.79
2fes,9.01
6isd,8.24
6bw2,7.68
5y24,8.34
4xit,7.27
4zh2,5.0
3c6w,5.62
5l30,9.14
6c0t,7.37
3l81,4.53
4nh7,8.4
3tiz,3.82
2lko,5.67
3kgp,2.57
2a0c,7.3
5t7s,4.1
6hjj,5.77
4i5m,8.06
1rt1,8.1
4ran,7.15
2esm,6.28
5fdr,9.44
2ha6,4.32
1mj7,8.35
4gvu,7.52
3mg6,7.89
4k3h,6.85
5llm,5.35
6dim,2.14
5c8n,7.55
2ea2,7.8
4z3v,8.4
4m5r,3.0
4yk5,7.64
5d3x,6.36
5ndd,6.46
4pul,6.84
4qrc,6.34
3fi2,7.6
5n21,5.96
3t09,3.8
6fuh,3.77
3f7z,7.19
3opr,6.59
3atv,5.34
3cfn,5.0
4ch8,5.99
6rpg,8.52
6qfq,7.1
2a2x,7.69
4gfd,9.48
5osd,3.21
5jgq,4.62
6fhu,2.64
3gpj,5.11
3mz6,7.2
4asj,7.55
2p8o,4.85
5ap5,7.97
3vf8,6.82
3u2k,7.52
4ymx,7.1
2qa8,6.0
4knb,7.33
3nee,5.34
4x6x,8.64
6mmq,3.62
2kdh,2.96
5owf,5.8
1ujj,6.1
2i4u,11.57
4bda,5.57
2e94,8.0
1iem,7.7
4b0g,7.82
2zcs,8.22
3wpn,4.36
1w14,8.52
4fxq,5.77
1uou,7.7
3nw5,5.08
4lh7,4.47
2gyi,7.0
4drp,5.41
3kb3,6.82
6cwn,6.65
3ttp,9.12
2wi6,6.64
6i96,6.68
3pxf,4.43
2l8r,3.92
4p7s,7.42
6dtx,8.35
3ms2,3.72
4ijp,7.8
5tpg,7.85
3znr,7.44
5e7r,7.6
4hkn,5.96
5f6d,2.52
4urw,2.8
4qvn,5.1
5o8t,7.13
5nat,4.7
6qqu,5.3
5qau,4.15
3pix,7.0
3ekq,6.75
2rk8,3.64
3oev,8.13
1zgi,5.34
4zum,6.57
5l2s,7.08
3vi7,7.39
3p23,4.42
3hdn,7.2
2x52,4.24
2vvo,2.2
4xwk,4.63
3p9m,5.0
1vja,7.7
3eeb,5.89
2oc4,7.07
1e4h,8.41
6f4n,5.22
5org,8.4
4hlh,5.96
1hbv,6.37
1a94,7.85
6dki,8.64
1r1h,8.92
2x95,4.95
6bsm,6.8
5ypp,4.64
4y5h,7.82
4ehm,5.85
6ft7,5.0
6hv5,6.49
5ytu,4.92
3g30,2.51
6e4u,7.87
4fnn,7.57
5t78,7.37
3vfb,9.04
2z4w,6.01
3g86,8.3
6n83,6.27
2rc8,6.52
6bt6,5.91
1ii5,6.62
4rwj,8.7
5afl,3.4
1rql,2.75
1dqx,11.05
4cwp,6.77
5yu9,6.74
3iue,5.82
5fyx,4.16
3miy,7.68
4okg,9.32
6t1i,5.26
3faa,8.15
5jsj,5.4
3tv6,8.32
2xg9,4.15
4i9u,3.86
2idw,8.89
4o6e,9.0
1ypg,8.0
5mks,4.77
6gg8,9.1
1h07,5.52
3ck7,4.05
1juq,4.25
1xk9,6.85
5lrg,8.82
3ex2,3.7
1dar,4.96
2bmg,7.74
1x07,3.28
4hki,6.85
5vd2,7.1
2vk6,5.3
1yon,4.21
2w0p,6.52
3n5h,5.7
3o7u,7.28
4jik,7.74
3f3w,7.47
1mmq,7.52
4ms0,3.39
1dm2,7.15
5x4p,5.03
2uw5,7.51
6h9x,9.74
3blr,8.19
5ho7,4.77
2h2h,4.98
4qz1,5.44
3rlb,9.92
6itp,4.65
2ow2,8.22
1q3w,8.4
5zw6,8.0
5tw5,7.42
3amb,6.18
5mby,3.51
4c1t,7.15
6nzp,9.7
5cs3,2.15
6mrg,7.55
6q7a,8.3
5d6p,5.6
2e9a,6.04
3tfn,6.57
4ivd,9.52
5em9,5.57
3rx7,6.03
3otq,7.39
4dea,6.59
3l4z,6.72
6acb,9.41
4zls,9.09
4y2y,5.05
2yiu,6.89
1m2p,6.11
3w5n,3.87
5ktw,7.52
5qak,3.66
3poz,7.64
4k4e,7.62
5d7r,7.89
2b1p,8.52
4j53,8.7
1ow4,5.68
3psb,8.52
3rpv,7.15
1ssq,6.0
4qxq,5.7
4azb,7.24
6upj,6.32
4azi,7.45
1w11,8.22
6qgk,6.7
2o65,6.19
3k16,5.8
5eh0,7.74
3ard,6.76
3dg8,4.7
5h15,5.8
3jqa,4.46
6jbe,4.7
5n0f,6.05
4ylu,4.0
3rkb,6.42
1bxr,3.4
5jgi,4.3
6ibk,3.29
4at5,7.42
3nc9,6.48
5x4q,7.11
4qwl,6.18
3mvj,5.49
2k2g,8.12
5zyj,7.21
6ami,4.52
1lst,7.85
4u6r,7.85
5mxv,4.92
3c39,3.96
4tlr,8.52
5ho8,5.96
6h7l,8.97
2vj8,8.7
2vf6,8.52
3rxp,2.08
5o1d,4.66
2vtr,5.82
2zcq,8.82
1c5c,6.96
4j45,5.77
4ohk,8.3
1ke3,6.7
5eud,6.82
2vo7,6.77
4e8y,6.09
2w7x,7.62
5hka,6.46
4yhm,9.76
3kd7,3.7
1pxi,4.77
4jfs,5.27
3oxi,5.66
6n3f,6.1
4qls,7.44
5cuq,5.92
1o5e,5.74
2q7y,4.3
3bmy,7.52
5vp1,9.29
4yv2,7.29
3kid,3.18
5lwe,9.96
1bwb,8.42
6dj7,8.72
4jfw,6.34
3fxw,5.96
4x69,7.66
2wpb,2.89
1njj,2.1
1tpw,3.3
6hu1,6.72
4qms,5.13
4awm,5.72
3brn,8.7
5uch,6.01
5w13,7.66
6p85,4.99
2pj9,7.92
2owb,6.36
6nrj,7.44
5vdw,3.7
2qi6,10.57
3ft5,4.82
4otf,8.22
1mcz,3.0
2gkl,5.35
2jc0,4.7
6o6f,7.4
2zhd,6.54
5tq8,7.64
6hm2,7.33
3fu6,3.97
4l7r,5.02
4c1h,4.09
5cnj,6.84
1vkj,4.85
3uzp,7.89
5ey0,2.65
6h4d,7.96
3t70,6.3
5mwo,3.21
3kdd,8.46
4yyl,5.01
1ndy,6.17
1g32,6.11
3dcv,8.52
4jr3,6.66
3s7f,5.43
4cku,6.82
1nd5,8.4
4lbu,6.56
6qwb,6.04
4ys7,9.0
1o32,5.74
4yps,7.12
5kya,8.22
3wnr,6.28
4eh7,3.28
4dhf,7.55
5x27,9.4
5ewh,3.77
5a3w,5.82
6m9l,7.54
5vr8,6.87
6g9b,3.24
5nlk,7.46
2j94,6.27
1uy9,4.82
6fng,7.14
4l34,6.94
2r3p,6.05
6d4v,6.64
4je7,6.4
1qy1,6.52
3c4e,4.0
3f18,7.4
6dar,6.66
1pau,9.46
5vd1,6.0
2liq,5.85
1h5u,6.75
3g1m,6.3
2brh,4.64
6mvu,2.89
4r73,7.64
2h65,8.19
4aba,3.82
5nho,9.52
4dtt,5.54
4abb,4.51
3e62,4.39
5pzm,5.96
6awo,8.7
4lp0,8.0
1fkw,5.05
1oim,5.32
3hb4,9.05
2ozr,9.17
6afa,5.49
3bva,6.52
5izj,11.52
1qvt,4.38
6nsq,8.1
5ldk,4.17
3ikc,7.46
1h08,4.55
4non,5.24
4nld,7.7
4heg,8.92
3fqe,8.3
4w9x,7.4
5v82,10.15
4bi6,3.95
6cn5,7.7
3g45,8.36
4u45,8.0
6fmn,5.95
2xdl,3.1
4ge4,8.11
5iza,5.51
4ly9,8.15
4a7c,8.22
1oit,8.52
4fcb,8.54
5l2t,6.19
4cc6,6.64
5vdt,4.68
6gxq,7.1
6b1x,7.4
4l50,6.06
4d1y,7.13
2yi5,7.41
4gs8,7.0
1bl4,8.74
2uw7,7.74
3qxp,7.7
4jc1,4.3
5k0x,8.36
5vqe,1.49
2wd1,7.09
6mg5,4.69
2v2c,3.41
5g4n,4.0
6klk,3.88
4avt,8.06
2gfs,6.15
6o4x,7.4
2y07,6.22
3qpo,6.61
1l5r,4.77
2vpg,5.68
3ccn,6.92
4lar,4.68
2q9n,6.37
3e8r,9.74
3uvo,7.0
3zn1,4.54
5ofu,4.2
5meh,6.32
5ne5,7.41
4o9w,7.16
3ioe,3.27
5uxm,5.44
3hr1,9.43
4m14,6.7
4yk0,3.74
6e7u,6.92
5m25,8.19
5m1z,4.18
6bgz,6.39
4yb7,3.8
4aph,5.4
1ql9,5.35
5vd3,5.55
4qpa,7.43
5mwa,6.82
6df1,6.56
5x26,8.3
3lp1,6.92
6nzv,10.17
5jfr,8.3
2w0x,3.2
4fk7,5.24
1e55,4.12
1kui,3.77
3art,4.43
1vea,7.52
4gk2,8.8
5eob,9.62
6e3p,8.7
4unr,8.7
3jya,6.89
1okx,6.8
1upf,4.6
2wa3,3.0
1nc1,6.12
5qik,7.66
4qsv,2.0
2ooz,5.15
4mro,7.06
1svg,8.7
5fom,5.01
6cbh,6.29
5uit,8.34
6b1k,6.67
4q9s,3.81
2j78,6.42
4an9,7.36
4jyt,7.4
1nms,6.7
4uns,6.7
2rok,4.35
3hll,8.24
3b8q,9.3
1zpc,6.6
3nik,3.45
5ia3,7.34
4n6z,7.8
2w26,9.4
3n7h,4.5
5ows,8.0
4dvi,6.72
5kpm,7.82
4fob,8.3
3ess,6.39
2b1g,6.64
5nu1,9.0
2qlb,5.89
1zzl,8.3
4yzu,5.05
3hvc,6.22
6chh,5.57
2wj1,8.72
1add,6.74
1uu9,5.4
4rxe,6.64
3tdh,4.26
5iha,8.05
4kow,4.31
6mu3,6.15
1v2s,4.17
1kll,5.2
6nco,4.52
4yht,9.22
2y0j,7.92
4h85,5.15
6afi,6.2
1li2,4.04
3ttn,7.84
3sdg,5.55
5ivs,8.21
2x00,11.33
6o57,6.29
6n78,9.68
3mv5,6.74
3qw8,5.1
6i61,6.24
4mx5,4.55
5v8o,3.77
4q1b,8.72
1nok,3.15
6ssy,3.19
1nu1,7.19
1amw,4.54
3ozg,9.19
5mm9,6.42
3sxu,5.05
6e3o,8.7
2oxx,6.7
3h59,7.89
5zqo,7.71
4i7l,3.99
4iif,5.18
3psl,6.89
3q7q,5.65
5jf8,5.85
3rv6,4.68
2ywp,8.15
2am4,3.72
3o86,7.15
6oe3,8.32
1uv5,8.3
5g2g,6.05
6poq,2.57
6hhr,7.01
1yvm,6.4
2zg1,2.1
5ukl,6.2
3wk9,4.15
6f5u,3.54
1k6c,7.48
3aqt,6.72
1m48,5.09
4i6h,8.3
4ksq,7.31
3owb,7.72
5lvl,5.9
6npv,6.8
3sie,7.88
3wig,8.64
4obp,7.77
4xt2,7.15
3qt6,5.37
6cjj,3.9
5alx,5.48
4wsj,7.33
5yjf,5.74
5epy,7.4
2rku,8.3
2y7w,4.98
3ens,8.05
5tyj,7.46
4rd6,6.28
2oc0,7.82
5w3i,5.8
3eos,8.4
6hm6,5.5
4m8y,9.96
6dq6,5.07
4kin,8.32
4i7f,7.0
6fkp,6.52
5eje,5.6
6cf7,7.91
2pgz,5.74
4yvc,5.96
3aje,5.03
5oyd,2.75
2hb3,11.35
3oyl,6.7
5ai9,6.61
1lol,6.39
3upy,5.62
5y5t,6.68
5dva,3.55
4aoc,4.27
4gkm,5.17
6gnr,5.44
2z1w,4.08
6ax1,9.42
5okt,6.03
6jap,4.8
4ql8,9.15
5np8,4.62
3ipe,6.82
6oy1,10.24
5c91,3.61
6f7q,8.96
5d29,7.01
4bqg,6.22
5ahu,6.78
2wj2,8.33
1v2o,4.73
6i8t,5.75
1oai,5.0
3f6h,4.72
2xm9,8.05
4cqe,8.43
3g2u,5.27
2xib,7.26
5a5z,4.08
5w84,6.44
5gmj,5.08
3be9,7.62
2rg6,8.66
4w7p,7.49
1ung,6.8
3wff,6.18
5lcf,4.75
1egh,5.7
2ewp,7.1
2brg,5.21
3bv3,9.34
5wij,6.31
4btl,5.6
3vo3,8.85
3hav,3.77
5tbm,7.31
1utj,3.84
2vvu,8.1
4tkf,6.55
4rlp,8.14
3pkc,6.02
4ybk,7.82
2cn0,7.66
5zhn,8.8
2q55,8.69
3qto,4.13
6dq4,4.92
4n8q,3.42
5qad,3.77
5akw,6.39
5a5v,7.48
3rxk,2.68
3i3d,1.99
4bqt,5.79
5j6l,7.89
1imx,3.52
1lor,11.06
2qci,8.34
6bmi,5.05
2yz3,6.66
4eyr,6.63
6p5v,6.7
5l2i,7.4
5lpm,5.56
4x2s,6.55
5b5p,9.7
3jq7,5.92
5wbp,4.36
6ma1,8.1
4ndu,2.74
4w9s,6.82
4hlk,5.96
3f48,6.29
2v95,8.3
5tbp,5.18
1kdw,5.54
4ozo,3.83
5k76,8.3
1w0z,7.68
2mji,4.25
4bt4,3.34
4b80,4.4
2i0j,8.57
4f3h,6.38
5q0f,9.89
4ybj,9.28
3g32,3.71
5ali,7.07
3ebl,6.3
5mwg,5.77
5wae,6.8
3ioi,6.28
4yz5,2.83
4olc,6.19
1pr5,3.92
1bdl,5.85
3gwv,2.6
3cn0,5.51
5wcl,4.52
6cvf,6.35
4tk4,5.1
4x1f,7.97
2p59,7.3
2cem,7.92
4old,2.7
3qs5,4.71
1zgb,8.06
4pv0,9.07
4e5h,6.37
3mi3,5.45
1nq7,6.8
2uue,6.13
4d63,1.64
5uzj,6.78
5qb1,4.7
4rpo,7.64
5kh3,4.22
4hxw,8.7
3jdw,3.6
1k9r,3.3
3n5j,5.22
5d1w,5.12
5oq5,7.7
6ckx,7.89
6g4m,6.6
6bqd,6.39
5xkm,7.62
4x8s,1.89
2f10,3.48
1ndv,5.92
6i5y,8.54
4c7t,6.4
3cj5,6.34
4mue,6.7
5ujo,4.36
2p98,6.19
5x5g,5.83
5izc,3.95
1f40,6.0
3t2q,3.66
5b5o,5.72
3hxd,5.05
2z78,6.12
2rfh,6.82
5o4t,3.4
4ysl,5.8
3kqd,9.4
2j4k,4.85
5tyr,9.59
1x8b,7.01
2vwz,6.1
3t0d,2.37
5u94,7.19
4bo7,7.0
3t4p,5.19
5i89,7.48
5u5k,4.02
2zpk,7.76
2rc9,7.4
6czb,4.33
4nzb,4.17
1ax0,3.13
3obx,3.89
5ufc,5.16
5v88,7.55
4amy,10.82
6m8y,6.38
5aph,7.22
3ihz,6.8
5ew3,8.92
1uom,7.72
4pd7,3.92
1v48,7.8
5d7x,4.82
3mrx,3.39
5vp0,9.21
5lca,4.48
3cyz,7.22
2byh,6.59
4jck,2.37
5ot8,4.2
6do4,7.68
5aan,4.15
4d8z,6.29
3t2c,4.6
1zz2,5.22
4e5j,4.73
4uvx,7.96
6h5x,10.82
3srv,7.5
5moe,3.28
6hhg,7.76
1sr7,10.1
4re2,4.98
1nc6,8.0
5n3y,5.03
4emf,7.08
6j72,6.13
5k4z,6.15
3kjn,5.19
3w9k,6.32
2fl2,8.7
4cp7,8.11
1mjj,8.74
5obr,5.36
4msu,5.85
1o2s,5.47
5ap1,7.97
4ocx,11.44
3krx,7.38
3e3b,7.96
5ntk,8.01
5a09,8.46
4cga,6.4
2yiq,7.9
2bfr,5.25
2yiv,2.78
5jsq,4.67
1csi,8.8
4csy,3.06
3ry8,3.34
5w88,4.52
4ibm,5.74
1sbr,5.0
2oax,8.65
5ei8,8.1
4bqy,5.96
4c4e,7.6
4a4o,8.05
6fex,7.54
6lpr,7.3
2oj9,6.41
6p5o,4.54
2j7e,7.32
4mk2,6.14
6ift,4.68
966c,7.64
1g9b,5.3
2vgo,6.3
4v04,8.11
3ika,7.85
4rn2,5.82
1lev,5.6
5alc,8.13
4qfo,4.27
1lq2,8.77
6guf,6.65
4q1w,11.7
1w1y,2.62
4e8w,6.09
2qi1,7.3
4owo,4.47
3a9i,4.15
4f65,8.6
2qrg,5.18
6n5g,7.0
5oa2,5.01
1dbb,9.0
1utz,5.85
4umt,6.14
5lgt,6.51
3nzx,5.17
1y3y,5.64
4ayr,7.0
6cyh,3.15
5tks,7.17
4y6r,5.48
5km9,4.25
5j6m,8.57
5z1e,8.3
2wi3,3.46
2h5j,7.91
5vb5,6.46
3me9,6.3
5ut6,4.24
5u4b,5.74
4b84,4.66
2bb7,5.67
1d3d,9.09
6kjd,5.05
1a30,4.3
3d67,4.96
3wfg,6.92
4pp9,7.37
2pwr,6.59
3l0e,8.0
5u00,8.7
2xej,8.87
2x39,8.66
3l5r,7.42
4kn1,6.84
4njd,4.84
2c6c,7.52
5mhq,6.96
4tjy,6.44
3qw5,6.45
5g45,3.3
4y62,2.95
1bap,6.85
5m17,3.66
3k3b,6.7
4qsu,2.0
4a50,7.91
2wtd,6.68
2wnl,6.0
5yp6,4.6
5g4o,4.43
5y62,1.74
1ciz,7.44
5ak4,4.23
2imb,4.22
2a2g,7.0
6eks,3.84
6h4z,7.64
1zd5,4.87
1pbk,9.05
4ynb,10.37
5nk6,6.8
2e91,6.59
3et7,7.77
5tkb,7.89
2zu5,7.0
4ymh,6.46
3uo6,7.82
2oz5,6.48
5wxp,3.35
5e2v,6.08
3c6u,8.87
1pun,7.28
6knh,3.55
5mn1,2.48
6cze,4.03
5dia,10.46
5wg3,8.1
5abp,6.64
3w2r,7.72
4g0z,2.21
1p06,6.27
6m9t,7.7
3atk,2.85
3pma,5.4
1a99,5.7
3zmv,4.26
3hzv,6.52
3p3t,7.24
1lqd,8.05
6qat,7.33
5l4j,4.28
4py1,7.19
6bto,5.0
3ump,2.99
4hy1,8.7
2vhj,3.9
3nc4,4.58
6qgj,9.0
2fv5,11.7
6ey8,5.81
1al8,5.32
1r5g,7.52
4lm5,6.82
3rtp,8.15
2qpq,6.37
4m3d,5.41
4kn2,7.27
5m5d,3.95
3tll,4.39
2v0c,5.68
2nxd,5.66
1bxq,7.38
4ih3,4.82
5u5h,5.89
4feq,5.96
4mbl,8.54
5ygi,7.05
6e7s,7.18
3gur,8.0
4prj,7.14
4zy6,8.3
3ekw,7.96
1m13,7.57
6b16,7.49
5bue,8.52
3rxa,2.85
3fyj,8.3
5uwf,7.23
5g43,3.7
4o6w,8.52
5op2,6.62
3ivx,5.74
5v5y,7.87
4jn2,11.68
3fdn,7.48
3nij,4.89
6ncp,5.74
4lph,5.04
1d6v,6.17
4yrd,4.57
1h46,3.57
5jvi,6.51
2vcx,7.68
3aru,3.22
3nu9,9.05
2nnp,8.37
2ql5,8.1
3bys,9.3
6sdc,8.9
3vzg,1.72
2pwc,6.57
6o1g,9.0
4nh8,8.52
2xdm,7.49
3evd,6.91
5u7l,6.37
1pmv,6.82
5k13,8.74
1o2z,6.11
5btr,5.14
4bdi,3.64
4pop,8.13
4wyy,6.0
5nkd,7.59
6mnc,5.8
5mja,6.66
5wa9,6.76
3s1g,5.19
3wns,5.96
5mqx,5.41
3q1x,5.33
3r6g,7.6
1fki,7.0
1i1e,5.03
4u93,7.89
1c5y,4.2
5z7j,6.6
6ovc,6.52
5vm0,8.8
4ih7,5.24
1pxk,5.66
1exw,3.9
5mos,3.79
2b4l,4.77
1ocn,6.39
1epo,7.96
3d0e,8.4
2x4s,4.2
2xf0,4.52
3ogm,7.32
5ehg,3.43
1dis,11.0
3d7h,10.22
4ui3,6.88
6hgx,7.11
3zln,8.47
5dyw,8.31
4c1g,5.14
5mxf,3.59
2g00,9.74
1xoq,9.17
5yfs,4.86
4i74,6.72
6awp,7.16
5op6,4.68
2wmv,5.04
4x8g,6.0
4m5u,7.96
6ggd,5.59
5gjg,6.21
1j36,7.74
4i5h,8.7
1utl,2.47
5ia1,6.28
5ghv,7.92
1xug,7.05
3rxh,1.8
5jgd,7.96
5vi6,8.52
4n5g,5.0
1c5t,4.1
1c4y,7.92
4y2t,3.82
4uvv,7.49
2q89,6.3
3kze,3.95
1rm8,9.0
5f2r,4.28
5vc6,7.87
3tnh,6.46
1c70,10.3
5mmg,6.01
3rlp,7.08
5c85,3.98
2aig,5.0
5prc,4.89
6imr,5.37
5ep7,5.4
5mwp,7.5
4r74,8.1
4aac,8.17
1yw2,6.85
6i65,6.41
5uvc,8.21
1nt1,8.89
6eo8,7.0
5hjb,5.68
4k1b,11.52
6ufo,4.46
3uf9,2.11
2a29,2.85
6ocq,6.7
4dwb,5.74
4b81,4.92
3u4u,8.52
5l9l,7.1
1lag,6.3
1mfa,5.04
5bwc,7.21
1b4d,4.81
3zzh,3.36
6hd4,8.64
6poh,2.71
3kjq,5.88
5y61,1.72
5ngf,5.11
4kxm,5.59
2ie4,10.0
4kwo,6.45
2pog,9.54
6kla,7.25
4ngs,8.12
223l,3.4
4rvk,7.87
2zq2,6.56
5i2r,7.72
4u0g,5.29
6n7y,5.11
3mss,4.66
4hhy,8.72
2qic,5.48
3veh,4.96
3fnm,4.71
5qav,4.15
1y2e,6.8
5hn7,3.92
4oq6,5.48
6ow7,9.0
4e5g,4.67
4qw3,6.61
1ryf,8.8
5ant,6.36
1x38,8.77
1gi8,5.05
5nhf,9.49
1pzp,3.31
4eox,9.55
1u6q,5.88
5os7,3.69
3e63,5.8
1nf8,7.82
5hvs,7.15
4fxz,7.03
4wnk,6.42
1n46,10.52
6qlt,4.04
2j79,5.96
4avg,7.22
6mzw,8.41
1p4r,8.1
5t8q,4.16
4phw,10.0
3mxs,5.01
5j7p,7.28
6g0v,3.78
2gg7,5.76
4hev,6.34
6af9,5.49
5wqa,7.96
3bqc,5.73
1w10,7.55
2r1x,4.8
3k99,7.22
3hec,4.47
2x6x,3.68
6r4s,6.39
3el7,6.32
1utn,3.49
4ts1,4.94
5a5q,4.68
5ovh,6.55
6nrf,7.74
1ec2,10.0
3rg2,4.2
1igj,10.0
2h1h,4.52
3eql,5.3
4bcf,8.15
5cgd,9.3
2y6c,5.0
4crc,8.72
6f6s,2.89
6afe,5.36
5jv0,5.96
4zb6,6.28
4dpu,7.3
6g14,5.49
5nut,7.92
4oc0,6.5
3kme,6.14
4cpu,7.53
3h5u,8.52
2o9a,3.81
4p4s,4.94
4mz6,5.02
2d3z,6.64
5knu,5.55
5ho6,6.69
1qm5,5.82
3fu5,4.12
1ilh,7.39
6aqo,6.11
4wko,9.47
1pk0,7.57
5aad,6.67
2a14,5.7
5khx,7.85
1b0f,7.7
1pxo,8.7
3ekr,7.52
4pax,6.4
5mz3,6.66
6e7v,6.48
5u4a,6.36
1obx,5.72
3s3n,7.06
3qaa,11.54
4wnp,8.1
5n7v,8.77
1qaw,5.12
5bqs,5.64
4jzi,7.4
3bv9,5.36
3rl3,7.17
2woa,5.94
4jff,9.22
5kr1,9.49
5ohj,10.42
6gdg,8.74
2cfg,7.44
6apt,6.05
4zlz,7.0
4b9z,4.09
5jid,3.76
4pml,4.52
4ark,7.2
2i0v,6.8
3skc,8.8
6mmc,3.61
1h7a,4.72
4hvs,7.8
6ggg,9.2
2vuk,3.9
2wo8,6.28
6afc,6.03
3t1a,8.37
3hv3,6.33
2ql9,9.03
4r1v,9.0
5nmg,5.75
4qz2,5.21
2wer,7.05
3qtz,7.3
3ati,3.73
1o2k,6.92
1a8i,5.52
5emb,5.2
3th8,6.25
1rti,4.77
2ya6,5.7
4ngt,8.41
6e99,6.0
5in9,6.36
4eyj,6.21
3d04,6.05
2wl5,4.52
3efk,7.85
3fee,6.64
1uw6,7.34
1xa5,6.5
2clx,4.88
2lpr,8.89
6qm7,6.8
5cc2,4.1
6oiq,6.57
3rey,8.0
4k0o,3.0
4yog,5.74
1y6b,7.42
5lgn,5.54
3b7r,7.7
6cdc,5.6
2a4g,7.18
1k1m,7.4
6qw9,6.64
5jiq,5.4
1x8j,6.96
2nv7,8.3
5ung,9.47
4g3f,8.36
5jq9,4.65
2oaz,8.7
4hfp,7.38
5tcj,7.38
3qqk,4.82
2e2p,4.74
2ax6,7.57
6gin,7.49
5lh4,6.96
4e3j,8.92
1ekb,6.0
6ftw,6.49
3qu0,7.7
1h8y,7.7
1a5h,6.3
6q8p,7.74
4g3e,8.38
1f73,2.39
6f3d,8.4
4g8r,7.66
4ngn,7.55
184l,4.72
4pl4,5.27
3gs7,5.44
6a3n,8.06
3tay,3.38
5tc0,7.6
1ksn,9.4
5nwb,7.8
4oyp,3.0
5y6e,7.86
3nyd,3.48
6a93,8.16
16pk,5.22
5vrl,7.11
3ibc,4.91
2az9,7.66
5vcx,5.55
5hes,7.54
1g36,7.17
4e9c,5.96
6ht8,6.72
6nfh,7.15
2qi7,10.21
1azl,8.62
5to8,8.51
4i4f,6.19
1tvo,6.85
5exw,6.82
1c1r,7.63
5gut,6.29
5ez0,5.8
1tkt,6.15
4yo8,10.52
4kfq,8.23
5mym,5.41
6mso,5.42
3ixg,7.57
3su5,5.58
5h8x,5.51
2ai8,6.8
2byi,6.34
3d27,4.25
6qlu,4.64
1gvk,3.05
3qw7,5.74
6ob0,4.96
1ad8,6.6
5km0,5.31
4rse,6.4
5j4v,5.85
3uoh,7.89
2qcn,5.0
5vkc,8.74
2ymt,8.0
6nvg,8.07
6n8y,5.38
5adt,5.65
1c3x,3.68
3avz,7.19
6ggv,7.54
1vjb,7.89
2zaz,6.4
5fbo,9.51
3m55,6.21
2jg0,7.82
6imt,6.6
1fkb,9.7
4cwf,4.49
6dkp,7.44
2wou,7.14
3l7d,2.18
2g2r,7.89
6mlf,4.28
1ggd,5.8
4bzr,7.6
6er3,3.24
1bdq,6.34
6am8,4.89
1br5,2.7
3iog,5.52
1q4x,9.48
6qs5,6.24
5vew,5.15
6da4,6.34
3lc3,5.23
6sfj,7.74
4kw6,3.43
1b8y,7.85
4acg,9.66
5ugc,7.89
2cbv,5.48
3zps,8.3
1enu,5.08
2a4m,4.52
4xcu,8.22
1w2h,5.0
2ihq,8.49
4exs,4.41
5hcv,8.7
6f23,8.3
5j64,6.85
2vc7,3.36
5izl,5.73
6orr,9.3
2i0d,12.1
3i5z,8.7
5toe,5.6
4w53,3.99
5e8a,7.47
2oc1,5.37
6f6i,3.19
6qxd,6.02
1uk0,8.1
4m3q,7.77
4rxa,5.74
5c8k,7.7
1w7h,3.0
5aqf,3.78
5op4,6.71
6ixd,9.8
4k5y,8.17
3g34,2.96
3c1k,9.44
5ayt,6.77
4j28,5.7
1fzq,7.62
5n4s,7.26
3wab,7.47
3mxe,10.01
1czl,9.15
3mz3,7.83
4gsc,5.85
2pj2,7.92
2psu,7.62
6aaj,8.3
5vc5,7.96
4qp2,3.03
1tvr,7.48
2x4z,8.57
4l02,7.7
1zea,5.22
4aj4,3.89
5cvd,6.41
6iae,4.7
3rf5,5.63
3zlw,3.7
6fqo,6.85
3mg4,9.3
1v1k,4.46
3szm,6.4
6nfg,4.11
2cc7,8.01
5h5f,4.43
3b1t,5.66
4od0,9.04
1l6y,3.66
6bau,4.51
2e2r,8.26
6i8y,6.74
1dqn,8.0
3aav,6.62
2glm,5.37
3tv7,7.52
3lzu,10.06
4kip,8.15
4bnx,7.7
3nex,6.0
6fhk,7.51
1g3b,5.74
1rhu,8.52
3e5a,8.23
5dhg,9.14
5xst,7.57
6ayr,8.39
1uu8,5.05
5mwz,5.15
2bbb,8.62
6g37,7.37
5vqu,5.11
2az8,8.22
3drg,7.0
3utu,10.92
6dpx,5.89
3ubx,7.6
2ou7,3.81
4z8d,5.22
3zjc,5.05
3uwo,6.36
1tcx,6.95
3n2v,7.51
2g6q,5.82
5cks,5.51
2xbj,8.52
3drr,9.4
4wlb,6.74
5ak2,8.41
3iqg,4.6
4lvt,10.36
4bdb,4.07
2ica,7.7
5tg5,4.01
2jkk,8.2
1fq4,6.4
4hlf,6.06
1std,10.33
4c5w,5.48
4zs2,5.49
1w6r,6.15
3ud7,4.74
5nka,5.46
1laf,7.85
5ih6,5.6
4baq,9.01
3ms4,3.28
3tam,8.43
2bts,7.7
4ach,7.66
3djk,10.59
6ajg,5.78
4zx8,7.1
4rx8,7.46
1vyw,7.43
1s4d,6.49
4e5f,4.82
1gny,4.14
5qai,3.82
4hlc,6.76
1k21,8.38
6mj4,7.72
4pte,7.13
3vd7,4.48
2w1g,8.52
6ee2,6.71
5w10,6.62
5odx,6.71
3uri,9.0
4whl,6.4
3r7n,6.15
1ysg,3.52
5ejl,6.62
1tl7,7.92
4drm,5.24
2gv6,7.34
3twd,7.74
2h42,8.62
2qn3,5.36
5orh,4.39
2vfz,3.61
3ij1,4.7
6ety,8.05
5fto,8.21
3pka,6.27
6g4z,9.77
5hgc,8.66
5aku,6.82
2ykj,6.21
3qio,6.84
2rjs,2.28
1zoh,7.0
6qw8,6.4
5qam,4.0
4qkd,4.09
5ais,6.24
3l2y,4.49
2c69,4.59
2uzb,6.92
4e4l,8.77
5x74,8.64
4c36,7.7
3qi4,3.93
1rs2,4.3
5mqt,5.7
3zhz,7.05
3twp,3.92
2p7z,6.58
2aie,5.66
4fyh,4.85
3u78,5.6
1elc,6.66
5epr,4.04
6g35,7.76
1qbr,10.57
3idp,8.8
1ngw,7.68
4d9p,3.84
2ow3,8.52
5n1x,3.16
1o2o,6.36
4hej,4.62
3c2f,2.0
6iik,4.91
3is9,6.42
6m95,6.85
5ee8,6.89
2zda,8.4
3b2t,5.21
6ps6,9.7
6j5l,8.8
5ut4,4.38
2qfo,4.7
4abu,6.28
5mme,5.85
5etb,4.54
4ztl,5.92
6o8i,10.0
5fsc,2.36
4wey,3.5
6b30,7.22
2qbw,7.25
4g5y,2.77
5wf5,7.65
4ivb,8.72
5ucj,6.36
1pa9,4.6
4pp3,7.82
1ykr,6.25
5xp7,4.42
2r2w,4.47
4aa0,7.46
4uj2,7.1
6n9h,4.26
4i1r,4.65
1pmn,8.15
5uir,7.14
4bo4,6.89
2z4y,6.15
3jpx,3.63
4y94,6.62
1wbn,6.46
2w1i,8.92
2gvz,6.89
6aps,6.66
1pi4,7.43
3mv0,3.85
5n8v,6.68
6g46,3.73
5ml5,8.0
5ipc,4.89
4k0y,7.82
2rin,4.0
6qge,5.68
4kil,6.3
1dud,4.82
4avs,3.49
4l6q,6.27
2jew,6.69
4re3,8.57
1oiy,7.19
4yje,4.84
1czo,4.55
5ke0,9.7
3re4,7.4
6u5y,7.16
4dgg,6.1
2r3n,7.15
4nbl,6.33
5fxr,7.42
2qd6,8.68
5tvn,9.04
1yhm,3.83
1apb,5.82
1uze,8.9
1jk7,8.52
3g4f,4.52
4clj,9.15
3g4l,8.24
3gy4,5.1
3lce,3.81
6uyz,5.36
2qpu,3.6
2y5l,6.48
4pp7,7.96
5ldo,3.75
5jf3,7.42
1s64,8.4
5u9i,7.31
3ljo,6.62
5b6g,7.44
3wd9,8.08
5d6q,5.24
4qtc,6.4
5nwz,9.1
1o3l,6.54
5y5u,7.75
3g42,6.85
5auy,5.8
3fhb,5.7
6d4r,5.96
5jf1,7.19
6cvv,4.12
4xu3,9.5
6nyv,6.51
6ny0,5.4
3qti,7.85
2xbx,7.82
5hx8,10.0
5wxg,3.86
3uil,6.0
4ea1,6.44
3qs8,4.74
4qn9,4.41
5xag,5.46
4ui8,7.6
3ckb,2.98
1elb,7.15
6pu3,5.23
3lxg,8.14
3llm,4.74
6g9a,7.68
5hu9,7.62
1ql7,5.0
3pz2,6.14
3s9y,6.44
3kgt,5.51
6en6,7.94
6m8c,5.66
5kr0,9.15
4a9t,7.15
4qvx,11.0
2yol,6.89
6gw1,5.14
4idt,7.0
5yc8,8.19
6n0p,8.89
2qe2,7.77
5azg,5.54
6gn1,8.0
3t2t,2.4
5z9e,3.48
3ip8,2.28
2p95,9.37
6d4w,5.25
6e3m,8.64
4i0t,7.59
4rpn,6.96
6qav,8.31
3iqh,4.59
4rsp,5.44
4rg0,7.3
1maw,1.1
5n2z,5.31
5izm,5.92
2z4z,5.73
2br6,2.96
2x91,6.74
1b42,4.01
2qtn,3.42
4jjq,5.03
3iub,4.54
6cw4,2.82
4p73,7.66
5o1h,4.85
1u32,7.01
1dzj,5.89
6bjo,6.29
1uyc,4.39
2w68,4.74
5lwn,7.77
5nt4,7.77
4iie,2.34
6h9b,5.7
1odj,4.1
6p86,4.7
4l51,3.0
4nks,7.17
6qzh,8.52
4z7f,7.53
2qq7,5.24
6iin,6.08
6n7a,8.37
6pg9,4.92
5twz,7.87
5wle,5.72
8hvp,9.0
4i47,6.92
4k2g,7.7
4uja,9.05
6jjn,4.11
3dp9,9.68
3r88,4.82
5owl,5.92
4nhy,5.64
2cet,8.02
1s26,3.07
5ap2,8.48
3haw,6.0
3snc,4.39
2c3l,5.07
5n2t,5.08
1zpb,6.07
4fc0,7.16
5ct2,2.92
2ivu,6.43
5fcw,6.52
2pcu,3.04
3bgb,6.05
4cwo,5.21
3moh,2.84
4m7j,6.11
6sfk,7.15
3m35,7.22
3zmu,4.3
6buv,4.74
6esm,5.53
5vo1,8.15
3nuy,3.46
4tww,4.2
3su0,6.79
2qrp,6.2
1aaq,8.4
6afd,5.43
1k4h,5.11
1ork,8.81
4zud,8.16
5cdh,5.37
5tca,7.72
4ase,11.0
1xp9,8.89
5vqt,5.74
5aom,2.9
4r6v,7.45
4abh,4.15
6el5,6.88
2hai,6.28
3dp1,5.0
4r3c,7.0
6ggb,5.39
4x3r,11.07
4lkl,6.09
1ktt,5.82
6bqj,6.0
3vbx,4.77
5h19,6.49
5hln,11.52
5kew,6.5
6o3y,4.42
3zlx,3.8
4yvz,5.52
5yve,6.48
4hyf,7.6
6n69,4.3
2ym6,6.06
4heu,10.01
2btr,7.02
3blu,3.46
3q2m,3.8
2xx4,7.1
4kzl,6.15
4q9o,5.77
6mju,7.56
6s90,7.89
4b6c,6.16
2flh,3.97
5fdo,6.44
5lx6,5.72
3hpt,8.19
3kqe,8.09
5moq,4.68
4de1,5.96
5xyz,8.1
6fjm,6.24
3kqr,4.43
5d9k,8.4
5x73,6.74
4d1s,7.66
6cec,4.35
2prj,4.49
6g1u,5.61
1dmt,8.7
1mtr,8.4
6mqc,8.28
1p10,6.7
5azf,4.44
3iop,7.77
2ydi,6.82
5jaz,6.55
1mwt,1.88
4z2j,6.43
5ai6,4.4
3h0y,8.22
5q0h,7.92
2x3t,6.05
4arb,5.89
4us4,5.32
3oj8,8.36
5aqz,5.48
4i6f,8.3
1tom,8.3
4i6b,5.93
4tln,3.72
4xyc,7.51
3nok,4.19
3dog,7.4
1rhq,7.75
5o1i,5.4
5eqq,8.17
3imc,2.96
1qpb,1.36
6ib2,8.0
2hdu,2.3
5orr,3.77
6ggf,5.39
5dtk,4.3
4dbm,7.62
6mlw,3.74
5aa8,8.07
3emg,8.05
5boy,5.6
1qfs,9.48
1tmb,6.74
4in9,4.97
4j03,7.59
4em7,5.11
4kjv,7.74
4bqw,7.48
3ay9,8.34
1b6p,8.52
4xu2,9.23
3sio,8.0
1uyd,3.7
5ops,5.06
1ke7,8.05
2r3w,6.89
4qzw,5.15
2jdh,6.51
7std,10.72
3umo,3.89
3r00,5.07
4ydn,8.64
5bry,11.82
1d8m,8.51
4mc9,9.44
2glp,5.01
4ca6,6.74
1fbm,6.22
5t8j,9.0
1mmr,5.4
4q1a,9.3
4hct,7.14
5ur1,8.97
2x09,3.76
6gu7,5.81
6h4a,7.38
4mul,6.21
2pk5,10.7
3tlh,8.82
2jjb,7.92
4p90,7.19
1v2p,4.73
2o5d,5.15
4ie4,5.48
3qrj,8.4
4mxc,8.17
6ohu,6.78
1yvf,7.0
2ydm,7.44
5ndf,5.85
2b55,7.02
5tcy,7.66
1tcw,6.02
4d8i,6.69
2in6,7.64
5oa6,5.51
1k6p,7.36
4xv2,8.27
6aah,8.41
2wzx,6.0
4uhg,6.27
4ez5,6.52
3r9h,4.0
5o3q,5.68
1o3b,7.13
4fl1,3.28
5fxq,7.85
5es1,8.34
2fix,6.24
5nxx,4.77
8a3h,4.06
5n84,7.96
1p17,2.82
4kz3,2.77
1rhk,9.11
2b53,6.22
1g5s,7.32
4deb,6.43
3u51,5.51
4dff,7.46
4rss,8.77
2xj1,7.55
5e8z,5.91
4tim,2.16
5mmp,7.52
2vwx,7.4
4kzq,6.1
6oxy,9.55
3vry,8.11
2g5u,8.49
4o3f,5.56
5vo6,9.05
2oxy,6.52
4el0,4.49
5zaj,7.38
2vmf,5.85
3ndm,7.96
6mx3,5.14
3gvb,2.59
1ody,8.1
4cr5,4.15
5jjm,7.51
4p0b,6.54
3d7d,7.85
6nze,8.89
5ehq,10.48
5aeh,7.43
5uga,6.79
2zfs,6.54
3vgc,5.51
5wef,6.44
4cxx,5.68
3heg,6.74
5c11,6.47
3arv,5.64
6dxl,5.8
6e4w,6.7
1e6s,3.22
1bqn,6.22
4u44,8.1
6ml9,5.3
5kjn,7.77
6jwa,4.96
6f2n,6.7
3mf5,5.36
2wey,7.12
6ibl,9.31
5fxs,8.05
4m8e,7.89
4iti,6.36
4u0w,3.0
4e3o,6.51
3i02,7.52
5zc5,7.06
5ien,6.52
2y7z,8.7
6fse,4.74
6hs4,5.51
5wzr,7.29
4i9c,5.51
6qmr,7.92
4gu6,7.36
4ckj,4.84
5lsh,3.39
6pve,7.37
4hlm,6.77
4pnk,6.6
5t1t,7.24
4ysi,5.7
1npa,8.7
4jpa,8.48
6ox0,4.85
2etk,6.82
5mpz,4.07
1ecq,3.0
3zcz,6.77
3zdh,7.35
4bbe,8.44
2xcg,8.05
4w4w,7.46
1fq6,7.86
4a4f,2.88
5j47,5.31
2wi4,5.81
1it6,8.39
5lm4,3.88
3p17,4.48
5uff,4.24
2k0g,6.97
5jhk,4.64
5ml8,8.1
1kel,7.28
1j37,8.96
4kb9,11.0
4dlj,5.92
3mg7,7.89
4rj5,7.18
3fbr,4.82
4zy4,7.66
3tvl,4.0
2nw4,8.68
5mwh,5.74
5tmn,8.04
4eoi,6.05
4ui4,7.35
5k5s,2.69
5q0d,9.0
2hny,5.93
3s3i,7.8
4nbn,4.36
6hhj,7.97
4h5c,7.55
2hiw,8.1
6f8t,5.15
3gp0,7.44
5zkb,8.7
6ay5,7.16
5c2e,8.7
1flr,10.0
2q2n,6.48
5wh5,7.19
3hkw,8.64
1swi,3.1
1tnh,3.37
6f22,8.7
6ueg,4.71
3ftv,2.93
5cu2,4.24
4clz,4.37
5c6v,4.8
5mnx,2.48
3k54,9.0
5qcn,8.22
4l31,6.79
4ztn,7.72
5g57,8.4
4kc1,2.91
2gnf,5.22
5i3a,5.05
6bnk,6.99
5orw,3.1
4ypf,2.7
1o35,5.0
2z50,4.95
5iz6,6.64
6bkw,8.3
3gjt,6.77
5tpx,6.55
1u0g,6.15
1hyo,4.07
2flr,6.1
5j1r,4.66
4k3n,7.96
4gmy,7.55
4agc,10.7
3ppm,9.54
5ta6,8.82
5lyw,6.15
1at5,4.19
5ijr,3.2
1uv6,5.12
3g4k,6.54
1v3x,7.62
4awk,6.89
4ucv,2.88
2e93,6.96
6oah,5.82
5xw6,4.91
2wd7,4.97
5jfd,9.54
5e7n,6.09
4cwt,6.75
6j81,6.29
2ylq,4.3
1w7g,5.1
5o9o,4.89
1ke6,8.24
2pmk,5.92
2c6i,4.96
5yhe,6.69
2evc,6.54
1qku,9.59
3kek,8.36
6cdp,8.79
2jdy,4.37
4od7,5.08
5alt,4.88
6h7u,1.98
4j04,4.96
1xon,10.68
2e9n,8.21
6nsv,7.8
1o37,6.82
5w4r,7.48
6cwf,7.54
5jq8,5.7
6g9i,3.93
1lzq,8.39
3wz8,5.82
3cy2,7.22
3lbz,3.86
3ppo,5.3
2fvc,7.49
5l7g,7.8
2zg3,2.06
1gwv,2.57
4eok,5.07
4aq6,4.8
6ng0,8.19
4o0b,8.3
2vcq,6.04
4m12,6.05
1xr9,7.15
3f39,1.78
1fkf,9.4
4q15,7.96
5t54,9.06
1o2u,5.85
3ryw,6.24
5yic,5.89
1ce5,4.74
5qa5,3.52
3fud,2.7
4yho,10.74
5oxm,1.3
6slg,10.3
2r3i,6.0
4mc6,9.59
4nnr,7.26
5w38,7.33
2zju,5.81
3su3,9.13
1e02,6.15
4y6p,7.16
5wdc,6.4
3hq5,7.8
2yme,7.66
3f82,8.34
2i7c,5.07
2fkf,2.92
2bo4,4.61
4l8m,9.0
1xlz,6.02
3hxb,5.39
1hee,5.34
2vu3,7.33
1g3e,5.38
5hl9,4.66
3sw2,8.33
6nji,6.99
5whc,4.92
4cc5,4.42
3o88,6.37
2pg2,5.77
1li6,3.8
4aj1,3.11
5c1m,10.8
6g3y,5.89
5e1o,5.43
2qg2,5.4
1d4i,8.85
6u7o,10.81
3mxr,4.95
4hp0,6.12
4lpb,8.0
2alv,4.15
5u6d,8.59
4own,4.22
3fzy,6.74
5jq7,4.8
1oky,8.19
1c4u,10.37
4aa7,5.7
3nf3,6.2
5j1x,5.52
6b7h,9.03
1bwa,8.6
1qtn,7.3
5a7i,5.26
3uvq,7.77
3ee2,4.19
2bal,6.31
5kdr,8.3
4uvb,5.49
3l4y,7.0
6m8e,4.85
6nfy,7.8
6m88,5.96
1j01,6.47
5nfb,6.11
4loj,6.52
3t6y,5.52
5l4i,6.59
2xk9,10.15
1xm6,6.38
3gcv,7.13
4yo6,5.66
2ayp,8.15
6msn,4.95
3wk8,4.31
3bjc,6.96
6o5x,7.66
5nhv,8.55
2vio,4.4
5uzk,6.74
5bot,4.41
3k22,7.9
2xah,3.55
6d4s,6.05
5ekn,5.72
4usj,4.0
1csh,7.55
4lgh,8.7
5yso,7.4
5a4e,6.4
4qxs,5.96
6itq,4.69
5m29,7.4
3bex,5.57
4wet,3.35
2r64,7.52
4v24,8.37
4a7i,8.7
2bq7,7.05
6mnp,3.71
4qqc,7.34
3ifo,7.26
2hzi,7.15
3u4o,7.28
2rjr,1.94
6dsp,6.09
4x9r,7.82
6e8k,6.04
2poq,4.42
1tlp,7.55
2qu5,8.06
2wih,7.35
5he1,6.55
3dk1,9.74
6fdc,5.64
3src,3.89
3iae,3.89
1gjc,6.35
6pg6,3.7
1m0n,2.22
6n4e,8.0
3cj3,4.24
3f2a,7.24
4bnt,3.86
6jut,8.68
3hg1,4.74
6miq,4.55
5wei,5.7
2wmu,4.38
4k4f,6.7
2vo5,4.89
4k7i,2.82
2qlq,6.63
1l2s,4.59
2j7d,7.13
6fyp,6.84
1eb2,6.01
3hqr,5.52
1wbs,6.2
2qcg,4.0
5nud,7.49
5nar,6.3
4pb2,4.8
3lzv,10.59
5c3p,4.46
6eqp,5.96
2kmx,4.08
7lpr,7.18
6n5f,6.86
4msg,10.0
5u51,4.92
1t69,6.32
3eko,6.7
4unp,3.23
5sxm,8.54
2o4s,10.51
6dd0,5.48
6pg3,3.32
5ovg,6.4
4ikr,6.23
3d14,7.66
5zhm,6.14
3ocg,8.52
4o91,6.83
4m13,6.7
6n19,3.02
4gye,6.85
2xqq,4.82
2xez,5.82
6kjf,4.97
4whr,4.12
5o7i,6.09
4qxj,5.9
4mi6,4.31
3gfe,8.49
2p53,7.46
3bgc,5.02
2er6,7.22
5htl,6.3
1iig,1.57
1a50,6.7
4abk,5.72
6ikm,8.57
2q88,5.8
4kp4,5.17
5t37,6.62
5lhh,8.17
5klr,7.72
3ozj,5.11
4qz7,5.65
4zzx,6.9
4k7o,4.3
7hvp,9.62
6df2,7.24
6fyv,7.96
4u0i,8.22
4k4j,6.12
3qem,7.22
4y6m,7.15
4l2f,6.23
2pqz,5.67
3gy7,4.52
1n7m,5.71
6h3k,7.96
4gg5,9.03
3d7m,6.44
3wyl,8.85
2bdj,9.35
4k8a,4.02
6d5e,6.85
2rl5,8.4
4tyb,1.7
2b2v,4.77
4efk,2.49
5j8i,8.29
5j74,8.72
1sme,11.22
4hrc,8.92
4ih5,4.11
2c8x,6.66
4yuz,5.04
2vtj,5.72
6q89,9.85
5e8r,8.7
1g30,6.85
1wzy,6.25
1qj6,7.74
4lgg,8.52
4wy3,3.62
4dpy,5.37
1h1q,6.0
2r5q,8.57
3exf,6.54
2y34,7.1
2z7h,6.94
1hpv,9.22
3mw1,9.09
3fwv,5.64
4nj9,6.97
2doo,7.17
6dgz,11.3
4as9,4.79
5d11,7.55
4jmx,7.21
3t8s,8.55
5vcy,6.57
2c1a,6.77
2qo1,5.57
6im4,7.4
5l2z,10.22
1z6j,8.03
3pe1,9.65
5jy3,7.92
4twy,3.97
6hkm,6.57
1k22,8.4
5yft,5.0
6p11,6.05
5djr,4.86
2cmf,7.55
1odi,4.21
4gdy,7.08
6jam,5.23
4nyi,3.06
1nc3,5.0
3ant,8.07
4g0y,2.3
3bgs,9.42
6efj,3.32
3e64,7.11
3o9c,12.05
4uxb,7.96
5fun,7.59
3fv8,6.8
5hkb,5.59
4esi,4.15
1ela,6.36
5f1v,6.85
4quo,7.92
6k4r,5.84
6c3n,2.49
4ju6,6.17
1mrs,3.96
5j2x,7.74
5ar0,6.14
4b82,4.39
1m0b,8.82
1jaq,4.48
6qhc,5.2
1awf,6.01
5ek0,7.68
6q6m,6.89
5uc4,6.46
4f1l,5.12
4dgm,5.92
4wr8,6.23
2w8f,6.3
4jr0,8.2
3fqh,6.24
3coh,8.4
5hna,4.23
5km3,4.6
5hg7,8.4
6nri,7.57
1ghy,8.1
2x2r,7.12
4ret,7.59
2ya8,5.75
1veb,7.41
4j7i,5.06
2zmd,7.01
1d9i,9.11
3ui7,9.0
1r6g,9.21
6pg4,3.59
3ppr,2.82
4fl2,3.66
4u5u,2.89
3b7j,5.17
5c4t,7.66
2k4i,3.84
6iez,6.52
6ouv,5.55
3c5u,8.19
1q3d,7.82
4zbi,6.51
4mka,9.0
2r6w,9.36
3rjc,5.24
4pft,8.64
5vdr,3.3
5eg4,7.68
6hlx,7.17
6fut,4.7
5alb,10.71
4fic,4.7
1zom,7.52
6h7y,9.46
5a2s,7.7
1hpo,9.22
6f9t,7.86
4uvw,7.72
4ezy,5.65
3r8v,5.54
3u9n,7.0
4gz3,5.74
1r5h,6.74
3ipq,7.57
4k9g,5.82
5arf,6.27
6eil,5.55
3mt7,4.03
2xru,7.51
3my1,5.45
4mm8,6.11
5vjp,4.83
2rd6,8.3
6o6g,6.52
4wkn,9.72
5edq,8.7
4oaz,5.77
5u6c,10.3
4mho,5.08
3hy7,6.97
5t6p,6.06
5yr6,5.34
5bw4,4.17
4e3m,9.7
4obv,0.75
1kcs,7.0
4ded,7.42
6bgx,6.33
4ou3,4.41
6dub,4.74
4fxf,5.19
4q4o,7.46
1yet,5.92
5vsb,5.12
2ph9,5.89
5n6s,8.09
3sff,6.7
6dya,6.17
3cbp,5.6
4bnz,6.59
2qhy,7.48
3v7c,5.74
2i47,8.66
6u8l,6.91
2xto,6.2
2xbv,8.43
5mrb,6.33
4ej2,2.49
3qcs,6.5
1p5e,4.81
3coy,6.02
3v6s,9.12
3tsk,7.17
1w13,8.7
6g36,7.79
6udu,9.3
4gr0,9.55
4fll,5.29
2pix,4.3
4wa9,8.42
6sq0,9.1
4kz5,2.0
3vqu,7.43
5knv,4.87
2e9c,5.96
6fgc,5.48
4luz,4.7
5ect,5.28
1a46,5.7
6ft8,7.36
4d2r,5.48
1y2d,5.7
6gwr,8.1
6eir,6.24
2o64,6.47
4n3r,6.82
5i83,5.39
1rs4,7.17
3eid,6.35
6afj,6.28
1qbs,9.47
2d1o,7.7
6eum,6.52
5x4o,4.06
6qls,5.35
1hp0,6.7
4ehe,8.49
5b4l,9.12
3d7k,4.6
3sfh,7.05
6fyz,7.41
5qar,3.77
6dkg,8.59
3bx5,8.46
3iod,4.1
1ghz,4.8
4da5,6.44
1lqe,5.82
4c38,7.76
1pb8,5.15
4dwg,7.24
4qmp,7.85
6st3,7.03
3mb7,6.7
3ary,6.0
4o0t,5.54
2ye9,6.22
2oxd,6.82
6cbf,5.17
3drf,7.0
4alx,7.28
1yvz,5.36
4eqc,8.1
3kvw,6.89
6c7g,7.74
4l7f,6.8
2oc9,7.96
1fkh,8.15
6g6y,6.66
5z1d,8.3
3ekp,8.89
4ab9,3.33
2qn2,4.55
4wf4,3.11
6fs0,9.77
5m7t,5.41
5mte,6.78
4n3w,3.5
2q8z,5.68
2ow9,7.52
4efs,8.6
5hk9,6.54
4nrl,8.62
4ajl,3.8
4lte,7.22
5gof,4.05
4q19,8.05
1uwu,5.98
2web,5.12
2y5g,6.84
3b2w,9.22
2ow1,9.0
3zju,5.68
1a2c,6.3
2zdm,6.41
6hk6,6.41
6qe5,5.12
6exj,4.33
6d5w,4.2
4puj,7.46
4aft,6.47
6i5i,8.05
3vc4,7.62
4r76,7.85
4eol,6.05
3og7,7.51
6nzh,8.8
5h22,7.44
6ghj,2.16
5ovp,5.04
5dms,4.53
4zh4,4.22
3aho,7.05
5i0l,7.74
5cls,6.66
4lm2,3.03
6ep4,5.35
1icj,2.22
3lzs,10.96
2xg3,4.74
2ghg,8.82
3cs7,10.68
4lv4,5.0
3n1c,5.22
3eyh,7.7
1nhw,4.84
6axq,4.0
1jmq,4.4
5n55,5.99
6kzd,8.53
3tfv,7.1
1qyg,6.85
1p28,5.42
6f9u,5.13
3il5,5.8
6sd9,9.1
5u3b,8.82
1idb,7.96
1qxw,5.15
2o1v,5.3
4gql,9.59
4y46,7.96
5j3s,7.72
4llx,2.89
3b3x,3.6
4oc5,7.07
5o9q,5.21
2yk9,5.09
5a6i,7.25
2bpx,9.4
5i3m,7.4
6hmr,6.83
5bwb,5.3
2pvj,8.1
6g39,8.34
1k1p,7.92
2ykc,6.11
5j8x,8.8
4hpi,4.85
4xj0,9.52
2yiw,9.1
1at6,4.07
4qsw,1.68
1a28,8.29
2bvs,4.1
2n27,6.55
1iq1,7.46
6htr,7.96
4kp6,9.09
5o1g,3.94
6df4,7.64
1lhc,10.4
3ob0,3.0
5est,6.52
1gww,3.59
4dgn,6.46
2gc8,5.51
5ljj,7.21
5ork,3.63
1cbx,6.35
6hoi,5.1
2zzu,7.41
3r2a,6.12
4djr,11.52
5g5v,6.7
3b8z,6.54
4uru,2.22
4qir,6.95
3d5m,8.0
4yml,8.35
5k48,6.6
3ocb,8.3
2tmn,5.89
1j17,5.22
3qc9,6.06
2jdv,8.2
1aht,6.21
4e93,6.93
4h38,6.04
1gzc,3.49
2vtq,6.85
4cd6,3.59
3cjf,8.2
3ig1,6.14
2w1e,7.92
4nb6,7.22
4e26,6.4
4q0k,4.87
1wbg,3.0
2f9v,7.82
6qr3,6.44
5jsg,4.85
4es0,6.99
2z94,5.85
3v8w,8.07
2aia,5.41
6s5k,7.32
4xtp,4.26
5j9l,7.47
5wyq,4.84
6d55,7.36
1nq0,10.32
5wa7,6.4
4wn1,8.29
5y86,6.1
2gz2,5.22
2jj3,9.55
4aoi,8.4
6iar,7.6
3nu4,8.82
4qwk,6.27
6c7i,9.42
1wn6,4.68
3npc,8.34
5qa6,3.76
5lj0,8.0
4oz3,4.55
4zsl,5.0
3erk,4.74
5ypw,4.64
2joa,5.96
5eps,4.42
4r7m,7.96
4wn0,3.22
3opp,6.28
3nnu,7.32
1m2q,6.1
2aog,6.28
3ehn,1.92
2ynr,5.77
4ewn,6.7
2uz9,5.71
5tp0,5.44
1qpf,7.57
4pms,8.1
2wqb,6.27
4bky,7.92
4fvq,6.0
3nx7,8.1
1af2,3.1
3mbz,5.8
5eqe,3.88
3h2o,4.59
5i1q,7.92
4bde,4.8
1xor,6.41
4acd,8.31
5qac,3.6
5ylv,6.82
6g1w,8.14
3bb1,3.6
1sqo,7.46
6u6w,5.33
4d1b,4.44
1wdy,7.89
6dqb,6.49
5zk8,8.89
3atu,8.3
6mv3,3.33
5km1,6.18
1uy8,4.12
3vbv,5.0
3kb7,8.15
2wl0,7.8
3f38,2.62
5k32,8.8
4uro,8.4
3gv9,2.12
4w54,4.17
6cn6,8.3
4bcq,6.83
4lpf,3.51
3qak,8.32
3sv2,4.19
4mq6,6.47
4unn,6.38
5nba,7.3
5k5n,8.05
2avq,4.39
3fts,3.67
4u2y,3.99
1xh6,7.32
5ylt,6.39
5xg5,3.48
4qpd,7.82
4hl5,6.35
1qpl,8.51
1gj5,4.96
3bmo,5.27
2qh6,6.0
4z2b,7.76
3hub,8.09
5u6j,7.64
5x02,9.85
3qt7,7.31
3ws9,7.04
4lnf,2.62
2j6m,7.96
3eyu,7.62
3zbf,7.52
5ni5,8.05
3w07,3.38
5f04,4.0
1pro,11.3
3k8d,5.77
4j78,4.65
2xck,6.15
6hvt,6.0
3egk,4.66
5bqg,4.76
5obj,4.78
4eeh,4.35
5fbn,9.57
3gol,7.09
1h1r,5.64
1awh,6.08
2oi0,7.55
3ej1,6.92
3q32,8.74
5nk4,8.7
3hfb,7.52
5nhp,7.64
2x2i,8.7
6e7t,6.89
3ddp,7.14
5w7j,6.1
5l8a,4.91
4bqx,6.52
5j20,9.14
2o9r,1.68
1duv,11.8
2z8e,8.0
3uh4,7.96
4gg7,8.2
1mkd,6.8
3qbn,8.23
5i38,3.42
1rdt,6.7
4o2b,5.74
5i8g,7.52
4ap0,8.0
2pt9,4.46
3ivg,4.3
3ttz,8.4
5tx3,8.85
6g34,8.24
4gw8,6.06
3u3z,5.36
3cqu,6.82
5tur,6.05
1fkg,8.0
4f08,6.6
4wm9,6.92
4bs4,8.22
3t07,7.8
4zly,5.46
3rt4,8.8
5ccm,8.4
5e88,7.19
3lp0,6.96
2uzo,4.57
2v5x,6.66
3spk,8.52
4ui7,7.36
2y54,4.7
5lb7,5.05
1bl6,6.8
2jkh,8.05
5kmf,6.29
5htc,6.82
3r02,9.0
4q6f,5.6
2xag,4.55
5ew9,11.0
1c6y,9.51
1v0k,5.1
2yoj,8.3
1a4h,5.92
4n5d,3.22
1siv,8.08
4hkk,5.54
4dk7,7.7
1w4l,8.4
4mk0,5.2
4w4y,6.46
4pns,4.52
6cdo,8.97
4l19,6.1
5sys,7.36
3tv8,7.15
2hwh,5.7
4igq,4.52
6iql,9.37
6prc,4.77
5kx7,7.44
4mm5,7.74
1p2a,7.92
4whs,4.12
5hwv,5.07
5hva,7.07
2qnz,5.42
3zqt,4.41
2bpm,8.7
4gee,9.0
2yjw,5.12
1y8p,6.08
6g91,5.49
2zga,6.32
5om9,4.25
4j84,4.69
3ogx,6.48
2vtl,4.01
4ye3,8.37
6bg5,6.0
5nr7,6.02
1akt,8.49
6anl,8.27
3wf8,6.63
3qtw,6.19
5umw,4.23
1xzx,10.22
3q3b,7.76
5aqv,3.43
3qxt,5.22
5aki,6.12
3o64,9.4
4ifi,5.48
6gzh,8.27
4j3d,8.28
2kp8,4.0
4mgd,4.69
6esj,5.68
3dyo,2.3
6dqa,6.44
3rwp,9.22
4zup,6.77
3tao,5.14
6hky,9.34
6sde,10.2
4kcg,8.3
3ppk,8.85
6hhi,8.17
5kzq,8.28
3l4v,6.72
2q94,6.43
4ijh,4.33
1c5p,4.68
5dcz,9.3
3arr,5.4
5m23,8.9
3cth,6.96
3syr,5.1
4l3p,5.92
2cen,8.3
4c4j,8.52
5nmf,7.42
3ex6,3.66
3g5k,9.52
3ddb,4.02
4o04,6.16
2qhz,7.28
5mes,6.47
5cuh,4.62
5h14,5.06
1lrh,6.82
1tl3,6.2
1mfi,5.59
4rpv,8.52
1qon,8.96
4l09,6.07
4hn2,6.89
4uj1,6.52
6ps0,9.94
4x8u,2.46
5orl,4.82
4qz3,5.51
1puq,7.28
3gst,6.72
5zag,6.97
4zki,2.92
2cll,4.3
3as0,4.55
5zk3,8.74
1w1t,2.96
2vd0,4.94
6qae,8.52
2zdl,6.4
4y79,7.96
5ai5,7.03
3ilq,5.21
4onf,8.92
2pri,2.91
4p0n,8.66
4j0a,6.8
4awg,5.96
1gi9,5.22
2am9,8.41
3br9,7.21
4v01,8.11
1gja,5.42
1py5,7.29
2vwv,4.8
5cst,6.96
1oz0,7.7
2x9f,7.21
2iog,8.1
4wku,5.68
5kup,8.14
3aau,5.05
2wap,6.64
1yxd,5.3
3hbo,5.09
4ayq,7.33
5wqj,5.52
4x24,9.78
4wuy,7.82
3r2y,8.07
3ivq,4.12
3zxe,3.35
1xud,8.1
1zd2,3.3
1zd4,3.6
5zty,10.12
5zqp,7.74
6mmo,3.35
5wg6,4.54
2nnk,8.37
3uib,6.8
4abv,6.07
5duw,3.29
2wed,6.1
5jf4,7.19
1bgq,8.57
6ovz,3.85
6nlj,4.82
4k18,8.96
2fl6,7.42
5jy0,5.55
4kz8,2.8
4o42,4.66
2ych,3.0
2jal,4.82
5xg4,5.15
3gqo,5.41
4gk3,7.25
4tmp,5.43
2i19,7.8
3n75,7.89
4i5p,6.42
4hwt,4.3
6c7f,9.62
3qlb,8.43
3p0g,10.08
5oei,5.8
4rxd,6.52
4l53,7.55
3dng,8.13
4j06,5.34
5lmk,7.43
6gla,7.57
3m6f,8.6
6miy,7.73
1abf,5.42
3l7b,2.4
4op1,6.89
1o33,5.74
3snb,4.38
1ih0,5.0
1hbj,8.52
6dhu,3.13
6cyb,9.02
1wun,7.21
3fcb,5.31
5w2q,6.88
5wyr,6.39
4res,7.85
4zuq,6.89
5ggz,7.25
3img,2.96
5csx,8.22
4e81,5.24
5oku,6.26
6qqz,6.74
4zxx,8.1
3nu6,9.3
4pqa,5.55
5i29,7.82
3le6,7.46
5yp5,4.6
6ax4,8.22
6ew3,7.4
4lno,2.62
4i8w,10.9
5ntw,9.22
3lpp,6.22
5a00,7.52
2w1d,6.04
5swh,7.59
5nvf,7.8
6bl2,7.39
4hxz,6.05
3arg,7.26
4xk9,9.07
6gcr,8.33
1xo2,6.07
5fol,3.67
6c4d,9.04
5xhr,5.1
6eip,5.7
6jn3,5.16
3t4n,4.14
1nhz,6.08
6e0r,7.7
2l98,3.61
5tkt,8.49
5aol,2.32
2yb9,9.22
3c4f,5.72
4qdk,5.85
1oiu,6.68
4h36,4.27
1nyy,4.68
3cf8,4.9
3c0z,3.95
5hrw,5.48
1owj,7.32
3qri,9.1
4l7u,5.66
4y67,6.93
5znl,8.77
1kc5,7.0
2ygf,5.09
3hig,7.89
5op5,6.67
5xvk,5.05
2q8i,3.4
4f1q,4.95
1aid,4.82
6jmf,8.59
3iaf,2.92
3ezr,5.0
1jil,8.4
5vyy,6.21
4rfy,7.0
4lqg,8.89
5lpl,4.92
2ntf,6.52
5bml,8.0
3oyw,4.11
3r2b,8.4
4phv,9.17
6imb,4.23
1ohr,8.7
4g0q,2.52
3wth,6.29
3b78,4.1
6eox,6.85
1rsi,4.42
1jik,9.7
5auw,5.05
4eh8,2.2
5a14,7.3
5npe,4.0
3iw6,5.48
5fah,6.15
2wlz,4.6
5j1v,7.39
3bh3,6.15
4cws,7.92
3v2w,7.11
6f7c,5.9
2clh,4.06
5n58,6.1
2j34,7.82
3t0t,7.04
2w6c,8.41
3f19,7.19
2exm,4.11
5lch,4.69
1y57,5.79
1p02,7.17
3wzu,5.89
2p93,8.82
6bgv,6.74
5qa7,3.96
6cyc,7.85
5jf5,7.2
6apw,6.17
3ouj,6.05
6o5t,6.5
1t7f,5.74
2bmc,7.57
4ezx,5.8
3tkw,5.27
3bhx,9.15
1uy7,3.7
1o3d,7.13
4oya,6.44
6epa,5.95
6pg5,4.96
6tim,3.21
2ckm,8.82
4z2l,5.85
2wmr,4.28
1y2j,7.48
2ycq,9.85
1pz5,5.4
5z66,6.69
1o0d,8.21
5fao,7.96
6jbb,5.99
4mse,6.16
6b96,7.84
2yoh,4.96
3wyj,6.44
2g9q,6.4
3r0w,4.52
3zc5,7.13
4bkj,8.72
2r38,7.44
6jof,4.98
5v83,5.16
5hk1,8.37
2evl,6.7
3v04,7.89
4uva,5.75
1wkm,0.82
3u6h,9.0
1vj5,6.92
2vh0,8.51
4yw2,2.8
5gsa,7.09
1d04,4.59
5mnb,2.48
4pnl,5.52
6b97,6.63
3bxs,5.1
2vts,7.52
5ipj,8.89
6o9d,8.7
3djf,6.1
1fcx,7.19
3u18,6.09
3qtr,6.03
3wd2,6.24
3btc,5.75
5cp9,3.51
4qt2,6.32
1d4y,11.1
3pb3,6.22
3fkv,7.57
6aej,6.15
2er0,6.38
3a1t,4.83
5cxh,8.3
4hup,4.82
5afm,4.15
3ce0,6.15
6qr2,5.49
2pj6,7.31
3k5v,6.3
3vby,4.55
5dk4,8.7
5yib,5.48
5tg7,4.53
4l0i,6.57
3k97,8.0
6e9l,6.04
5iu4,9.28
1xff,4.82
1z95,7.12
1yid,5.0
5hng,4.03
4hw3,6.49
2w0d,8.7
5k0m,8.82
3r9n,5.85
2e95,7.1
4xy2,8.1
1nde,7.82
6n3w,5.81
3o9e,11.3
3ewu,4.62
4izm,6.66
1e9h,7.46
6v1c,4.19
3smq,5.02
1v2q,4.13
1bty,4.74
4ez3,4.35
2isc,8.42
3gf2,1.7
1bm7,7.52
5al3,4.96
3rxl,2.62
5kq5,8.05
5nk7,6.33
5e1b,4.84
4jxv,4.51
1sc8,7.44
1zrz,5.24
185l,3.54
6p87,4.6
4zy0,8.04
4jfe,4.51
1w1p,2.3
5u7i,7.18
1o3e,7.96
3hqw,7.46
4hmq,8.24
1i5d,8.0
3cf9,4.83
5u62,5.89
3ge7,8.7
3f78,3.1
1p04,7.4
2vx0,6.24
4gfn,8.3
5nev,7.36
2bmv,2.0
6q4e,3.46
3egt,8.9
3myg,10.7
3zi0,7.4
2c9d,6.32
5fnd,3.49
4jyb,6.96
4gu9,4.37
1xbb,5.3
2gg0,5.77
1xoz,8.92
3vbq,9.33
3aid,6.86
5cau,8.8
1w12,7.85
4q6r,6.68
3f88,8.64
4glx,7.8
1lah,7.52
2v77,5.06
4c4i,7.66
1xos,4.7
6mil,5.41
3uo4,6.52
2p2i,7.42
3d1v,3.49
2rcb,6.79
5kap,4.23
3mks,5.72
6p88,4.52
3cgf,6.57
6htn,6.07
3bpc,4.8
3cyw,7.77
4ebv,5.38
2mov,7.4
1c5x,6.68
5u7j,6.41
5ijp,7.15
4wcu,8.52
5wh6,7.92
1sdv,8.74
6hro,7.3
4gvd,4.57
3pp0,7.96
3lfn,5.5
4hai,8.1
5d9l,7.62
3fcq,2.77
3str,8.4
3r6u,4.52
3srb,4.19
1izi,6.59
4h3a,6.29
1zp5,2.92
6i97,8.18
5ha9,5.78
5i0b,5.06
3tct,8.52
3qcq,6.8
3be2,8.7
4qt1,8.15
3grj,3.0
5ypy,4.64
5w7u,8.05
1yci,4.08
2bmk,5.62
3d2t,7.12
3oeu,7.51
4zip,9.68
3b2q,4.55
5f95,8.01
2hwo,6.9
4pji,3.7
5c26,6.77
5ale,5.95
2wi5,6.05
4zyq,8.01
2m3z,6.57
6ezg,7.69
5ejv,6.69
2y8c,6.4
4ab8,3.87
4jju,6.29
6m8d,5.14
4muv,5.76
6hrt,9.0
3rhk,6.26
5cxz,6.26
5y48,5.85
6fr0,6.84
2p33,7.24
2hxm,5.22
3k83,7.66
4rgd,3.94
2za3,3.68
6poi,3.49
2h5i,8.89
6r7d,8.62
6tld,5.35
5fnc,4.11
5c7n,6.57
2e5y,5.85
4dfw,7.85
2ooh,5.89
3p2k,4.7
3uda,5.01
4mf0,8.08
5qil,11.52
3ctt,6.35
2q3z,7.22
4jln,7.78
3mvm,8.41
1eed,4.79
6o0m,9.34
3u6j,8.21
5tyk,7.65
5j75,6.82
2qtu,9.28
2q2c,6.38
3oxz,8.07
3gcq,6.47
4byj,6.57
4x0f,7.0
3rpr,4.0
2ank,7.33
1noi,3.15
4ajo,7.03
5l44,4.4
4oeg,5.05
2a4q,7.18
4ayy,8.17
3hp2,6.17
4nwm,8.1
6esn,8.05
2cf9,7.82
3vid,6.21
5cu4,6.49
6ewk,3.77
1csr,7.38
4e6q,8.36
2hs1,8.48
3p79,5.64
5u6b,9.89
1y3x,5.14
5kde,3.89
4ze6,2.48
3e0q,5.89
2ceq,7.28
2ly0,4.8
2q96,5.92
4pkb,6.94
6hvs,5.23
3r4m,5.92
4zxy,6.4
3a2o,9.08
4axd,4.43
4eos,6.05
4mgc,6.32
6nj0,6.61
5t97,7.77
4r3w,3.0
1xp1,9.3
3c88,6.8
1ga8,1.8
2z3h,4.64
5td2,8.66
5vdq,3.67
3w55,7.1
2jxr,7.05
4twp,10.0
4bzn,5.84
3zbx,8.22
4uc5,5.48
1ga9,7.08
5vjn,5.06
2x9e,6.74
4b5d,7.89
5byy,7.01
5aqh,2.46
6htc,5.96
1wdr,2.52
2vwm,7.03
4ucs,4.21
4a6w,5.72
6ind,6.62
5qap,4.0
4mme,6.5
4ejl,5.14
2i4d,11.68
5dtt,3.51
3b65,9.27
4avu,7.85
3jvs,6.54
6n3z,6.59
4dew,7.0
4rfz,7.4
4bfy,6.92
3db6,6.14
3ii5,7.62
5zob,5.96
3fl5,7.28
2yer,7.7
1yhs,8.0
6beb,3.61
3sni,7.96
4tk3,5.1
5cal,7.66
5bqh,8.52
1lhf,8.09
6k3l,7.22
4ax9,9.57
5nkg,7.68
3d94,6.8
5w8h,4.63
1n3i,8.89
456c,9.77
6nzq,9.52
3hv4,6.51
6ey7,4.3
4bo8,6.92
2bcd,10.22
1od8,5.1
6d9s,5.96
1v2t,4.71
4hkp,4.55
3anq,6.74
2b1v,5.74
2aei,7.07
4h1m,7.11
5qaa,3.91
3mea,6.3
5f29,5.05
4jbo,7.62
2b5j,9.1
6hx1,6.52
5wg9,5.59
1kds,5.77
3ggc,5.44
1tkz,6.62
4xg8,8.72
3imy,9.7
3k3e,7.66
1q4w,6.46
2d06,4.08
6ce6,5.1
2upj,7.39
5yh8,6.78
1ind,10.05
3s00,4.92
3dp2,5.82
5v35,6.96
6ps3,9.78
6ke0,7.55
4jwk,8.32
4cwn,5.59
1xgj,6.0
4c2v,9.0
3oay,1.7
6p7p,6.15
6fpu,6.49
6gqm,4.48
6p3v,7.02
1xn0,6.24
4oyi,4.72
4r5y,7.64
4pl3,6.54
4nhx,5.72
6oqd,9.85
4ym2,2.85
4c71,3.42
5lpj,5.0
1tmn,7.3
4qd6,8.64
1xfv,3.89
6msc,7.68
3fql,7.15
6hbm,5.02
1h2k,2.92
4bo3,6.52
2oei,3.91
1xp0,9.0
5nxy,5.05
1uwt,5.97
1usk,6.4
4l52,8.4
6h52,7.17
4r5g,5.22
3p5k,7.12
3zo2,7.1
5lp6,4.76
5fa7,8.4
1met,9.4
4r4i,6.27
2gfd,6.28
1npv,8.24
2avv,9.26
2bq6,10.15
5of0,8.63
6mxe,4.26
3elj,5.3
5a8y,9.77
3zrl,6.8
6hgr,3.46
6f5w,3.83
4axa,8.0
5d7a,7.68
1jdj,2.3
5ywy,7.23
4er2,9.3
5ceo,9.3
4r6t,7.52
2yir,9.77
4j8r,7.7
5ogk,5.11
4mg9,5.68
5a5o,3.0
6no9,10.52
6ckc,8.22
4hyh,9.0
4jfx,6.44
3lmk,5.94
5nn5,5.47
6c42,8.21
4g0p,3.01
3bgq,7.96
3zlr,9.26
1o3c,7.13
3gtc,2.35
2wtj,6.15
3q2g,8.46
4djq,10.32
2iw8,6.99
3odu,8.14
5ap3,7.03
5jv2,4.0
3l6h,5.4
2xyt,6.29
4wop,4.76
5nk9,6.14
2x6e,7.82
6qgh,8.15
4urv,2.77
1yq7,7.09
2jkq,8.11
6om8,5.16
4nzo,6.77
3kjd,8.54
2p4i,8.0
2g83,5.92
3v8t,9.52
1pq6,8.1
5o9h,6.62
5aqp,2.68
5ech,3.8
3oka,4.72
1yly,7.82
4zjw,6.66
5nn0,10.96
2h9p,3.72
2p4s,9.51
5oax,7.57
6ekq,5.46
4f3c,11.82
2gm9,7.39
6d17,4.82
6rfw,6.5
3kej,7.12
2rm0,4.03
6r7j,7.4
4pvy,6.71
1m0o,2.31
6gzm,8.26
2ccb,7.45
1rth,6.4
1py2,7.22
6c7d,9.77
6n82,5.96
2vip,5.28
3hii,6.54
4ie6,5.55
4p5d,5.82
1rmz,8.0
3r8u,5.3
4up5,2.6
4n6y,7.04
4tvj,7.91
1ouy,8.37
1my8,7.46
2xbw,8.0
2ccu,6.13
3qup,6.32
4pct,7.15
6mji,7.29
5n3v,4.34
3vqh,5.92
2jkp,4.23
1los,7.19
5vfc,9.05
5fh8,6.77
5tzz,7.85
3g15,7.0
5nk3,7.42
5wb6,10.7
3lcd,7.4
5kbr,6.59
9abp,8.0
5yvx,5.89
4ju3,7.07
3wk5,4.82
5qa8,3.77
1i6v,5.0
1bra,1.82
6gr7,5.5
5u0w,4.24
1ent,6.96
3gws,10.09
5f4u,7.02
2jfz,5.24
3pp1,8.49
2q6h,3.6
1wok,7.48
4l7l,6.0
1wqv,6.89
2vwo,7.51
3cj2,4.85
4yqv,5.71
5e8w,4.39
4qmu,5.89
5wbo,4.21
6s9x,6.42
3ugc,6.02
3m8p,8.68
4lsj,9.57
1o2q,7.68
3fsm,7.0
5ieo,7.0
2za5,8.43
5jjs,7.32
2y8o,5.12
5moo,1.31
4psh,8.89
3c89,6.07
3zmm,9.14
6d5j,6.34
4qsm,7.41
6b4u,7.68
5g61,6.4
5ksx,5.43
4wki,8.3
3lil,8.08
2bro,5.85
2ovv,7.92
4aq3,7.43
4u7q,9.74
4xkc,5.87
6mdu,4.25
1ybo,3.8
2wmx,6.07
3r7o,8.36
1onp,7.52
2r6y,9.49
3we4,7.82
2rcx,9.0
5drr,11.46
3ex3,4.44
5qat,3.85
2zcr,6.87
3vfa,9.19
2hyy,6.77
5cf8,8.96
1wxz,8.07
5m2q,7.52
4bxk,7.95
4ufg,8.15
2anl,6.96
1ax1,3.29
6fiv,8.08
3bbt,6.15
5ai1,6.47
1qf2,5.92
3gy2,5.74
1nvq,8.25
3lgp,8.7
5kma,4.71
3rhx,6.08
4qwx,6.27
3obu,4.3
2pu2,4.43
4zba,5.51
6mod,9.15
6jpj,8.21
5gjf,6.59
5uwl,8.03
4mc2,8.19
2qlf,8.85
3e8n,7.72
2qaf,5.36
5aaf,7.44
1q8w,5.24
3bqn,8.6
6g3a,8.38
1pr1,5.3
4bj9,7.35
4jfm,5.48
4h7q,5.06
1y2f,4.92
4qgf,7.16
4led,2.3
3kjf,4.87
5ji6,7.96
4erw,8.15
1e34,2.88
4egi,3.82
6bgw,6.68
5a0a,7.7
4rhx,5.8
6o50,8.55
4jjs,6.7
6eya,7.48
4n70,12.0
4otg,7.59
3neo,5.92
1a4m,13.0
6dj2,8.12
2h6q,5.11
4q1e,8.17
4u43,4.32
3fqk,7.09
5a2i,5.06
2xp2,9.0
1qf1,7.32
5h8b,11.31
3dri,4.42
2qi5,10.85
1e3v,4.34
2pe1,8.3
3gkz,8.0
3ifp,7.61
1mrx,7.26
6s55,6.2
3f3u,4.74
3l7c,2.44
6dh3,11.3
5tzf,5.8
2vl1,1.35
3jzb,9.01
4uxq,7.8
3liw,7.6
3vqs,7.75
3nnw,8.05
2zo3,10.0
5emk,7.89
2ydt,5.52
1ztq,8.89
4kmu,7.92
5aba,2.98
5j82,6.0
6htd,8.0
4eh4,2.81
5wqk,6.3
6bhi,4.25
1ejn,5.62
1v7a,8.01
1nu3,4.0
1c5o,3.49
4lyn,7.22
6d5h,6.92
2yga,4.61
3sm2,9.7
5all,5.57
3cj4,6.51
4j81,4.5
1wbw,4.36
5nwd,8.0
6o5a,6.29
5edd,5.24
6e8m,6.28
4d8n,5.74
1hvk,10.96
5w0f,7.8
2jt6,7.6
6f4x,4.97
4z46,2.82
5vcz,6.35
3pwm,9.1
2itt,8.77
6i77,4.96
5jfu,8.07
4ajk,3.11
4llp,4.8
4ty9,2.05
3k3i,5.72
1f9e,8.7
2g9v,5.92
1k08,5.34
6g9j,8.39
1qi0,2.35
5ii1,5.48
2flb,5.74
4inu,9.26
4bfp,7.82
5ea5,8.06
1gi6,6.22
3wi2,7.04
5l6p,7.26
3qin,6.87
3pup,8.22
3wv1,11.41
4c4g,8.22
2erz,5.66
5g53,6.37
2i0g,9.72
4db7,6.56
5ftq,8.0
3tzm,7.77
3sud,9.85
2gde,8.24
3nw7,8.28
5c4o,8.21
3hv6,5.64
6ijl,7.93
4mk9,8.05
4zs3,5.18
1xmu,9.08
4c6z,3.45
5f3t,3.68
6q6o,7.54
3sna,4.14
4krs,6.52
5jv1,6.07
5u0y,6.08
4mm9,5.68
3fck,4.0
6ahi,3.6
4q2k,7.48
1vjy,7.64
6pg8,3.85
4eke,4.48
4xct,8.17
4kz4,4.15
2ovy,8.4
1il4,2.85
4tjw,6.02
6hrx,5.1
2pk6,10.89
6gva,8.22
5j86,8.26
4rwl,8.1
4hhz,7.72
1x78,7.85
3lco,6.84
5tq3,8.66
5uqx,6.21
2fqo,6.43
3pp7,3.94
1h0a,5.44
5vqq,5.28
5wdw,6.54
5ehy,6.09
1xh4,7.47
1p6d,2.94
6qtx,4.41
3m6r,7.49
1s3k,6.62
3iok,7.96
3acw,4.76
1lhg,7.1
3nlb,7.46
5syn,6.62
4iqu,6.24
3rxm,3.63
2b9a,8.05
4lm4,3.04
4q1s,4.17
2uxx,3.3
2x8d,6.1
5uah,3.4
5uw5,5.96
4um1,5.77
4o97,8.52
5o1c,3.95
5ufs,8.49
5e0a,6.59
5nme,7.09
2vk2,6.89
1nzq,7.96
1ets,8.22
2z7i,7.0
6a06,8.47
1rhm,5.76
4qwu,5.51
6beh,4.09
5qb0,3.8
4bcp,6.25
4mrw,3.3
3s53,9.64
4bgm,6.21
3bkk,6.08
4ewr,6.27
5tkk,8.28
2viv,6.28
3qfd,4.17
1xxi,5.52
2h5a,5.1
3g9n,5.74
6n77,9.24
2zb1,6.32
1pbq,6.27
6e7w,6.52
2fky,8.59
1oar,7.4
3l3l,7.48
4y8c,7.96
1jh1,4.39
2azc,6.74
2r3t,5.85
4e8z,6.64
3k3j,4.9
6ma5,8.1
5oq7,6.49
3hww,7.12
1xk5,6.0
3l79,2.46
2kfx,4.0
6g9k,7.4
5exn,7.64
5n9n,9.39
4ymq,5.8
5aic,4.3
4cpw,7.5
3arb,6.63
6i74,5.47
6g3o,9.24
2j4a,10.6
6i41,4.21
3ppj,8.7
4gr8,7.83
4pd5,2.86
2qzx,8.22
3jqf,4.46
5j1w,6.72
4i7k,3.04
3ral,7.0
5ufi,8.4
5w85,8.0
3umw,8.52
5yhg,6.02
4rao,6.0
1ec0,8.49
5wuk,7.85
4kbk,8.18
5irr,5.27
1r5y,6.46
5opb,7.62
4c35,6.25
2cct,5.02
1kv1,5.94
4mib,9.7
6bbv,6.1
4jgv,6.57
1llb,6.05
5y80,8.79
5ael,7.41
5cs5,1.58
1h01,4.66
1hwr,8.33
4rqz,5.4
4qna,4.64
3w2p,5.09
3zly,3.52
1w6y,5.36
1hef,9.0
6e1y,7.66
5w92,7.7
6gpb,4.85
4rj7,7.66
2xmy,9.96
4umc,3.44
6esy,5.59
5j7q,4.58
3cvk,8.0
5zyl,7.06
4fht,6.17
2wjg,7.1
2h6t,7.22
5teh,7.55
3u8l,8.05
5lws,3.94
3agl,7.8
1jwt,7.85
4des,5.85
3gen,9.14
5o91,6.46
2rf2,8.44
4kbi,7.49
3g1v,3.19
3ion,8.1
6qtw,5.52
5cso,6.03
1p03,8.19
2qbu,6.19
5uwk,8.64
1tng,2.93
3owj,6.07
1syo,9.0
3vw7,8.1
6hrz,4.0
4no6,6.11
4xaq,7.14
2hj4,5.37
4amx,2.19
2fgu,9.18
5iq6,5.26
5mek,5.38
4csj,8.31
2b1q,1.59
2xab,9.27
5a9u,10.1
5tq6,6.91
4qvp,6.05
5ug9,8.1
2z9g,6.15
2pv1,7.14
6fv2,4.3
1bma,4.59
5n9t,6.66
1y1m,1.82
6idg,6.66
5xva,7.29
4uma,5.41
3v0p,6.28
3fyk,7.4
5vb6,6.37
5cav,6.67
3oe9,8.18
4qye,5.92
3ro0,4.5
5wkm,5.12
5aae,7.46
5wo4,10.0
2xys,7.42
6gnw,4.99
1h4w,4.66
5fqc,8.52
5mno,3.84
6j9y,5.07
2xey,5.19
1jj9,5.77
6qef,7.22
5jmw,6.76
4yv1,3.08
3gl6,4.68
6gl8,8.61
5m77,7.61
3h22,5.1
1fzj,8.1
2q80,4.6
1sqq,7.82
5e3g,4.3
3cde,7.66
3gx0,3.48
5h1v,4.0
4yhq,8.77
4h1j,5.92
3mag,4.07
4twd,5.08
2wzy,10.72
5n20,4.21
3ldw,7.97
4xty,9.21
4jx7,6.91
3n49,5.15
4hgl,8.1
6fap,2.15
3sh1,7.39
5u4d,6.33
3dnd,4.8
4b7p,9.46
5am2,5.01
2vba,4.6
3w8o,7.62
4fcd,9.55
3qx5,4.2
4wj5,6.29
6i0x,6.07
4ckr,6.98
5v6u,2.26
5myn,4.52
5cf5,8.6
5fsb,2.22
6hvw,5.55
2xk1,5.74
4ock,5.08
5n17,5.32
1yy6,6.07
3mj1,7.82
5vqx,6.32
2qzr,7.26
1ggn,5.51
1fsw,6.49
4a9s,7.21
4wk7,7.13
5nsx,6.4
2viq,5.89
4ehr,7.89
3u7m,7.45
1yfz,4.35
6axj,5.0
2xn5,6.69
6ar2,6.41
4pvo,6.31
6czi,6.25
6gl9,6.87
5fbe,4.85
2ceo,10.0
5nb6,6.3
1yw7,5.85
1v2n,5.9
4ff8,6.4
6hgs,3.77
6imo,6.19
3ce3,8.74
3qo9,5.92
4hvg,7.77
3mkf,4.77
4tqn,6.11
6hf5,5.17
4tkg,6.85
4ymj,7.0
3tti,8.22
6ahs,5.82
4mvn,5.46
4oc4,6.98
5qaj,3.48
4ucr,3.3
2uyq,5.68
2wtw,8.19
1e3g,9.0
6f8j,7.07
2uxi,7.3
6s8a,8.07
1r0x,3.83
5mo0,4.68
4d08,8.0
1h79,4.89
3nyn,6.0
4cps,8.27
2wr8,5.44
3vb4,4.31
6pg7,4.66
2wbg,4.45
3pxe,5.7
4gtv,7.42
3rlq,7.4
4li5,6.26
3max,6.05
2lbv,7.59
3e4a,8.77
4tpm,8.62
6dy7,4.18
6hwv,7.08
4deg,8.22
1d7i,3.6
5he2,6.89
3w0l,7.02
5eym,7.6
2r3j,8.0
5ykp,7.05
6n79,9.68
5hrx,5.29
2np8,7.38
6bh3,4.92
1qm4,4.3
2co0,5.48
6m8a,5.26
6fhq,2.47
4y8d,8.05
3k98,9.0
6mln,7.54
4ith,6.5
3c7n,6.7
2off,6.52
3l9n,8.07
6u8o,6.54
4ksy,8.42
2vj1,5.3
1k1n,6.82
2r9x,4.85
5hda,5.13
4nbk,3.87
5tt7,7.89
1bl7,7.72
6jad,4.32
2r3l,7.0
3nsq,5.21
4xtt,7.37
6m9d,7.35
6eyb,5.37
5i25,3.49
5jk3,8.14
6ilz,6.47
5v5o,4.14
3rf4,6.25
5arg,7.57
3wf6,7.48
5opu,7.28
5yie,5.25
6qau,7.48
5c7e,5.0
3rzb,4.0
1sw2,7.22
3hxe,5.33
3ogp,7.44
5lbq,5.11
5ipa,4.7
1t5a,4.62
3wka,4.54
1mx1,4.0
2uzn,7.52
4jj7,6.4
4aa4,8.05
1yp9,5.11
6ei5,7.42
1epq,8.19
5xfj,8.22
3w37,5.18
3zvt,5.92
3ff3,3.57
1y4z,7.24
2pj0,8.09
1oiq,5.54
6g9n,8.52
3bf1,2.52
4lxd,7.23
6b5o,8.33
2qt5,5.03
4oho,7.77
5fpp,4.0
4r02,7.41
6o5g,5.7
3i28,8.22
3lok,6.92
5nhz,5.33
6dpt,7.11
2hz0,6.48
6dh8,9.84
5hzx,8.55
6aa5,7.28
5tq5,7.23
1pzo,3.32
2xm8,6.8
6i78,4.74
4hyb,6.46
3p8h,5.3
1mrw,9.7
1sm2,8.0
4dkt,4.8
2azb,7.19
3bzi,5.74
2w12,4.65
4j21,7.41
2oc7,5.85
3ej5,3.57
6mla,4.38
5nn4,1.94
6bgy,6.82
3ftz,2.7
5m4i,7.89
6bh8,5.12
2cli,4.3
5zms,5.23
2rke,4.08
4std,10.33
2ha2,4.66
3pn1,6.96
4wpf,6.6
1xh7,6.82
4p0a,4.52
3r8z,4.31
2vta,3.73
3r4n,6.89
5usz,6.97
1b6l,8.3
1zky,6.25
6dvn,7.85
3iaw,5.8
3bg8,5.89
3zm6,6.52
4ea2,6.44
1h8l,7.47
5n7b,3.77
4h3c,5.72
5eml,7.64
1om1,6.77
6b3e,6.99
4zsj,5.64
2v2h,3.77
5cy3,7.8
4o0v,8.48
5c2o,4.55
4a4g,2.99
4amw,1.55
5vfd,6.44
4uin,7.62
3arw,6.15
2hzn,7.39
6npm,3.96
5w0e,9.03
5n9s,8.62
3hwx,7.86
3wtk,6.53
4q9z,7.26
1acj,8.09
5vdo,3.3
3b82,4.43
5wr7,8.96
4m8h,7.6
1pvn,9.82
3qg6,9.14
5l7h,7.3
5cao,7.42
5k7h,6.0
1uyg,4.27
4drk,5.08
5l2w,6.68
4oew,6.82
2ayr,9.29
4cfu,4.0
3hhu,7.39
6pka,5.92
5ive,7.57
2hrm,3.56
5mi9,8.35
2o9k,4.11
3as2,3.44
3snl,9.15
6afl,7.0
4yx9,5.35
5jrs,8.4
4emv,8.3
2nwl,8.7
2fme,6.98
5b2d,4.25
4r1y,6.4
5am4,6.95
5nvc,6.19
4dro,5.41
3fuf,2.7
3b26,6.64
2vqj,6.44
6exs,3.44
3jq9,6.4
5k6a,4.51
3fhr,6.68
1ogu,7.47
2jdn,5.56
2vzr,4.28
5afn,4.47
5tjx,6.82
5ngr,4.62
4cd0,9.7
5hkm,7.89
4mgv,7.12
1y8o,5.89
4dxj,7.42
2vww,6.62
3u1i,5.25
3thb,8.7
4q1d,7.78
3jsi,8.68
4mcd,5.33
2ynn,5.17
5o5f,4.3
2y57,6.89
4aig,6.52
5u7d,9.3
6fam,4.01
3lkh,6.1
4r17,7.68
4cg9,6.21
1q5k,7.42
5fiv,7.66
3upi,8.22
1r10,3.83
3qc4,8.7
4qok,5.19
5klz,6.37
4i4e,6.3
3o87,7.6
6i62,6.8
4pnn,4.52
3fz1,7.92
5kqx,8.44
4xsx,5.0
5am7,7.19
4loi,6.77
1o38,6.82
5zaf,6.78
5jxq,8.15
3o96,7.24
6me1,7.92
1gx4,4.28
1mui,11.89
3hfz,4.89
1bzf,8.3
2qyk,5.48
5d3c,10.4
6ftz,3.0
3rti,7.37
3byo,8.15
5uxf,7.06
5fb1,5.92
3cow,6.9
1pu7,3.1
2qju,4.1
3meu,6.3
2x81,8.3
2hxq,6.84
1rsd,6.52
5wlo,10.82
4y2j,3.1
5ove,6.35
5iwg,6.46
1hvs,10.3
3o57,10.1
6rz6,8.54
3pj2,5.14
3dbd,7.38
1hlf,5.64
4fli,5.44
5aa9,8.19
2qc6,7.0
4dru,8.62
1y3w,5.77
1gi7,4.51
4hnf,6.15
6rmm,4.69
5w2s,7.33
5etx,6.81
2hf8,5.47
2gpp,5.7
3s5y,7.41
2y6o,7.6
4ufd,9.68
3db8,7.0
1q8t,4.76
6sfi,7.59
4msk,7.2
6r0k,7.92
4xg7,7.49
5em5,6.58
4qtn,6.85
3sow,5.14
3l4t,5.42
2p7a,6.1
3zxv,7.31
5qtt,8.47
6fcj,7.15
6c0u,5.99
4kba,8.22
1a5g,10.15
4uye,8.02
6r4v,5.76
5d7c,6.85
6npt,7.17
4det,5.68
3itz,8.85
5yjy,6.94
2y8q,5.82
2obo,7.24
5j7s,7.3
5o55,4.7
5el9,7.64
3kdm,7.0
4io8,6.64
4jze,8.15
2iok,9.0
2wti,7.04
1qhr,6.89
5qqp,8.28
6hv4,6.23
3fx6,6.8
4qgg,9.0
4c6u,4.59
2vrx,7.35
3t60,6.7
3ogq,7.52
5oxn,1.96
4l0v,6.63
5jcj,4.42
1wcc,3.46
4e3l,8.52
1iy7,6.19
5mxk,3.39
4mm7,3.63
5trk,5.21
3kr5,7.89
5bq0,7.82
5bvo,8.3
5dya,3.7
3ska,7.49
1g37,10.0
2r1w,4.6
2xui,15.0
1l7x,4.04
5gmu,3.32
3zst,1.72
6ha4,3.97
4ocp,6.1
1q5l,3.22
3l8x,8.0
6pic,3.39
3hf8,6.51
4yqh,8.05
6fym,5.07
1dy4,4.36
6g97,8.38
2jh0,8.7
6hbn,6.22
1hiv,9.0
5lo6,7.27
5jc1,6.82
6bkx,6.39
4qps,6.52
5w6o,6.28
1o86,9.57
5d7e,3.82
5mnh,4.68
5v5n,8.02
4rak,7.85
1mue,8.64
4ot6,5.92
2wic,5.39
4wsk,6.43
3jzg,4.4
3e3u,7.89
4j3m,7.68
6qtq,3.72
3hhk,8.22
4ktc,9.0
1zvx,9.22
4n6h,9.28
5ntq,7.47
4h81,5.12
2qhn,6.01
4y8z,10.4
1u0h,6.96
6rmf,8.0
1a4k,8.0
4qw6,5.85
5dh4,7.24
2ovx,8.7
3npa,3.87
5mng,4.68
5ox6,7.54
5ihh,6.41
6oip,6.92
1h9l,3.12
4ivc,10.0
6iil,6.17
6gi6,6.71
2am1,6.0
2ff1,8.21
4yoi,6.48
5a2j,5.85
6p3p,6.84
6k1s,7.7
4phu,7.92
5m3b,6.92
6qhb,6.3
6c0n,8.37
5v1b,7.47
2avs,7.57
4bdh,4.11
4p6c,4.0
4ufu,8.0
4az6,9.1
1zdp,5.74
5i43,7.2
6bkh,8.89
3q96,8.54
3k8q,11.28
3o9d,10.72
3lq8,9.4
4ivk,3.85
3v3m,5.32
1ajx,7.91
4rn1,5.0
3i6o,10.35
4bco,6.88
2c8w,8.43
3pke,3.6
5nhh,8.95
1dzm,5.41
4oi6,5.0
3lox,8.1
5f9e,9.34
5ief,5.28
3sgt,3.82
1zd3,3.3
1y3p,4.82
3eq8,9.06
2fs8,7.6
4j46,5.28
6olx,5.38
2yi7,8.32
3sc1,4.38
4avw,7.62
3a1s,4.83
1uml,7.52
2o7n,7.82
4eqf,6.81
6fsd,4.24
6a84,8.28
5ubg,5.17
3vnt,8.66
4zzz,7.06
3wi6,5.33
6bh5,6.6
1rtf,3.04
5hrv,5.29
1ikw,8.6
4cpt,7.7
4a4q,9.4
5eiw,2.05
2wuu,7.16
3nyx,7.49
6f05,4.47
5unf,9.47
1b38,6.6
1awi,4.05
1bqm,7.35
1doj,8.96
5jdi,5.37
5alr,7.07
4ztm,7.6
6qfg,5.52
6gg3,4.21
4kc2,3.31
5osk,5.6
8gpb,3.6
4jyv,7.77
3g4g,9.04
3zrm,6.89
1o3h,7.3
4n4s,6.88
4ybm,6.85
1n4h,6.55
1e8h,5.68
6c3l,4.44
4x6p,8.3
4br3,5.72
4mk5,6.35
4htx,8.33
1nfw,8.96
3fuh,2.7
5dey,8.43
6n7b,9.22
4rd3,6.47
4y8x,8.43
1qk4,4.21
1qj7,8.1
5aaa,9.42
3zhf,3.92
6oos,11.3
4wov,7.14
4zb8,6.03
5l9g,7.7
2j7h,7.19
6mom,9.52
6di1,6.74
3my5,4.19
6ey9,5.91
1lox,5.52
4wh9,3.0
6g4n,5.64
5ml2,7.89
3wtl,7.04
2feq,8.86
2vgc,5.24
4cfx,5.06
5vds,3.3
3zk6,6.34
4ytf,8.15
4ask,7.22
3s45,8.49
4mcv,8.89
3fue,2.82
6ekd,6.44
3cwj,8.0
1gui,6.28
3bar,5.7
6j6m,9.52
3pkb,6.21
5h0b,7.96
4o0a,6.72
4tk5,7.49
1aqi,5.62
4fak,4.28
3tku,5.72
6udy,7.57
6mob,8.15
5v79,6.41
5o1f,4.52
1q72,6.85
1wm1,6.3
3iu8,6.24
3phe,7.8
4bhz,4.27
6npe,6.3
4eh5,3.09
2fgv,6.12
5tdb,5.84
5lyr,7.89
5a3n,7.72
4txs,3.0
2p3i,3.48
3c8a,6.18
5acx,5.05
2qf6,6.49
3fzn,4.01
4loh,6.96
4p72,4.09
4z2h,5.08
1c7f,9.52
4j73,4.56
2o2u,6.4
6b2q,8.05
6qha,5.3
1d7j,3.3
4bds,7.6
5x33,8.49
3tyq,8.3
6g1v,7.23
3at4,8.1
1o7o,4.49
2iw9,8.05
5ylu,8.62
4p4e,6.74
4egk,7.72
5tyl,7.82
2vvc,8.52
4fzc,8.4
4ytc,7.89
3thd,4.05
4az5,5.99
5le1,4.97
3as3,3.8
5egs,6.01
3t3c,10.23
2b1z,7.1
2z7g,8.95
4fk6,9.7
3usx,5.02
3p3g,9.74
6hmb,6.56
4xtv,9.27
2yit,9.54
3tz4,5.49
1o6q,7.64
5ot9,4.07
4hvd,8.85
5tzy,8.7
6ep9,6.84
2ov4,4.74
2zoq,6.05
4lrh,9.72
4qac,9.4
4qwj,5.77
2wzm,5.22
4er1,6.62
3r91,7.04
5eng,5.85
5opv,7.29
5tnt,8.31
6moo,9.17
5j4y,6.05
3vbt,4.43
3wz6,5.96
6hsz,6.94
4bgg,7.82
6suo,9.4
2f7i,7.1
6ink,6.57
4fzg,7.72
1w84,4.46
2o5k,7.82
3kyf,6.78
1gjb,6.35
4qw5,6.35
4pd6,4.44
2fs9,8.52
5emj,7.48
2xb7,9.19
6d56,8.05
6m89,5.64
6rfi,7.43
2gni,5.64
4h4m,8.52
5g46,2.6
5el2,4.47
5ztn,8.3
6nzf,9.04
6phr,6.7
5dbm,6.46
4d7b,7.68
3jy9,9.0
4kxl,6.22
4a6l,8.0
6a9o,5.24
2h5d,8.19
2o7v,5.96
5hor,8.22
4e7r,7.7
2c93,4.92
2yxj,9.3
5zyi,7.07
5am3,8.3
4jlg,8.7
3kqa,4.85
7cpa,13.96
3moe,4.3
1stc,8.1
4m3p,5.4
2vhq,3.85
1ao8,8.22
1w5x,8.4
1ppx,7.28
5wbz,6.41
3owk,5.82
6afh,6.12
4usw,2.69
3dga,4.52
3ho2,6.95
2fgi,7.34
2j7b,6.62
5ttu,7.33
1nxy,7.19
4edy,5.83
4e20,8.22
3fum,3.77
2w8y,9.09
4ikn,4.85
3s2p,7.17
5m7s,9.05
2wgi,4.07
3iob,3.42
1xnz,6.62
4f5y,5.43
2i0y,7.62
4btt,8.84
5alg,7.52
4pb1,2.82
3a1e,2.66
6c5f,4.48
5fqb,6.52
4x9w,6.85
5f0c,4.0
6bik,8.19
6cd8,4.71
2d2v,1.0
3fxb,5.85
4gpk,7.52
4he9,8.46
3g0f,7.66
6s4t,7.95
6dzy,5.52
1d3p,7.39
6nt2,8.82
5egm,8.62
3zpt,8.51
6b4n,10.55
6gxa,4.22
3hau,6.38
5xpi,5.28
4dcy,4.52
1f5k,3.74
5gn5,6.98
3oy3,7.45
1wbv,3.79
5ap7,6.29
1z6e,9.72
5nu3,6.64
6c2r,9.1
3ls4,6.3
5usf,9.16
6d4t,6.92
6d1h,3.72
4i7p,3.5
2xx5,6.7
1o79,6.39
1xap,8.7
4u71,5.22
2bpv,7.67
1no9,7.62
4qgi,3.9
4lmn,10.3
5iu8,7.74
1qb9,7.44
5isz,4.49
5t66,8.43
5eak,9.3
4l33,8.15
4ggl,9.0
1ppl,8.55
4c1d,5.36
2c68,5.74
5auz,4.01
1k9q,3.15
5v86,7.1
3clp,3.69
3kdb,9.85
5ual,3.58
1oyn,6.26
5lkr,5.48
1htg,8.42
6oio,6.54
1il3,2.55
5yum,3.65
4qp8,6.55
5eom,6.39
3sgv,4.46
5a5d,8.0
3u8w,9.0
4ij1,5.4
4m8x,10.2
3dba,8.0
4jvb,7.41
4gii,8.74
3f07,5.54
3bm6,7.59
5dyy,7.24
6ez9,7.77
1oau,7.7
2rg5,8.51
2e98,6.23
4h71,4.45
1j07,7.68
4ql1,7.03
1sln,6.64
2c6g,3.37
5faq,5.28
4ad2,6.2
6pl2,8.06
3eyg,8.8
2fwy,6.7
3pck,6.7
1j15,3.84
2hd1,3.3
4udb,9.15
1q83,12.39
3ijh,4.0
4f63,6.3
6pl1,7.65
5one,7.28
2wot,7.36
4eh6,2.46
3pvu,6.54
4zij,3.25
8lpr,6.62
4dq2,7.52
5nb7,8.22
3new,5.0
6ega,6.78
2vh6,9.7
4dds,5.01
2qd7,9.1
2zjw,7.7
4d1d,5.74
4jzr,7.8
6f8w,4.64
4mq2,7.01
1o39,7.13
2dq7,8.32
2xhm,6.8
4mrz,3.52
5lh8,7.72
3mqf,5.24
5mgi,5.95
5km2,4.41
3ert,9.6
3zns,7.41
6mkw,4.77
4p6x,7.04
4o2f,6.41
3kga,7.21
3c7q,7.68
4ddk,2.29
3rux,9.28
2of4,7.09
2boh,8.52
2hwi,5.52
5g42,2.3
2y06,6.1
4de5,3.15
3jxw,9.0
2vr0,4.42
4o05,7.43
2qu6,8.52
5ldm,3.86
3f17,8.63
3eys,5.52
5k1f,4.79
3ts4,8.72
5ehn,11.64
3iny,3.66
5oxl,3.25
2avm,5.7
3u1y,8.67
3dt1,8.62
4o2p,6.7
5hwu,5.27
4p0w,5.96
4na8,8.82
4fbx,7.66
6i63,7.01
5jzi,4.8
2xtn,7.4
2a3w,5.42
3dei,7.4
4bio,5.12
2r23,3.72
1qiw,7.74
4lmu,7.26
4est,5.02
1dbj,7.68
3fgc,3.92
3f6e,2.38
5myl,5.0
2cgr,7.28
6c7e,8.55
3g35,4.68
4i54,6.96
1rd4,7.74
4btb,5.01
5ake,7.82
1xdg,7.3
1me8,7.19
5u8a,7.89
1fwv,3.72
3f37,2.62
6duh,7.42
4hmk,6.1
2xdw,8.37
5xjm,9.37
4i0r,7.85
5fqp,7.72
5n3w,6.3
2uwd,8.35
4kmz,8.57
4lw1,3.15
3q6k,8.37
5tg4,3.32
5c6p,3.7
3spf,3.86
4w52,3.76
2c6k,6.14
4poj,8.1
3rbq,6.27
4cbt,7.3
2r3m,8.0
1sm3,4.62
2q70,8.08
2ojj,8.7
1qj1,8.05
3svv,6.94
1m7q,8.59
3shj,7.47
3oyp,8.7
6jtc,5.07
1g2l,7.24
4oc2,8.28
4bt5,2.76
1u3s,8.85
4n8r,5.0
1ywi,3.43
1y6a,7.66
4ufy,8.15
1g7q,6.06
5w0l,4.74
5l9i,7.0
5mqv,8.1
5osy,7.37
6p5w,5.29
6sdd,8.4
5n9r,5.59
3nuj,9.39
3qtf,6.96
4kox,4.77
3b95,5.15
2vw1,3.52
1uu7,4.85
4yat,5.03
5os5,3.39
4iqt,6.11
6dyy,10.55
4ty6,7.52
4aua,5.14
3sha,5.59
4ngq,8.8
2pyn,7.57
1km3,4.91
6bky,6.57
6u8b,6.37
1erq,7.89
6phx,3.32
2uym,5.51
4n7m,5.47
4gby,3.46
4r4q,5.09
4mra,4.47
2qd9,7.89
5f20,7.52
1w0x,5.3
3dkf,8.57
1cx9,6.75
3qtq,5.51
3rx8,6.21
3qs4,4.68
4dzw,7.89
5ni8,7.7
3gjd,7.33
6dd1,4.65
5zae,6.81
1ebw,9.05
3mt9,4.59
4rad,7.1
5ewd,3.7
2pym,6.82
6nxz,5.46
4l0b,7.17
3h2m,3.67
1lvc,6.0
4eop,6.05
6a30,4.89
6cea,3.14
4q1x,11.15
4zvi,6.33
4pry,7.7
3wf7,6.69
1uwh,7.66
5c2a,8.32
3lxl,8.3
2rfn,8.3
5kpl,6.29
2rkg,8.09
5w8j,6.43
1g3d,5.55
4aw5,6.12
2q64,8.52
4ohp,7.46
3oxc,8.41
5uqv,6.37
2qhc,8.96
6i76,5.07
3efj,7.41
1vgc,5.92
1al7,7.8
4q4s,6.95
3s1h,4.77
1qf0,7.38
2c4f,7.7
4inr,5.59
1xge,4.68
4nwk,8.7
6p7q,5.36
5elq,5.7
4nzm,6.85
4qxo,5.51
2w08,3.42
2q5k,11.3
5apr,7.77
6g7f,5.0
5f90,4.85
3e12,5.99
1f4y,6.08
2j77,4.89
5ody,8.4
6nad,9.3
6uim,6.74
1w2k,6.46
5ml6,9.45
5hv1,4.1
6eqa,4.85
1mq6,11.15
1pw6,5.22
3rxi,3.06
4y3y,2.35
3iqi,4.41
1lf3,7.0
3jwr,8.07
3muz,3.46
1s17,8.3
4tyl,3.22
3ipx,6.92
5h3q,8.22
2v7a,8.3
5v37,9.47
6bsk,6.92
4yoj,6.39
3ddu,7.4
3zcw,6.19
4cfe,7.22
6nem,7.92
2yex,10.0
3d7f,9.3
2euf,7.82
3qel,6.49
2q6f,5.44
1a5v,3.1
6p8a,3.59
3ig7,7.2
1a9m,6.92
6imi,4.58
1auj,8.25
3u7k,7.07
2h96,6.64
3fty,3.21
4mgb,5.44
4anq,6.22
2wi2,3.46
4brx,6.49
3zpu,8.38
3dcr,8.2
4dhl,4.48
2g9r,6.08
4xiq,7.07
4yti,7.89
6ed6,7.43
4ymg,4.68
1e1x,5.89
1ywr,7.89
4dce,6.76
1y3n,5.55
2ykb,5.96
4h58,6.72
5f4n,8.66
5zeq,8.82
6ib0,7.4
4hlg,6.51
4qw4,6.95
4z2i,7.44
4xsy,5.3
6g9d,8.37
6pht,3.41
3cph,6.48
3bsc,4.48
3f66,6.05
3i4y,7.05
4z83,7.4
5i9y,8.55
3h0e,8.15
5y6d,7.26
2gz7,6.52
3f5l,3.72
2wkt,4.31
4cki,5.96
4w5j,7.24
1lhe,9.54
5h2u,8.15
1mzs,5.15
5k00,8.15
6b2p,8.89
5yl2,4.5
2qry,8.64
2wsx,2.41
3qj0,5.2
6bhv,5.23
2ax9,9.52
1m51,4.73
2xiy,2.44
5xvf,6.15
6qad,7.85
3t0x,8.0
1d5r,1.82
3g2z,2.36
6qgf,6.0
3c4c,6.8
4zur,7.17
6au2,2.3
1gz9,3.51
5anw,8.52
3t19,8.66
2bqw,8.52
3dek,7.57
4pd8,6.03
4jin,5.64
4bo9,6.51
1p01,9.46
3mn8,6.17
5a4q,5.54
2wc3,6.08
6n3e,4.72
3u8k,8.66
6bbx,6.67
3d0b,6.54
6mhc,6.43
4l0s,6.84
5c4k,4.56
2qrq,5.1
4aa2,3.97
4du8,5.37
4f3k,10.16
6pfj,6.41
4cfv,4.63
1b55,7.4
6i0c,6.85
5lsc,4.7
4l70,5.66
6ela,7.59
4hym,8.22
6h51,6.87
5fog,3.67
6r4k,5.07
2jbo,8.07
1f0r,7.66
4loy,8.09
3t3g,5.49
4acc,7.7
6e23,10.0
2wcx,7.6
4csd,5.91
1cpi,7.41
1h1s,8.22
4i9z,7.74
2fah,1.3
3zxh,8.52
1ogd,3.03
3si4,3.88
3ekx,9.41
6qr7,7.15
3i9g,8.96
4f9w,6.94
5wa8,6.23
5afv,5.59
2tpi,4.31
2x7d,6.7
2vnf,5.52
5a81,5.54
2pvm,6.44
6q6f,3.35
5uiq,4.26
3qqs,5.82
1wu1,7.74
4ay6,5.12
6eog,5.8
1wuq,8.27
2cgw,4.76
4mbf,5.77
2nq6,5.82
6qdx,4.52
5f2u,8.43
5lyx,7.42
6cyi,5.04
5nib,7.72
5wpb,3.57
4ag8,8.96
4o2c,8.0
3ebp,5.91
3hxf,4.96
2zm3,6.21
3u3u,6.88
4luo,3.24
2ctc,3.89
3rcj,6.1
3ud9,4.67
5ivv,6.35
4o07,7.38
3v9b,9.3
4ouj,2.86
4l1u,5.26
1pyg,5.52
2xh5,7.57
4ctk,2.0
3fv3,9.52
5w5k,8.3
6j8r,6.12
3gfw,7.57
4zun,4.59
5x72,6.33
5m4q,3.51
4ujb,8.0
2bdy,7.77
1nax,6.43
5laq,9.2
3ayc,4.24
4ep2,5.35
5b4k,9.34
6u9v,7.4
5npc,4.0
5o3r,5.0
3b8r,9.22
6nvi,8.59
6mzq,8.41
4yes,8.02
4ia0,7.11
2e9u,8.1
1gj6,7.0
1i7z,6.4
1c3i,5.8
5knr,5.85
6fe5,9.3
4duh,5.18
1w83,7.19
2gg2,6.6
4puk,7.28
6k9u,10.05
2pjl,6.72
4c6v,4.59
1z6p,6.05
3ufa,5.0
3lka,2.82
2y81,8.7
4hgs,8.3
4ehv,2.29
6pia,4.96
4x21,7.44
1pxl,6.05
4y6s,5.03
3roc,8.19
3vhd,9.28
2q8g,7.06
4op2,5.93
5voj,8.44
4ylk,6.74
2wmw,6.41
6q8c,7.68
2nxl,6.27
4fs3,7.85
4xs2,5.82
4yab,5.07
3gr2,2.52
1nnu,6.82
3qiz,5.21
3arz,6.0
4bcc,8.05
4p44,7.8
3ptg,7.6
2qi0,7.38
2zkj,5.48
5ll7,5.61
6bnl,6.96
3fui,6.8
1a7x,9.7
6oxr,10.32
3tv4,6.96
4i2w,3.92
5i4v,8.52
2zxg,8.82
5ij7,8.51
5y9l,5.72
4rx5,8.52
5k4i,8.51
3o4l,5.09
1o34,5.74
6jb4,5.98
2xy9,9.19
5lg3,3.8
6hrw,6.0
2fq6,7.1
6cer,5.36
4fxp,4.09
2vo4,4.94
4nw7,6.63
3jy0,8.3
5if6,7.23
5iok,5.02
3el0,7.47
2f5t,5.17
4r75,7.24
1rek,6.7
3p4r,2.72
6i8m,7.8
5typ,7.6
1ett,5.89
4wag,7.08
3wf9,6.25
4hge,7.92
6jio,4.55
2asu,9.0
3eyd,9.7
1w2g,4.57
3c8b,6.1
3fzc,5.39
5etj,10.18
2ygu,6.49
4dfl,6.17
4eon,6.05
5os0,2.55
1jr1,8.22
3krj,8.96
1ibg,8.55
5zo7,9.0
5m56,7.89
2ff2,8.21
1xka,6.88
2srt,6.64
6if0,6.51
2cgf,6.41
2vd1,6.86
1utm,3.01
5qb2,4.15
3ggu,9.77
5kls,6.71
5dhh,9.18
5iua,8.82
5a54,6.15
4pjt,9.24
5zma,5.52
6gu2,5.8
2ves,7.7
1xjd,9.48
5lpr,6.57
1you,9.06
3su2,7.35
2wbb,6.04
3a2c,6.9
1me7,7.19
5djp,5.15
3v3q,6.6
5l6o,8.22
2vcw,3.05
4gs6,7.15
5aep,7.17
4owv,4.35
1zoe,7.4
5t8p,5.89
3std,11.11
4nq6,4.28
2f2h,5.7
4b6u,5.11
6p14,6.66
3tgs,5.39
3aza,5.13
5l3a,4.89
3h9o,7.15
6qhg,3.13
5xbt,5.14
3ctq,7.4
5akl,7.07
4k6z,8.7
1mh5,9.21
5l7k,10.37
3sh0,5.66
4wz5,5.51
5yjb,7.54
4h42,3.47
4gm3,9.0
3bkl,6.17
3uzc,9.61
4yb5,4.71
3l9m,7.3
6abp,6.36
5bpa,9.0
6b31,8.44
3g0e,7.7
2b7d,8.7
1fj4,4.59
3sn8,5.65
6i7a,4.26
4eh9,2.26
5w0i,8.85
5vqv,6.4
1xws,8.0
2xng,7.22
6d1j,4.25
3e90,7.39
6fqu,5.66
1bm6,7.89
2i40,5.8
5x5o,8.3
2lyb,4.46
2o9i,7.4
6p10,5.22
4jfj,5.68
3kec,7.24
4eev,8.33
6ej4,6.8
4ju4,6.47
3psd,8.52
4gsy,6.92
5ymx,6.92
5d12,7.37
1o5g,4.96
3are,6.21
3lfs,5.6
4aqh,6.54
3tn8,6.13
1t46,6.43
4jv6,6.66
6eiz,6.22
4m0r,5.21
5dit,6.15
1py1,4.4
4qlv,7.85
4cqg,9.39
4dfu,4.6
4hla,10.8
2g9u,6.08
3pcn,3.66
6h50,6.81
3hdk,4.76
2p2h,7.17
1fiv,6.59
3s3m,7.4
2qnn,7.15
4oyo,3.52
3hyf,5.92
2gm1,7.0
5l8y,6.4
1re1,5.21
5l9h,6.4
6of5,5.35
6gop,9.15
5c28,5.66
2bw7,5.7
5tco,8.19
2chm,8.26
3ij0,4.88
4a7j,7.0
1gwm,4.1
3zo4,6.83
4fvr,6.0
1ec9,3.1
5hct,7.6
2fda,6.3
4ft2,5.64
5tyn,9.28
1o2v,5.85
1pph,5.92
3u4w,8.4
6hk3,7.5
3sv9,5.0
3mta,4.3
4de3,5.52
5c6o,3.7
5a7b,3.57
3dej,8.0
1zm7,3.0
3vws,3.65
3b25,6.07
3khv,1.85
2x7c,5.7
4kb8,7.89
6dpy,4.1
5n49,6.33
2cle,3.55
2zq0,6.82
6dkb,9.15
3m36,9.82
5ieg,5.74
6inm,6.29
4lhm,3.39
1dth,8.22
2p3g,6.9
3jq8,4.46
2q2z,8.7
4muk,6.6
5nob,8.2
3s22,5.46
6ce8,3.41
1g2m,7.4
5kva,5.14
1so2,9.57
3rxg,2.15
6dj5,8.14
5lxb,9.77
3co9,8.0
6hry,4.0
6qrc,4.89
6d1b,3.91
3khj,7.55
4jq7,6.41
3ahn,7.05
5a0c,9.27
3u4r,7.41
3r1v,6.92
3s7b,6.3
1ur9,5.77
2whp,4.0
3fcl,3.5
1c5s,6.0
5xiw,4.96
4mds,5.21
4e5i,5.3
5wa6,6.36
6det,8.22
2aoe,7.62
6aam,8.32
2cji,8.22
2ces,7.25
3fpm,5.05
6dk1,7.65
6pvy,3.19
5zo8,8.2
3f36,2.89
1nj5,7.3
1em6,8.22
6a03,5.25
1yrs,6.35
4eft,4.07
5eef,8.32
4kc4,3.23
2x2m,6.77
2anm,8.74
5fkj,10.66
2b1r,1.0
3t6b,6.36
5wal,8.77
2pfy,6.52
5alu,7.66
3alt,2.92
4jlj,6.13
6ncn,3.05
4p6w,9.15
1gaf,8.0
4iva,7.16
5xii,7.12
4ca8,6.68
6qe0,4.6
4pow,6.3
5j18,9.15
1ndw,5.23
5ywg,8.34
3ijg,4.27
4g55,4.92
3qd3,8.0
4pnc,5.43
4i9o,5.72
1zog,7.15
1tg5,7.92
4w4x,6.99
5w0q,8.0
3zqe,4.23
5zt1,4.67
3r0y,4.84
5lif,5.87
4yne,8.52
6qas,7.74
6alz,10.42
5wf6,7.83
2nww,5.48
3b66,8.6
6cq1,3.66
5u7m,6.74
4ge9,8.8
1gx0,4.22
4yrc,2.7
4ly1,7.26
3evf,6.77
2m0v,5.97
3chg,3.99
5aqo,2.85
4p4j,6.15
5wrs,5.52
1w1v,2.2
4ear,9.82
3el8,7.6
3mpm,7.52
2pjc,8.72
2obj,7.3
4qyh,8.89
1m1b,4.66
3os3,6.63
3di6,7.0
5toz,9.46
3ljt,6.89
6m8w,6.22
3c14,3.52
6cqz,9.64
3a5y,7.96
2gvd,7.0
1fzm,7.7
2q95,5.8
4etz,6.3
2xj0,2.82
5wbk,6.03
6aak,9.15
3fyz,5.8
6qqv,4.92
2x8i,6.72
6hkn,7.29
4gk4,7.85
4qij,5.54
5e80,8.3
3v4t,4.11
2wn9,8.52
3ftw,2.78
5oje,5.21
4enx,6.26
4ay5,6.27
4q18,6.13
5vp9,8.99
4jia,9.22
2j83,4.21
4jne,5.86
1u1w,5.85
3g3m,5.96
2xix,2.3
6jon,4.88
4m0e,6.22
5n16,5.3
5alm,6.53
6fnf,7.89
4m1j,9.7
4qhc,6.7
6gzd,8.01
3fzr,7.96
3nuo,9.8
4und,8.96
5oui,4.03
5ev8,5.22
1jsv,5.7
6b8y,9.66
5dgu,11.35
3zuk,7.46
3wke,8.89
3pxz,5.23
4asd,9.28
1gvx,7.22
1jzs,6.6
4a23,5.89
3rk7,6.7
5tqe,6.72
6ma2,5.39
4crd,7.1
3lp2,6.66
4i73,6.72
6g33,8.15
1w5w,8.8
5vnd,6.49
1bwn,7.06
1u2r,5.41
3g6g,8.55
5nq5,5.0
5e2l,4.03
1tfz,8.15
4fe6,10.0
1yye,8.57
6qr9,6.72
2j3q,6.15
1ag9,9.0
6pt3,9.41
3lpr,5.96
2p3d,6.74
6ew7,5.54
1sh9,6.03
3kfa,7.6
5uxn,4.64
4py4,5.77
3okp,4.72
4x8v,6.89
1m9n,6.92
5drq,10.92
5tza,9.0
3i97,5.52
5l3j,6.64
2bza,2.8
6ayt,8.85
6t6a,6.7
2toh,4.15
2r3g,6.1
3pcf,6.05
1g9d,5.3
4m3e,6.25
4dsy,4.43
5yyf,6.48
3mt8,4.55
2nmy,8.37
3ok9,11.23
2xa4,8.52
1h6h,5.3
3m8u,4.89
1zsf,9.92
5zym,5.77
5nge,7.19
1kug,3.8
1rri,5.82
3o0j,7.19
6fnj,6.85
3f3e,7.7
3nrm,8.4
5e91,8.4
6ia7,5.7
3i0s,9.0
4x7q,7.85
3nzc,7.02
2e9o,7.7
4xv1,8.38
1k6t,7.62
5f0f,6.0
5alh,7.07
2ha3,3.03
1h8s,5.81
2ew6,4.97
1pf7,10.14
2waj,6.4
5vcv,6.82
4gih,8.32
1bq3,5.4
4je8,5.21
1zpa,8.4
3s54,9.64
1q1y,7.7
3pcu,5.29
5ovf,6.85
6ma4,7.35
4w7t,6.05
4oex,5.84
1pus,7.28
2qhm,6.18
4lv2,8.0
5ivj,7.34
2vqt,6.0
5cr7,3.1
4lm1,3.23
5jf7,6.04
3r0t,9.04
5iee,4.94
1uyi,5.39
5eie,7.64
3g58,9.28
2mip,8.46
3u6i,9.0
5tts,7.25
3zm9,7.42
6fui,4.46
4bo6,6.74
4jfk,6.44
1uvu,5.0
5h17,6.05
4bzs,7.12
6d19,6.61
4na7,9.7
5c1w,5.06
4o4g,8.05
3pcj,7.22
6dzv,6.4
2xii,7.2
3wti,5.9
3wbl,4.64
5f1u,6.4
5ap6,7.88
4yfi,6.3
6gz9,2.13
5aqn,2.77
5m4f,7.89
3t6j,6.36
4qnu,6.4
1ctu,11.92
2f81,10.52
4kju,8.22
1aj7,3.87
3v6r,6.15
3srg,5.7
1fsy,6.82
1fvv,8.0
6dai,4.07
1jgl,8.7
6bqk,9.0
2psx,5.77
4u5o,2.42
6d4q,6.08
2vw2,3.3
3ua9,7.25
6bl1,6.96
4gue,5.24
3g8o,7.8
3piy,6.54
1y2h,7.25
3bti,6.14
2w3i,10.0
6jjm,2.85
2zva,7.96
6rot,6.32
4yhf,8.34
1zkl,5.09
1hvr,9.51
4eb8,9.82
5n93,8.66
5gty,7.72
4o2e,8.0
4eym,4.01
2r4b,7.18
6min,3.91
4jv8,5.85
5v3h,8.3
4puz,8.11
3v2p,6.36
2yke,5.96
6s9c,6.57
5bms,6.34
3gm0,7.77
1vrt,7.1
4b83,5.15
5emm,7.74
2ofu,9.0
2r59,8.19
5g2b,7.0
4cpr,7.46
2xvd,8.7
2b4m,3.53
5xn3,6.17
2i0e,8.7
5fdg,6.37
5htb,6.77
4z2k,5.78
4bcg,8.15
1heg,7.74
4x61,9.0
6n4t,8.09
2gg5,6.6
5umx,5.96
5itp,5.0
4yrr,2.7
5a3x,6.1
4fxy,7.54
6hv2,4.28
2vnt,8.0
4dfg,11.74
4uxj,5.42
5qao,3.62
6baw,5.38
3kyg,7.46
5fas,7.47
6pgb,4.6
4y73,9.52
3aox,9.08
2oji,7.07
1bb0,8.36
2pj7,7.77
4hbp,8.42
2evo,7.17
4rx9,7.89
6er4,2.77
3tjc,7.51
3dkg,5.0
6cd9,4.42
3i4b,8.15
4uda,7.59
3mvh,9.3
2z7r,9.52
6guh,7.59
5i12,5.92
6q8k,6.54
4ih6,4.74
5mi3,6.84
6skc,7.1
6gxy,5.24
2ilp,4.82
5ut0,5.88
5l8o,3.38
3si3,4.16
3n3l,3.3
4nrk,7.62
5kj2,7.82
4msn,4.03
3ud8,5.38
2ya7,3.14
1bxo,10.0
2w06,7.08
1dl7,6.49
3zos,8.89
5ivc,5.92
4ef4,5.35
3gww,0.45
3t3h,5.71
2d3u,6.92
1tl1,6.42
3stj,4.8
4wnm,7.59
6gu6,5.74
1qb1,6.77
6ft9,6.96
2qmj,4.21
2hzl,6.57
3gnw,9.1
4bdj,5.14
3zm4,5.96
3wym,9.52
4c9x,7.32
5l7e,6.6
3ewh,7.16
3zya,7.0
3hf6,7.59
2vvt,5.24
5ufp,7.37
2pj4,7.89
1t79,6.04
2ha7,3.36
2zyb,7.7
4mpe,6.37
1iep,7.0
2y7k,4.93
4yp8,7.89
4joa,7.54
5ukk,6.21
5a4c,8.24
3kqc,8.66
4bti,9.7
4eo6,8.7
4r5w,7.13
1k1j,7.55
5efh,6.1
6nrg,7.25
1fgi,5.0
5fq9,6.48
6gmd,3.69
4c4h,8.22
5w8i,6.82
4lp9,6.21
3i60,8.7
5kdf,3.27
6kdz,8.54
5ivt,9.1
5if4,9.0
4kz6,3.1
5om7,5.74
1ta6,9.13
6gub,7.64
2wk2,6.82
5ktu,6.21
4azf,6.35
3cpc,5.3
2ada,13.0
3fci,5.89
4f9y,6.74
2wik,3.18
2l7u,3.98
4x60,9.0
6s57,5.1
6huu,7.46
5tex,6.4
4qwf,6.0
1os0,6.03
2w1f,8.23
3f33,3.34
6cv8,3.17
4w97,7.1
3g3n,6.29
3q72,5.8
2jbj,9.7
2w0j,6.62
4c4f,7.59
6o2p,8.18
6iiw,5.66
5qa4,3.77
2hw2,2.97
4fns,6.7
2bvr,3.7
5f0h,4.48
4giu,5.33
2r0u,9.0
4ufe,8.15
3hek,8.27
5oq8,5.85
5qab,3.65
5fck,8.22
4c1m,7.8
6nu5,5.15
4flj,5.13
4ntj,7.36
2qlj,5.36
4n7h,5.48
4bzo,7.89
1yvx,5.1
2j2i,6.7
6ne5,10.52
3hfj,4.44
1fpc,7.0
6pml,3.09
4dai,6.96
4kzb,2.89
3shb,6.03
2jh5,6.44
3ggv,10.85
6qqw,4.72
3jpv,6.92
5x28,8.4
4i2z,4.87
4z0k,6.34
3f34,3.16
2vb8,4.6
6t1j,4.74
5cbm,7.77
4gkh,4.67
2fxr,7.6
2i72,7.43
3gyn,7.21
3fc1,8.0
4ux4,7.01
3wf5,7.09
3kdc,9.28
5xvq,5.05
3i8t,3.22
1y2c,6.57
1v0n,7.55
2cgx,4.81
3hdm,7.4
1upk,6.4
2fl5,8.74
5ak6,3.49
1yc5,3.0
2cej,8.62
6nng,4.23
1qxy,4.8
2d41,6.82
6rtn,6.63
1xsc,4.3
2ioa,5.49
2xup,12.39
5mpn,7.07
5akj,5.86
6a05,4.89
5ue4,6.36
4jyu,8.0
2c4g,5.94
6dih,2.72
2vx9,7.44
4yl0,8.22
1gvu,9.0
5h63,5.92
1akv,11.59
3hnz,7.72
5lrk,8.82
2ypi,4.82
3dpf,7.24
4ps0,4.04
5ni0,5.74
5jfp,9.32
1b74,1.3
4oz2,3.0
6glb,6.89
5kcb,6.0
1ppc,6.16
6gue,8.4
3fi3,7.92
2kbs,5.0
2jdo,6.64
3f5p,6.85
4px6,8.4
6eo9,6.8
5wic,4.64
5mw2,8.52
1g9c,5.3
5tq4,8.38
1h00,4.42
4tmn,10.17
6e22,8.89
1pxj,4.89
5qck,7.64
5aux,5.0
1htf,6.83
4isi,8.14
4p10,8.1
5z68,5.89
2wk6,3.32
1fig,6.22
1gt1,6.0
1bdr,6.68
2y1g,6.15
3ezv,5.98
3itu,4.4
6f6n,3.02
2wtx,2.89
4mx1,3.68
6g6z,6.66
3h5s,8.3
1ycm,8.0
5aqk,3.65
2wyj,9.0
4pum,6.73
4kov,3.75
4ddh,3.3
5vqi,6.25
2gj4,6.5
2zdk,6.37
2vpe,4.94
3f68,5.06
6htz,6.74
4y2s,4.28
1d8f,7.74
4fcm,3.94
2jle,6.42
4rdn,5.92
1czk,8.82
2r3h,4.7
4bs0,5.7
2eg8,4.5
5dgz,7.85
4iku,5.75
5csw,8.4
3v01,7.6
6eee,7.54
4hod,6.1
5wbm,4.7
1d4k,9.22
3cd8,8.05
6hop,5.62
2y4a,4.38
1d4h,10.0
6fmc,5.88
3usn,6.15
1apw,8.0
4xhl,4.43
1ox9,5.21
4gk7,7.9
3ug2,8.25
6n17,3.0
4yve,7.0
4rx7,8.3
6fzm,6.04
1bmk,7.6
1o3j,6.77
6npu,6.4
5ceq,7.38
6mo4,8.34
5am6,6.73
3qgw,5.89
2uyi,6.32
2b54,7.7
4zsg,5.0
4kby,6.73
6djj,4.1
5his,4.71
3t1m,3.04
6h7m,7.8
5ja0,5.22
1ujk,6.57
6f9v,6.76
4yth,8.7
5alo,6.13
4j4n,6.88
4btm,5.39
2py4,6.7
5e3a,5.44
1bmm,7.1
2gnh,6.83
2z4b,9.36
4uct,3.12
3nxq,8.15
3m8q,9.52
3p7a,6.28
3umq,4.62
4an1,10.26
5ndb,4.66
4cpx,7.77
5lxp,6.12
6gxg,5.24
5hcy,8.92
2e99,6.16
2gu8,8.59
4ju7,6.17
1o2n,6.09
4kzu,6.5
1li3,4.25
4kab,4.03
2rkd,2.72
5hlp,7.27
5edl,8.35
3e51,7.85
3frg,8.4
1oe0,5.16
4agn,3.97
3h2n,3.67
4p4b,7.85
4umr,3.8
4e3k,9.1
5olk,6.0
3pdc,7.49
6r5f,7.7
5k4l,7.3
5dl1,5.0
4az2,7.33
4pee,8.32
6hhh,7.17
3sfi,6.4
6c0s,7.05
5n18,5.68
1qan,4.48
3owd,7.52
6cve,6.8
3rse,7.0
1bug,4.37
4dcx,4.5
4ixh,8.21
1zp8,8.77
1pqc,7.0
4emt,5.3
3isj,3.68
6h7o,9.85
5om2,4.06
6nwk,7.7
3fc2,9.06
2ojg,5.64
1w7x,8.4
3doy,5.82
2qv7,3.66
2xln,4.48
5bs4,11.0
3cgy,3.15
2wnj,6.48
6gw4,5.92
4pov,8.28
4a4l,7.82
4fn5,6.76
5eth,7.25
4gj3,8.85
4ufz,6.31
4url,6.3
1nj1,7.6
3iww,7.96
2who,7.7
3n46,4.3
6dq5,5.19
5y6k,6.07
2ymd,3.16
3oy1,7.8
6h0u,6.77
5mev,7.0
3l3m,8.22
2bok,6.55
2yk1,8.13
2xc0,6.72
4yrg,2.7
1bjv,5.54
1ida,8.7
1rtl,5.59
4wi1,5.3
5fqs,7.36
2ym4,5.82
4bxn,8.0
5f3z,4.54
4msa,3.3
6qg4,8.07
4hgt,7.4
1dif,10.66
3e92,8.0
3iss,6.05
6cgp,7.12
5ccl,4.77
3gsg,2.7
3zj8,3.9
4c1f,4.63
6egs,3.59
3suf,7.56
3wc7,8.26
2y4l,6.3
3az8,6.0
1yei,7.46
1axr,3.27
3kxz,7.46
5alj,5.56
2gej,6.64
3atm,3.06
5kks,8.7
5mys,4.3
3rxd,3.73
5km5,6.92
4anb,8.18
1nfu,7.74
6mhd,7.29
2gl0,4.82
1sqp,8.2
3krw,7.38
4zcs,4.33
3oe6,8.09
4klv,3.78
5a3u,8.32
2fj0,7.66
4qmx,4.96
4yrt,2.78
5ouh,5.67
2rfy,5.22
5hn8,4.01
6rtw,6.43
2zft,6.52
1d6n,4.5
1hxb,9.92
5jt9,6.63
6qgg,6.3
4dem,7.55
4qp9,7.15
6hp5,7.27
4uv9,6.01
2xne,6.72
1sj0,9.1
1hxw,10.82
3qqu,8.62
4ppc,9.03
2v96,4.54
3w1f,8.44
4mp2,5.45
6euc,3.77
4fys,4.82
1t4v,7.68
1ele,6.85
4oym,4.96
1dwd,8.18
3cpb,4.6
4ijl,3.87
4fil,7.47
3qcx,7.2
3chs,7.77
1o5a,6.42
3vap,8.4
2wev,8.0
3c6t,8.68
6bsl,9.0
3oe8,8.14
5cap,7.28
4hld,9.3
4rhu,6.16
2o22,7.17
6dq8,6.59
6hdo,6.6
5jnl,6.57
3amv,7.97
2fqy,6.57
4xtx,10.57
4nk3,6.33
5t4v,7.22
3ljg,7.73
6d9x,3.49
6pno,5.32
2f4j,5.66
2xyu,5.35
4tn2,6.92
5u0z,6.19
2jdu,6.72
5eol,9.52
1b6k,8.74
3rin,8.89
4uzd,9.22
4bhf,3.46
6b1f,8.72
2bpy,7.4
6b1y,7.4
4y2x,6.29
1c3r,6.4
1gz4,3.7
3wz7,5.74
1kzn,8.92
2pjt,6.07
2bqv,8.05
4qvv,5.15
3d1y,8.22
1utt,4.0
6en5,7.94
7gpb,5.52
5bpp,4.8
1w76,6.15
1j16,3.84
9lpr,5.7
2rk7,4.05
3tki,10.3
3uhm,8.44
4qlq,8.18
5a2k,6.35
3k84,8.52
6c91,6.19
2c3k,7.59
6d1d,4.47
4w9o,7.77
6i64,7.31
3pvw,7.27
5jhd,4.52
1fax,7.39
1f0u,7.16
4ra5,8.4
5nu5,6.33
5mjb,8.52
5nt0,6.55
5ko5,4.57
1ezq,9.05
3v43,4.63
1ws1,9.55
5tyo,8.21
5na0,9.77
4ej8,5.39
4llk,3.0
6apr,7.77
2hds,2.0
5u9d,9.26
3ps1,10.17
6dpz,3.59
3r04,6.92
2hxl,7.92
4afg,8.3
5lpd,10.15
5czm,8.32
4ngm,10.35
3ms9,5.22
5e2p,8.8
3g4i,9.04
5tzd,5.74
3a1c,4.0
3r4o,8.15
2qln,5.43
4qz6,5.53
5uz0,7.8
6mqe,11.29
6mo0,6.23
3aw0,5.24
3m6p,8.35
2w3l,7.52
3px8,3.64
220l,3.4
5mmn,6.7
5tku,9.8
6k1q,7.46
5cyi,5.88
2xyn,8.4
5opr,5.59
3ouh,7.1
6dyw,10.44
4tya,2.39
5kyj,7.89
4ty8,2.03
2lya,4.19
5ntt,5.75
5kw2,9.09
5mw6,4.73
6duk,9.59
2yhw,5.6
5lcj,6.64
1f0s,7.74
830c,9.28
4d0w,7.7
6e7x,6.76
4lch,10.62
4bjb,6.66
2xuf,14.39
6qh9,5.0
2vtt,7.36
5ou1,6.07
2x2l,5.28
3csl,7.22
4ny3,4.31
5aip,2.82
1a4w,5.92
1g9a,5.3
2w47,4.98
6qlr,4.82
4wke,8.1
2c94,6.82
5l8c,7.0
5x9o,5.3
4n1u,8.3
5k0i,8.7
5zhj,5.0
1gj4,4.07
2iu0,6.89
6nmb,2.7
4muw,8.01
4ajn,7.16
5lxd,8.5
3ap4,3.92
4uuq,7.54
4iic,4.85
2pyi,3.75
5wip,4.71
4int,5.8
1gym,2.7
1pxm,7.22
2exc,6.63
4j9a,8.22
5usq,7.0
3st6,3.62
3m9f,11.15
2rka,3.0
5exl,8.43
2vjx,4.96
3gjw,8.3
4qgh,9.0
1mai,6.68
1ec1,8.92
4l1a,8.27
5i86,6.28
6g9m,8.1
4zy1,8.14
6gnm,4.26
4afj,6.4
2xaj,3.77
1dzk,6.1
6hzu,8.26
3b27,5.16
6n48,5.92
2qe4,7.96
2hpa,4.6
1z3t,3.94
1gt5,6.1
4u7v,5.49
1l5q,3.97
3b92,8.0
5fh7,6.86
5kqd,6.3
3b68,8.4
3zj6,6.66
5svl,8.55
6hou,4.27
4uyn,8.4
2vcj,7.68
3sou,5.68
3t2p,3.6
1o8b,2.68
6qr4,6.23
6oir,7.77
5j9y,7.24
5x9p,6.89
1j14,4.49
2brm,5.89
6fmf,5.88
1qcp,7.52
2ypp,4.41
3n6k,6.74
4f9g,5.62
1caq,7.72
1s38,5.15
3lpb,7.38
3ny3,4.71
6p1d,7.41
4q1c,8.7
6npi,5.7
4yrs,3.07
1m5w,4.27
3k8o,11.07
4hcu,8.0
1fvt,7.22
1oss,4.79
4dn0,5.72
3l9l,6.78
4glw,6.1
5iu7,8.96
6npp,6.05
4iz0,4.0
5f41,4.17
6nvh,7.95
2c6n,6.88
2jdm,5.4
4ge7,8.15
4byi,8.05
4ca7,7.36
2np9,5.57
5ma7,3.47
5csh,3.57
3uqg,5.0
5unp,10.02
3q7p,5.8
4y8y,9.15
3q3k,8.13
6dz0,9.03
6ful,4.92
3gxl,7.6
3b9s,5.3
4uvc,6.88
3zjt,5.64
4x8o,6.6
3fmq,7.95
4x0u,7.4
3h5b,10.0
5wag,5.21
5e3d,4.02
2nxm,5.19
2y4m,6.46
5tzc,8.1
3ma3,7.22
6fdt,4.3
4g68,7.92
2ycf,10.52
6py0,6.41
6f3i,7.68
4uj9,8.7
2qn1,4.77
3l8v,8.1
6cyg,4.17
1ysi,7.44
3pj3,5.25
5eci,3.8
4hva,5.89
4oow,5.37
4c52,5.68
3lik,8.72
5ou3,6.21
6hmg,4.94
5lma,6.6
1x6u,3.22
5wap,6.52
5ugh,6.77
5hvu,7.89
5fd2,7.05
1wbo,3.0
5h8g,10.32
3tb6,5.08
1uj5,3.05
4ayu,4.73
2hog,9.52
4zji,6.47
3qlc,5.43
3arp,7.15
2vwl,7.02
4n1t,9.1
3pax,5.0
4mi3,4.12
4rvm,9.0
1uyf,4.52
4aa1,4.12
4tw7,7.59
5mt0,3.3
6ezh,7.04
2jbu,3.4
4qtd,5.97
5ewj,6.89
4eh3,3.53
3ttj,6.68
4i0s,7.44
3erd,9.9
2ndo,3.25
3l0n,2.77
3eg6,5.77
5tcc,5.66
3p9l,5.3
1bv9,9.96
3gi4,10.8
1l5s,3.26
4xar,6.97
2vpo,5.42
4p74,5.0
4o9v,8.0
3pcb,2.4
6czd,3.85
5fsn,5.77
5cqj,4.81
1uto,2.27
4qmo,7.72
6mep,7.35
3il6,6.57
4xhe,10.3
4c1e,7.14
6djd,2.14
4mpn,6.62
5fue,6.33
3sv7,6.08
6iup,7.64
3i1y,8.15
1gpk,5.37
6pnn,5.16
3r6c,4.72
3pjc,7.57
2wig,3.43
3ms7,3.43
3n2c,5.12
5dy7,3.7
187l,3.37
5ald,5.97
4kif,4.84
2iwx,6.68
6b1c,6.95
1uvt,7.64
3mj2,7.82
2r5p,8.48
4hiq,8.21
5v9t,7.35
2vpp,6.12
1v2j,3.25
3nga,8.0
4agl,3.65
3iu9,6.62
3hxi,6.33
3lk8,7.71
6ar9,5.18
4w9n,4.26
2hah,8.0
1bzy,8.34
1lyx,4.54
6st0,5.13
2zc9,6.74
1eby,9.7
6aum,9.1
2f0z,4.77
4hdb,8.05
3c4h,5.7
6ccu,4.45
3wzj,8.18
1g9s,3.61
4dr9,8.0
4u3f,8.39
6m9f,8.22
3rah,7.92
5lwd,6.24
5oxk,2.17
5orv,2.89
5tqf,8.3
1btn,4.4
3te5,4.91
3ipu,7.32
4u01,8.46
1ove,9.13
6qzb,6.47
5ory,3.45
5f08,5.52
4ryl,7.28
5ld8,8.05
4aif,4.84
4mot,7.3
4l32,6.84
1d2e,6.0
4no9,7.82
5oug,2.77
4u73,5.18
4w9p,7.8
5j6d,8.22
2boj,5.77
3b0w,5.7
1di8,6.0
3vf5,9.34
5iz9,5.42
3qxv,8.4
6agk,5.58
4awq,6.32
6pge,3.62
4bv2,3.74
5khd,5.6
4re9,4.92
2ofv,9.7
5hx6,8.0
4awf,5.57
4zbf,7.13
6qft,7.46
1v0p,6.89
2f80,8.18
4dbn,8.15
4ap7,7.96
2c6m,6.46
5nau,7.52
3cyx,8.0
2rio,4.69
6cnk,7.77
5orj,4.77
5iu2,7.8
1pb9,3.62
2y8l,5.82
1xh5,5.47
4uat,5.89
2zif,4.37
3btl,5.96
1him,7.7
2iwu,5.92
3emh,6.85
1ljt,5.15
6guc,7.6
5mwd,5.72
3l4x,6.89
1qbn,5.85
1qw7,3.6
1bky,3.84
2i4v,11.2
4j09,4.77
4r4o,5.82
4cfw,6.29
5en3,6.21
1hpx,11.26
5yun,5.52
2qpj,6.35
3ttm,8.52
3f15,8.1
4ac3,3.96
2eum,6.7
1aw1,1.05
6mlg,5.05
4jft,5.46
3bz3,8.82
3g31,2.89
1m74,7.0
5uis,6.84
6n5h,6.45
6gnp,4.55
2y59,6.44
2h5e,8.25
5c42,8.72
6otg,7.5
1u59,7.25
3s1y,6.22
6pnm,5.17
5uv5,7.7
4fiv,6.52
5div,6.85
5tci,6.88
1z4u,7.15
5ely,7.36
5ne1,8.28
1a4r,6.66
5zqu,5.15
4uib,9.0
5dh3,7.42
3msc,3.31
4bi7,4.58
4raq,6.72
4umj,5.57
6hmp,6.86
4qt0,6.29
1r6n,7.4
3qrk,7.24
4d2d,3.47
4lxb,8.15
4wt6,7.92
6hdn,4.3
6n6o,9.15
6gcw,8.64
4pnq,5.0
1f0t,6.0
4y24,6.66
5qa9,3.64
5ia2,7.72
4o2a,5.74
6b4l,6.47
1kf0,2.55
4do4,7.29
2vci,7.68
4o45,4.15
5zz2,8.85
2rly,3.57
6ayd,6.3
3hlo,6.21
2oh0,7.74
4ba3,5.54
6i5g,4.89
4c73,4.92
3h21,4.7
3ans,6.25
4g3g,8.43
1g49,7.8
9hvp,8.35
5mft,7.47
4d4d,5.96
4mjo,6.22
3uok,9.1
3zzf,0.4
4jg0,6.76
4fcq,7.0
6j9w,5.13
3az9,6.0
6e7r,6.83
6nyh,7.68
1g6g,6.28
5ai8,3.9
5am5,5.74
3du8,6.84
1jld,6.73
5hg9,7.46
2xnb,6.83
6uhv,6.92
4rcg,5.03
4qll,3.38
4u1b,5.31
1fcy,8.52
6gu3,5.36
4jdf,2.19
1oyq,6.96
5nwc,6.15
1d4l,8.77
3o0g,6.22
5klt,6.76
5m4c,7.4
4jfi,4.74
3gcu,6.78
5als,7.72
6csr,6.84
6f1n,6.26
6dh4,11.3
4e4x,8.15
6q5b,5.89
1j4r,7.72
3kc0,7.92
4aze,8.11
5avi,6.06
4xg3,7.76
4j82,4.35
1h36,7.74
1u3r,8.3
5jq5,5.63
5un9,7.68
3zmz,4.74
5zqq,7.66
5c5h,6.4
4tki,6.38
4n1z,9.14
5k8s,8.22
6n7d,9.52
4zlo,4.92
6p84,4.81
2wi1,2.4
6ay3,8.02
3oy8,3.66
4uau,5.89
2c9b,5.54
4a6b,8.38
3zvy,5.1
3wzk,7.24
5z1c,2.86
5i4o,7.28
4abe,3.4
4ncg,7.96
3nzw,5.82
2i4w,11.59
3ly2,8.3
2vwc,6.62
1a86,4.0
1aq1,8.15
4del,7.68
5ivf,4.4
6peg,5.16
1iky,8.26
1biw,6.98
2p3c,7.62
3gcs,7.25
2brc,5.05
5fum,4.74
3le9,8.22
6oxw,10.55
3th9,7.7
3e0p,7.92
4zjr,7.54
6jdl,4.89
5izf,9.74
4nw6,8.4
5aqj,2.68
4rac,7.52
5a3t,8.4
5tob,8.82
6b2c,7.03
5hjd,5.24
3d1z,8.8
6e4v,6.29
5cqu,6.54
3pz1,6.14
1bsk,4.12
2bjm,3.7
4fpf,4.41
1fcz,9.22
2uw4,5.28
6nfo,5.57
4nk9,8.51
3uod,7.31
3ddq,6.68
5z5f,2.17
1tsi,3.48
5vqy,6.29
6g92,4.12
3daj,5.54
5fdd,4.2
1g05,8.51
3tiy,4.77
2qlm,5.64
1mq5,9.0
1f92,6.19
4rj3,7.03
6j63,8.19
3qts,5.51
3ckt,6.32
1tbz,9.8
5sym,6.55
3iw8,4.87
5n34,4.63
1n5r,5.66
5ktx,7.7
1uk1,7.22
4y2q,2.92
6gev,8.7
2rcn,6.0
1ogz,5.85
3u0p,5.68
3r24,5.25
4aaw,6.3
6ndl,7.19
2fhy,5.96
1izh,7.7
1tni,4.0
6b5q,8.24
2fx6,3.7
3kcf,7.46
4hvh,7.72
3oyn,7.6
4li6,6.97
3gjs,4.99
6rqk,2.8
5u7o,7.14
3uvl,5.69
5ea7,7.96
5caq,8.57
6pyd,6.81
3eqr,8.7
4z22,6.24
6bw8,9.0
4qwr,5.93
5d9p,3.2
4mo4,4.22
2e92,6.89
6c3e,7.2
1onh,8.21
3dxm,6.0
4bam,8.94
1aqj,6.47
4hys,7.26
1owd,8.2
2oc2,8.52
3ijy,6.04
4rxc,4.48
4tju,5.44
3w33,7.44
5tx5,7.8
3wyk,7.64
2o8h,7.6
5oqu,3.61
3snd,5.08
4cnh,8.4
3nu3,9.82
2c90,3.48
3ewc,7.7
3hky,7.1
6d78,8.74
5zjf,4.54
6jfk,4.84
4rab,7.4
4obo,7.11
4d62,2.44
6h9v,0.66
3fuc,9.72
1tnk,1.49
3ncz,7.82
4ezq,5.2
5k51,4.8
2ym3,6.0
2o4p,10.72
6ew6,3.08
5eec,7.1
5e8f,8.64
1unh,7.0
6d1a,4.35
6d5g,6.6
5iv4,5.48
5t3n,8.04
2h44,5.77
5qqo,7.77
4rn6,5.1
5wtt,6.6
4pzv,5.7
3fh5,7.06
3k8c,2.92
4nkt,5.97
4e1e,6.31
2jld,10.4
5evz,6.57
1ax2,3.99
5obg,7.13
1eat,7.82
2pl0,7.21
3uu1,5.2
4u7o,3.35
1rev,7.48
6fcl,4.64
5afx,5.92
1hdt,7.76
1hsg,9.42
7gch,5.7
3wqm,6.25
1err,8.11
3vi5,5.68
6udi,10.0
4yax,5.82
5h9r,6.08
5vs6,6.98
6ghv,4.28
6jij,6.64
1fpy,6.0
1vj9,7.55
5iug,7.33
6awn,9.2
5oae,4.6
6f3g,7.16
6grp,5.48
1hos,8.55
1nli,3.59
5tuq,6.35
3rx5,6.27
4tw8,5.58
3ked,2.44
1wur,6.66
6fs1,7.01
1xp6,9.4
2fai,6.24
2r2b,4.2
3qd4,8.2
5ito,4.16
6mq3,8.77
4bao,8.37
6g0z,5.32
2d1n,8.15
4rio,9.0
4hvi,7.16
3hp5,7.15
3elm,9.72
4mg7,6.36
4xpj,5.09
3owl,6.17
4gm8,9.0
3mhw,2.3
5e1e,7.66
6dzq,7.37
3wc5,8.7
5wjj,6.62
5j71,6.96
1k6v,6.92
6dh7,9.88
1b5g,8.0
3el5,7.72
1unl,6.7
3bmn,4.46
3fcf,4.4
6b22,7.38
2ycs,8.87
3lzb,7.2
3t0b,4.3
2cvd,6.1
3bv2,9.36
6tl2,5.44
1ykp,2.96
3atp,4.45
4urn,4.46
3wha,9.32
3mxd,8.83
4yb6,5.32
6o9c,7.55
1dwc,7.41
6hp9,8.25
6msy,7.0
5w4v,7.15
5buj,8.3
4iue,6.55
5jqb,2.22
2fb8,9.8
1e5j,4.0
4c61,8.4
1k06,5.34
5k4x,6.42
1d3q,6.54
4itj,6.42
4ydq,6.52
6o94,8.74
4mic,5.3
6hu0,6.91
6ds0,8.66
6afk,6.0
6bhh,3.76
3nnv,7.57
4zuo,6.41
4ce1,4.38
1x76,8.72
2h13,5.35
1nlt,4.92
6qqt,4.23
4d2t,6.0
2xeg,10.7
2avo,8.85
3at3,8.04
1wc1,4.0
4w55,4.74
4p75,4.1
3frz,8.15
6dug,8.27
1fta,6.36
1pxp,6.66
3atl,4.76
1jp5,9.22
3ekt,10.59
2nq7,5.54
2on3,9.0
5qah,3.84
4xv9,6.72
6g93,7.96
3qtx,7.15
5j27,6.74
5ii2,4.89
6jao,4.86
3fxz,6.89
5ou2,3.22
3zpr,6.65
1ek1,7.77
4qmn,8.52
4mhs,5.29
4abg,3.57
2cer,9.22
4igk,4.55
4c1u,7.09
2fle,7.85
2uwp,6.81
4rvt,5.72
4y38,2.4
2y82,8.4
4erk,4.57
4lxz,6.74
4ffs,10.44
3sym,4.57
1utc,4.55
4dko,6.52
1z5m,7.52
3ft8,7.52
4aa5,7.8
3np9,4.4
3q77,8.22
2pax,6.74
2xae,7.3
6ps4,9.89
2qe5,5.79
4oth,8.05
4fnz,7.8
4cra,7.22
4m0y,6.46
4uvu,5.92
1jlq,8.15
5qaz,3.4
6dh1,10.58
5mod,3.52
5ovv,4.48
5nn6,5.52
3bea,8.15
6b3v,9.69
2aod,5.66
6aa4,6.33
2vtp,8.52
4djh,9.49
1v2k,6.19
2r3k,7.0
5yyz,4.18
5m4u,4.89
3f5k,4.62
2lk1,4.09
1dzp,5.44
1b39,6.92
4iq6,7.24
5bv3,7.17
2cbz,3.93
3tt0,9.05
1udu,9.05
5n2d,8.22
1x7a,7.89
2c6e,9.1
3o6t,5.22
1w5v,8.15
3nin,4.91
6r49,2.1
3vdb,2.52
2xef,9.84
1uye,3.7
3v4x,6.15
3fvh,6.35
6r7r,6.33
4eu0,6.4
6b1h,8.72
2yfx,8.09
5czb,8.0
4b8p,6.85
1atr,6.96
5ezg,4.92
6nzr,9.3
4y83,7.77
4nyj,3.49
6csq,6.39
2ko7,5.19
2e1w,7.96
6dvo,7.22
3er3,7.09
5dls,8.36
3bpr,4.95
4qvw,5.38
5vqz,6.39
3tfp,6.47
4y2u,3.24
3g3r,6.48
4bt3,3.12
1jvp,5.8
6gga,4.85
3blt,3.54
5akg,4.46
1vfn,5.6
1kuk,3.91
2exg,4.3
2ity,7.27
1uz1,6.89
6r7k,7.3
6nsx,6.64
4wkt,3.26
3pj1,7.32
5n1v,6.19
1usi,6.74
8abp,8.0
1gzv,6.57
4lkq,3.35
6ud2,10.21
3fqa,0.49
4crb,7.57
3e93,8.85
4ayp,6.12
4fab,8.06
4d0x,8.1
5jrq,6.77
4pp5,7.74
4bbg,8.32
6m87,8.1
6dn5,7.49
5uov,10.6
5om3,4.1
1sqt,6.2
5v8q,8.44
6dvl,7.96
4xu1,9.49
2j27,3.52
4gs9,5.66
5ey4,3.12
5uuu,7.74
5jo0,7.3
5eyk,8.52
1ta2,8.52
4g9c,8.64
3fzs,5.82
2y4k,5.46
6qrf,4.48
2ok1,6.26
6fv4,2.92
1fh8,6.89
5tqg,9.62
6gvx,7.62
6fyl,8.15
5edi,9.52
5y7z,7.81
6cb5,5.37
5ifu,4.47
5hn9,4.3
3v7t,7.21
4pox,5.43
5a3h,4.57
6o8u,8.28
5tiu,8.3
1akw,8.59
1jao,5.92
3gc7,9.22
5bqi,9.05
2a3x,6.92
6cvw,8.15
4gki,4.46
6hzv,8.22
5h9q,4.42
4cwr,8.3
4eky,3.52
4bdg,4.12
5umy,6.97
4d8a,3.42
5za8,6.29
4tw9,7.7
2vtm,3.0
5ewa,4.82
6ayq,8.19
4lhv,10.0
3mke,5.66
1fl6,7.43
6eq4,5.62
1eld,6.7
5za2,5.77
5yr5,6.74
3eou,7.01
5aia,5.2
2fxv,5.35
1n7t,6.82
5web,8.0
3kfc,8.55
3rv8,4.92
3cp9,7.32
1mrn,4.52
4tmk,7.7
2gdo,9.49
3p7b,7.74
1fpi,5.89
5ayf,4.82
2io6,7.52
2gnj,5.22
2zq1,6.62
5ihc,7.89
5osl,3.43
3c10,6.52
4wbo,4.2
4ezo,6.52
5gnk,8.28
3dp3,5.82
1c12,8.72
1bq4,5.22
4uvy,8.26
4efu,6.6
1ogx,6.09
4e9u,5.82
1a0q,7.57
3kgq,2.3
2p16,10.1
5ox5,5.59
1xlx,7.6
2qnb,5.34
3cft,4.19
5ih8,6.74
4mm4,6.37
1uy6,3.7
6nsp,7.36
1yms,5.92
3iu7,4.8
3e7b,9.8
3e81,1.43
5xig,6.38
3unk,4.82
5fnf,3.15
4um3,7.54
5qtu,8.39
6qfh,5.86
3h3c,6.85
5vo2,6.81
6ak4,5.46
1mes,7.7
4bi1,4.16
5qas,3.72
5dfp,7.66
5byz,7.38
6bef,3.98
3dhk,7.33
1gnm,6.25
4b4g,6.76
1c7e,6.3
6hqy,6.44
4j4o,6.9
4cjn,4.76
5uhi,8.04
6qaa,7.66
6ccy,8.52
1vcu,3.85
1eve,8.24
3p8z,6.09
1o6i,3.19
6bee,4.66
2j7f,6.35
3c1x,7.35
3gdt,7.19
4deh,6.21
2vin,3.0
2hs2,8.31
5v8p,4.99
2h8h,8.57
6ohd,9.38
4oue,3.3
1h0w,4.89
3a4p,7.55
3lhj,9.51
5knx,6.1
6n7z,5.55
5nvh,7.82
5aly,6.73
3wk6,5.2
6qyp,7.15
1zaf,7.7
5i2z,7.14
4x8t,2.05
2rkf,9.08
2zit,4.46
2xzg,4.74
1e66,9.89
1yyy,5.09
6oxx,10.01
4u6c,5.0
5ei2,7.34
1d4j,8.36
6n9l,6.7
4f09,6.7
4wkc,12.68
5bsk,6.22
4lh3,1.52
5t4u,5.32
3gwu,4.71
3wgw,5.89
3o2m,4.8
4abd,4.4
6hv0,6.56
4mbc,6.4
2piz,6.77
2oiq,5.0
2c92,5.68
4wkb,11.57
5vqs,5.7
5iez,7.64
2jko,8.11
2yki,9.46
3deh,6.83
1jij,8.52
5eue,6.77
3rcd,7.77
5lgo,8.22
3nil,3.46
4yp1,5.04
1x7b,8.39
2w1c,8.0
2buv,4.0
4pqn,9.15
6bke,8.35
4cdr,5.1
1tyr,7.0
4x6y,7.72
3q5u,4.31
5nx9,4.6
3o84,7.24
1w22,6.76
3h2c,3.3
4dtk,8.52
3gn7,8.3
6huq,7.14
6g3c,6.91
3u9c,5.89
6h12,7.68
1hdq,5.82
6i75,4.64
6d15,4.48
4yad,5.6
6fty,2.7
1g2k,7.96
4rlk,5.02
6g9h,8.4
3zlv,3.52
2gvf,7.6
5em8,5.96
3bi6,7.82
3hyg,7.03
1lzo,4.54
2v6n,5.86
4mji,4.09
5iui,5.0
5u12,5.07
2gg9,5.46
5aab,9.06
3q2j,4.18
5o1b,4.7
3rwq,7.46
6efk,6.8
2gnl,7.24
1hih,8.05
3mb6,7.0
4jq8,8.1
1uyh,4.84
6fzu,3.67
2xsb,4.96
3gi5,11.22
4j8m,7.32
1z9g,5.64
2q2y,8.8
5l01,7.48
1pot,5.49
5aoj,4.68
1tyn,9.7
5uc1,7.85
3st5,11.3
5hzn,7.21
3o56,9.1
5wkl,6.15
4ifh,5.21
1o5c,5.22
2ql7,6.26
2bxt,8.52
5ylj,3.86
6hgi,6.22
6fgq,7.85
3jqg,4.74
3wiz,8.36
5dts,3.55
5mo8,5.79
4zx9,7.39
4mk7,6.36
3rk9,6.28
2y7i,5.54
5mkj,4.31
5kpk,8.3
1fch,7.15
4h2j,5.32
6aqf,8.67
5hmy,6.3
5h8e,11.2
5op8,4.18
6e3g,7.36
5u48,6.33
4qkx,7.07
5yls,5.29
5wfw,6.1
4yuw,5.77
1qk3,5.15
2e9v,7.9
6d3g,4.7
1kzk,10.39
3ivc,4.12
4xas,6.59
4y2b,8.36
3qpp,7.92
2z97,6.0
6oxp,11.0
6m7h,4.7
5ivy,6.44
2wgj,8.7
2vv9,7.77
4cmu,9.7
1owi,7.55
2r2m,7.33
3da6,8.7
4u82,5.72
2bkz,8.15
2jb5,9.22
5w4w,8.1
4ui6,7.06
2vto,6.85
5tq7,7.67
3pjt,4.88
2ogy,4.48
1ocq,5.19
3v49,8.02
5a83,6.8
4xh6,5.57
6h14,7.86
2byr,8.55
6d16,5.08
5djv,7.11
2xjj,6.51
6en4,8.3
2gv7,7.85
3p3r,7.25
1kjr,6.06
5iz8,5.62
4bnu,7.7
5knt,4.43
6md6,5.1
6fni,8.22
2vot,7.14
1x1z,11.06
6nrh,7.26
6itj,7.97
3iit,8.02
3d28,5.85
5tgy,7.35
5zfi,5.92
4ebw,5.06
4qz0,5.46
1gvw,6.96
4rqk,5.82
4pn1,6.17
3up7,8.21
6p3u,7.02
6q4g,4.3
4jx9,8.62
6dcz,7.17
6gl3,7.96
1ero,8.23
3rkz,7.08
4gmc,7.74
4j51,6.59
5zkc,8.19
1uym,6.0
3g2i,4.86
2y56,6.51
5lo5,5.87
5kns,6.12
4mdr,4.39
2r03,5.15
4ttv,6.68
4hdf,8.49
4z7h,6.66
5hi7,7.85
5z4h,3.02
2xd6,6.19
2weq,5.9
2xhr,8.32
6qho,6.2
1bio,5.54
4do5,5.83
2z52,5.57
5vdu,3.7
1uz8,4.96
4c9w,6.11
3hy9,7.77
5adq,5.7
2c1b,6.4
5d75,6.7
5iu6,3.89
3w2q,7.18
6e86,5.09
2h2g,5.04
3jqb,6.02
3chp,5.27
4wno,6.8
5nbw,8.59
6n3v,5.61
3bla,8.7
5e6o,4.11
4lpg,4.25
5juz,5.52
4i7j,3.32
1hvj,11.4
4qmv,7.64
5waf,9.35
4u5n,2.48
4xsz,5.6
6eg9,7.17
1g3c,5.8
4azc,5.86
4ocq,4.61
1ikx,8.15
6dcg,8.15
3g2y,2.0
2baj,8.4
4lbl,4.96
4djp,10.55
5wfm,6.52
3ske,7.77
4ya8,6.1
4g2w,8.8
5wad,8.11
3if7,7.21
2hk5,7.34
4his,8.09
4cd1,4.89
1aq7,6.05
2xuz,7.4
6mll,3.62
1y2g,4.08
5ak3,5.07
6f8r,4.7
5gmp,9.1
3gwt,11.1
6qlo,5.06
1amk,4.3
4pmt,6.0
1r9l,5.4
1zsr,9.82
1o36,5.96
4hrd,8.82
6dyz,9.2
1m2r,6.46
5mb1,6.6
3mbl,7.74
1ydt,7.32
5n9l,7.82
5e89,7.85
1rhr,8.1
4leq,6.54
2xhx,6.6
4hyu,8.21
4tz2,3.46
1o5b,5.77
2xe4,7.16
6hkz,9.89
1loq,3.7
4oon,7.52
3gc4,7.6
4yzc,8.52
1kv2,10.0
2wpa,8.1
5a6n,4.28
4hyi,8.52
5sxk,4.7
3ljz,8.14
2op9,5.66
2aez,2.46
1b6j,7.92
4md6,7.77
5w73,6.3
6d1i,4.09
4gh6,7.68
5oq6,7.56
3b9g,4.72
4pm0,7.35
6qr0,6.92
6cjr,9.52
6d1k,3.13
5zz4,9.17
4h5d,7.55
5qax,3.8
6cbg,3.95
1fo0,5.59
2qnq,6.11
5fut,6.45
5fqt,6.8
5axp,9.03
3h2a,3.96
2c1p,5.4
3kl6,8.46
5ya5,6.72
5yj8,3.98
2f3r,6.3
3p8n,9.28
4i8z,11.05
6jaq,3.95
3pwk,3.35
4pgb,7.48
2p9a,5.18
3qs6,4.89
4x68,6.57
4z2g,6.66
4gbz,3.11
4qw1,6.11
5j0d,6.87
1vot,6.6
6cpa,11.52
1ke5,6.25
5lhg,5.6
2j7g,7.0
4oma,4.17
4gtt,8.22
3b8h,4.2
4fxj,3.62
2oh4,8.46
4a6c,7.92
5ia5,7.6
4j44,5.73
2i1r,5.01
3gds,6.51
6e0q,8.1
5tkd,8.15
3nth,4.32
4mk8,9.0
3qkd,8.38
4e70,5.28
1gbt,2.0
6max,4.87
4o44,7.85
5z4o,3.28
4txc,6.62
5win,7.03
2ima,6.52
5wev,6.82
5dgw,11.05
3pa3,9.0
6dj1,10.51
3zv7,5.92
5xij,7.3
1f74,3.05
2uw3,4.1
5i23,7.29
4at4,7.92
1pl0,8.22
2b52,8.1
4mbi,8.15
5mxq,5.72
3hmp,5.49
6nel,7.96
4bdd,4.43
4n4t,7.31
3su6,6.02
2o0u,5.49
2cf8,8.1
3o9a,10.7
3qi3,3.78
3gc5,7.26
4urm,8.05
5mql,5.85
3prf,8.85
4zom,8.52
5u4e,6.35
6mxc,5.56
3d7z,7.92
4q4e,6.72
3zxz,8.4
5h0g,6.95
1o3f,7.96
1w5y,8.48
1c29,6.33
3bwf,9.7
4y7r,5.03
4wks,2.7
5qal,3.46
4cfm,4.74
5m9w,2.24
3p7c,7.66
3biz,7.24
4cpq,7.74
3uqf,4.7
5mty,8.89
3vje,8.01
1wht,3.7
5e5g,3.15
6hu3,6.3
6kdi,6.72
5tkj,8.15
3tu7,8.09
4oar,10.42
3g2k,4.79
4zts,7.6
4qwi,5.36
2iw6,6.85
2zz2,4.54
4i3z,4.29
6clv,4.88
5w7i,4.95
6cdm,9.09
4el9,5.36
1lgw,4.0
5wbq,5.83
4mbj,7.21
6ow2,8.52
4luv,2.85
3v2q,6.29
2jup,3.81
1e6q,3.15
5opc,4.54
5f4l,7.62
3zze,8.89
5ia0,6.73
1ouk,9.89
5os2,2.74
2uxu,4.74
6hni,4.03
1v41,4.7
4rcp,5.35
5wbl,6.44
6k2n,1.36
6d4u,5.7
4lwi,7.64
6i8z,7.8
1soj,6.62
5foo,2.62
1msm,10.48
3h0z,8.37
4e1z,8.52
1epp,7.16
1q0b,5.17
4p7e,4.76
6n9p,8.4
4mpc,6.15
3zll,6.4
5vex,4.63
6s9b,5.68
4bo0,6.7
5tv1,7.24
4l2x,7.41
3i51,7.7
3uh2,6.0
3px9,3.42
2g01,5.91
1xm4,10.39
1gpy,4.7
1fd0,8.4
6cef,3.74
4ylj,8.22
1bo5,3.6
5ngt,5.89
1ugw,3.09
1dbk,8.1
4nym,3.55
6bfp,7.7
5x62,6.42
1cqp,5.62
4b3u,5.33
1mmp,6.07
6qqq,5.17
5diq,5.17
5yhl,7.74
4g2j,7.96
3r4p,7.96
2vwn,8.0
5t36,7.37
2pvv,3.36
3qgy,7.8
1gu3,4.32
1xkk,8.52
4mi9,3.42
4hdc,8.92
4mt9,10.0
1fsg,5.02
4urx,2.89
3dux,7.0
1t7j,8.7
6e06,4.26
3vd4,4.82
4uco,7.0
4pcs,7.85
2j50,7.89
5jop,9.41
4p4t,4.39
4cwq,7.06
6htg,7.17
3vhe,8.21
5agj,6.15
2pvl,7.62
5tys,10.72
2x4o,4.77
6gxu,3.74
4few,5.21
4xuz,7.36
4ddy,5.62
6f1x,7.7
6cct,4.14
6pga,4.54
5m4k,5.66
2r43,6.0
2wvt,6.12
1oi9,7.16
3ed0,6.35
1o5f,6.07
3iw4,8.68
3d78,7.64
5ukm,7.52
4tte,3.69
4ezw,6.0
3ka2,6.62
5u4f,6.33
6p12,5.95
4li7,6.11
4e90,8.1
1c5q,6.36
5ix0,6.28
2rcw,8.1
1zsh,7.07
1nfy,8.89
1sl3,11.85
5can,6.91
6b33,8.12
4qta,6.7
6hot,4.4
3sn7,9.15
1mfd,5.31
2yde,3.72
1gfw,7.82
4bdf,4.09
5o11,6.67
6mku,7.15
6t1n,5.46
6hsh,7.55
2e27,9.35
1exv,7.35
2pj3,8.18
2z60,8.05
2iv9,4.34
1fzk,8.4
1d5j,9.15
5dgm,6.4
2c97,6.14
5kx8,7.42
3ggj,6.0
6jno,6.63
3uoj,7.29
5a0b,8.3
6hzp,1.98
5tri,5.06
3gjq,5.33
2cfd,7.49
2bet,2.77
4rfm,10.05
6n0q,7.4
3jzc,8.53
1i5r,8.52
5u7k,8.15
6bx6,6.48
4hmh,6.21
6ps5,8.43
3tjd,9.0
3udd,7.1
4qfl,5.11
5aib,3.8
3qtu,7.15
4el5,5.37
2c3j,6.18
2x4u,4.32
4nja,6.22
4bkz,7.57
4li8,8.12
3rde,7.46
3gxy,5.59
5yc1,4.34
3pr0,9.54
4d09,8.77
1fq8,6.03
6ajh,6.54
5iep,7.0
4ps1,6.66
2kaw,4.97
1u3q,8.46
5kbq,7.0
5csp,4.24
4z9l,8.8
2oic,8.4
1vru,7.0
2a8h,7.17
4qq5,6.32
1oif,7.72
2hz4,5.47
3ehy,5.85
6ma3,8.3
5mt4,3.3
3le8,6.07
4ocz,9.18
5ngs,6.77
2bdf,7.17
3gnv,7.03
1z1r,9.22
6hoq,6.39
4azg,7.1
6a04,5.21
1czr,9.0
1ogg,5.19
6hwu,7.54
3qw6,3.52
1a7c,4.0
1iyl,9.0
4an2,9.05
1px4,3.23
5h0h,6.16
4wrs,9.4
6mkq,6.16
2pj1,8.01
5fap,8.0
3p3u,6.48
4wmc,8.05
5lck,8.1
3vf9,8.72
5f6v,2.24
4yll,6.92
3d20,8.3
5nuu,8.2
1il5,2.66
5iub,9.46
1zyr,5.74
6dz3,8.89
3gep,3.75
4mk1,4.8
3qvv,4.42
4af3,7.51
1ba8,9.0
3s0j,3.77
3g2l,3.87
5j5r,6.89
5otr,4.92
4tw6,4.21
5vad,9.12
4iid,5.62
6hrq,7.09
5zah,7.28
1gsz,7.21
4zzy,5.6
5zyg,5.21
2igy,6.95
4b2d,3.7
4zyr,5.7
2pj8,7.74
2ito,6.91
3rxj,3.06
6rfj,8.4
1ivp,7.52
6cqf,8.35
6ary,7.6
5isl,7.28
4qzx,6.26
3kc1,9.0
2f2c,6.35
5t31,6.96
1r78,8.52
3su4,6.26
6mim,5.7
3b5r,8.77
2phb,9.49
4mdt,5.0
5f1z,8.68
4loo,8.15
5zo9,8.2
2zbk,5.7
3hfv,4.87
6bqg,8.93
4y63,3.58
5svk,8.48
4qvl,6.53
5kjm,7.19
1sbg,7.74
5h1t,3.8
5owh,5.92
6p1l,8.7
6pdj,7.38
5tpb,2.59
1uj6,3.05
5oot,7.55
5g60,6.52
6n3k,7.54
3i6z,7.3
4idz,4.36
4v27,6.66
6f26,7.62
3m2w,8.52
5zhl,6.72
2yak,8.7
5a5p,4.0
1qti,6.44
3tkh,7.33
5m7u,8.1
1nym,5.4
4qag,5.32
6qfe,7.1
3hmm,7.6
5gu4,5.47
6eq7,7.0
4xtz,9.82
3nzi,5.59
2bz6,7.09
4ngr,7.55
5c13,6.1
4jfl,4.98
5alw,5.15
4dpt,7.3
4wvs,6.27
3g2j,4.75
3sm1,5.84
5al2,6.44
1qbv,5.39
3hzm,5.52
5t1a,7.89
5wac,7.42
3m11,7.37
4ppa,9.1
3c8e,4.15
4q9m,7.18
5lvd,2.62
1svh,6.44
3r21,6.74
1u65,7.58
1d7x,8.52
4bcb,8.52
2ga2,5.52
4p7m,7.41
6a6k,7.46
6df7,8.0
6csp,8.52
4qwg,5.97
6f8v,4.8
4xtm,4.57
3iuc,5.66
1rt9,10.25
6q8a,8.01
6f6u,4.8
6di0,5.22
5ap4,6.46
4bo2,7.3
4oc3,8.28
2w3k,10.1
5ort,3.05
4lnw,7.04
4oti,7.37
1ndz,8.11
6cdl,10.92
4f2w,11.3
4agm,3.98
4loq,8.15
6g9s,8.0
6qrd,7.0
1rpa,6.0
3aig,6.0
4dt2,4.37
2wkz,8.77
4cff,6.4
6mvx,5.14
6qab,8.21
1cw2,6.15
1vyz,6.54
2x4r,4.77
5hh4,5.96
3cso,5.77
4lil,4.9
3tif,5.38
6emh,6.08
2q63,7.18
6hti,7.01
1gcz,5.13
6qlq,4.51
1zc9,3.22
4arw,7.13
3k7f,7.7
3bzf,4.52
5cwa,4.77
3kfn,4.74
3ama,6.53
4yuy,3.34
4rqv,5.05
3dp0,5.85
2h9m,4.46
6hb5,5.83
2qd8,9.07
4i72,9.05
3eqb,1.82
4u5s,2.41
4kww,5.55
5gjd,7.92
5oul,3.3
2l6j,6.26
5uwn,7.87
6q30,5.52
2j4i,9.0
6ny4,8.52
3fh8,6.74
3irx,9.0
2c5n,6.66
1thl,6.42
4ish,8.72
1sw1,7.3
5c87,3.7
4alv,8.15
3pwd,6.66
4gj2,8.6
3aas,4.51
5yjo,7.17
3rk5,5.4
4d8e,7.01
5nyh,7.73
4kax,4.77
1rhj,8.04
6elp,6.63
2qcd,3.4
4p00,6.4
5jzy,9.82
1nw7,5.09
2bv4,3.22
5tr6,8.49
3qip,6.89
3vhc,8.89
6qwa,6.59
4mzh,7.18
4olh,8.3
4xii,6.6
2uxz,8.48
1y91,7.23
5eei,9.22
5pzn,7.39
6eq5,4.74
5dyt,7.6
5tz3,6.85
4w9q,6.85
2vi5,3.96
2fde,9.15
2jb6,10.96
4bny,7.1
2w1h,7.28
5mnn,3.84
2or4,5.02
6bgu,6.28
2b1i,6.82
2r1y,4.51
1c8v,6.33
6ekn,6.29
2y5f,8.7
4dwk,6.22
1re8,9.52
5gwy,4.95
2pvu,6.31
4iwd,9.0
2ew5,5.9
1sqi,7.7
3gy3,5.63
4lm3,2.92
1e00,6.1
1sqn,9.4
6apv,6.96
4hv3,3.94
1y2b,4.09
5mtx,7.75
1w3k,4.3
3ffg,9.08
5kz0,7.66
5uig,7.95
4hwb,9.24
2wfg,4.42
1qxz,4.72
3hrf,4.99
2aq7,3.3
4kao,6.11
3bel,7.85
3f9n,5.89
4hnp,6.78
5k4j,7.11
2c8y,4.0
4qvy,5.09
2ddf,7.39
6qz8,7.62
5vb7,6.72
4n6g,5.47
4ejn,8.3
5mny,1.31
4rd0,6.62
5nai,6.1
5qan,3.96
3v7s,7.05
4bak,8.91
6do3,8.03
6sal,6.58
4cqf,4.3
3que,8.82
1vzq,7.44
4lop,8.15
1noj,3.15
1xdd,6.7
3qnj,6.0
4xg9,9.15
6h7z,10.12
1efy,8.22
5j4n,4.25
4fkk,9.3
5wii,4.49
6f20,4.31
4nct,7.55
2o4k,10.46
3l7a,4.33
3pa4,8.52
6bq0,7.34
5ai0,3.69
3o9i,11.82
3fnu,6.16
3gi6,11.22
6mjw,7.99
1z1h,8.4
4i5c,8.82
3prs,7.82
3fh7,7.6
4bgk,6.28
5boj,7.0
1ml1,4.28
4j08,6.66
6s9w,7.23
6nu1,4.51
3ekv,9.41
6pid,4.54
1ft4,6.57
1rt2,8.22
1sb1,6.89
3iiy,4.8
4jrv,7.54
4eny,7.05
4cd8,2.89
5ug8,8.7
3chr,7.21
1q8u,5.96
3nw6,8.15
3g5d,7.96
5wkf,3.87
5vsj,4.02
2f94,6.71
5eko,4.8
4ty1,9.26
5kmh,4.62
1gno,7.7
2vfk,3.71
7abp,6.46
5h0e,6.68
4myq,7.49
2wec,3.96
3u7n,7.95
4oo9,9.07
3vhu,7.31
2hr6,4.82
4nxo,7.22
1cr6,8.51
2f9u,7.39
2r0z,5.47
5gmi,4.92
1v2u,3.37
5i24,7.42
5v13,7.63
2uze,4.33
2wc4,5.29
6br3,8.72
5n1z,8.19
5elw,7.85
6kdx,6.53
2i5j,6.3
1y3g,7.4
5oss,4.55
5ov8,4.74
5ime,8.34
3k27,4.44
2no3,8.05
5eq1,4.68
1fq7,5.43
2ypo,4.68
6prf,8.6
3piz,5.46
3q4c,6.43
5nve,7.46
6cha,4.4
5anu,9.4
1jq3,6.7
1dtq,8.22
2xcn,6.92
5may,6.48
5exm,8.2
4cxy,4.93
2xx2,7.3
4u6z,5.41
3zm5,6.74
4xt9,6.8
1tjp,4.42
3ow4,7.66
5wfz,8.0
3u7s,8.43
6qi4,4.37
4gcj,7.7
3mrt,3.7
5b1s,3.91
4cu1,4.71
6j1l,6.42
5ybi,3.49
1lf2,7.52
1gjd,5.22
2hwp,7.14
3efw,8.4
4jxs,4.74
4bah,8.7
4xir,6.94
4y3j,2.17
5aqt,3.51
6dtw,8.26
5myr,4.66
5aoi,3.03
2q8m,4.03
6gcl,4.47
5nki,7.72
3wjw,3.87
5cj6,8.69
2o48,6.01
6qg7,6.83
1qkn,8.47
3bm9,6.72
2pvn,9.46
6g9f,6.23
3r22,7.77
3qkm,7.42
3t3i,4.77
2clm,3.55
6b5j,7.1
4zl4,7.86
3vfq,5.19
6hu2,5.9
3n7s,7.7
6i5p,4.32
4q4r,6.43
5ult,10.85
5lxc,7.97
4pmp,6.4
2gst,6.07
1kti,3.43
6oag,5.43
5d10,7.14
4i71,7.74
4qws,6.5
5wmt,5.86
4h5e,6.07
2fie,5.46
1aku,6.13
5mnr,5.46
1cgl,6.87
3wk7,3.9
2hdr,1.72
3dxj,6.22
4cft,4.95
4awi,6.0
4c6x,3.76
5yco,4.59
5wb3,7.22
4aia,3.66
3n5u,5.92
1c5n,4.7
5d1j,7.32
4hz5,5.92
3l4w,6.0
3t5i,6.82
4uzh,5.01
5m34,6.82
3d7g,7.77
4x3i,3.17
3v2n,6.1
3tyv,8.1
6k0j,7.89
5v7t,6.21
1c5z,4.01
5qaf,3.51
3r5m,4.34
2jk9,6.82
4nku,4.67
3wyy,8.49
1ppk,7.66
2g9x,7.35
1szm,5.53
2i5f,5.12
3kr8,8.1
5ewm,7.92
4hwp,7.76
4rj8,7.77
3vb5,5.34
1d6s,4.11
3bt9,5.71
3as1,4.02
4yay,8.54
1z71,9.18
4bae,8.52
3bm8,3.54
5a5r,5.9
4qga,7.92
6gjw,4.96
6c4u,6.1
5aqu,2.98
2vgp,6.85
4pgd,6.92
6dgy,11.3
6mle,9.0
5dtj,4.47
2q72,2.68
4yqm,7.51
3sl5,7.66
1q4l,7.4
4j79,3.1
2r3f,6.3
4f8j,5.07
2pja,8.66
3pcg,2.3
1zzz,5.14
4oak,4.22
5nhj,8.27
3ime,3.0
1usn,7.74
6cwh,7.54
5c2h,11.09
4ksp,8.8
1fhd,6.82
6f86,7.43
2q9m,7.21
5jf2,7.89
4ewh,9.52
6oko,6.74
4bgh,8.4
5dyo,10.21
5em3,3.7
1ype,8.1
2ieo,8.49
5os8,3.98
2y7x,8.89
2xn3,5.92
6das,8.31
5xih,7.15
5c7f,3.98
1mpl,3.77
5vdv,3.7
2qoh,7.7
3fed,7.46
2ban,9.0
4c16,4.96
3cz1,7.26
3bwj,6.5
3n1v,3.3
2fzz,10.52
2hy0,9.19
6c4g,8.3
2yi0,8.12
5k1d,4.68
4kxn,6.1
3n7r,7.7
2a4l,6.4
2gg8,4.6
3e73,3.15
5yof,5.82
1f7b,4.6
3nti,5.22
4q1f,8.04
3u8n,10.17
3zdv,5.48
5ece,8.05
3k9x,8.4
1y1z,3.08
4cmt,9.7
6bfn,8.03
5izq,8.52
5ax3,5.92
5v7a,6.38
5zu0,5.51
5ne3,7.84
1lv8,5.46
1c9d,6.3
4bdk,5.44
1k4g,5.85
3el9,8.4
3fmr,7.97
4bcn,7.92
5cgv,6.47
2on6,6.76
2w8j,2.96
6njh,3.69
4exh,6.15
3anr,6.46
1v0o,5.26
6dif,10.72
6drx,9.24
6mi6,4.54
4uia,6.72
3ig6,7.6
3sl4,7.57
5lhi,8.11
2wo9,7.21
5uci,5.37
5e1m,6.72
2jt5,7.74
7prc,5.21
5ea6,7.41
1m0q,3.89
4gao,5.74
3bi0,7.85
4qge,9.3
3pce,2.0
6hgv,5.55
3axz,3.43
1wbt,6.47
2hdq,1.4
6hm7,7.1
2yis,8.77
6cnj,8.11
3ws8,6.68
2z5o,6.0
6hlz,7.33
5fwg,6.72
5tln,6.37
6mm2,5.41
1pu8,3.1
5eva,3.7
