1is0,7.0
3mvj,5.49
3sur,4.15
4rio,9.0
5mli,3.9
2gsu,3.59
4x63,6.77
1li2,4.04
2i3h,7.4
5a3n,7.72
3u8w,9.0
1t1r,5.4
5w94,4.65
1pfu,2.72
3fat,7.64
4wke,8.1
2oz6,5.26
3fwv,5.64
4ybm,6.85
3q4k,7.05
1lkl,5.81
5nba,7.3
4jn4,5.86
6c9r,6.71
2b1v,5.74
4yv8,7.96
5nxp,7.99
1sm2,8.0
4yth,8.7
6bhi,4.25
5alw,5.15
5kz0,7.66
3clp,3.69
1msn,9.09
2pyy,4.6
1yyr,6.29
5a8z,7.55
3gk4,3.92
2g6q,5.82
5td7,5.77
5yhg,6.02
6equ,6.38
1n7t,6.82
4ax9,9.57
4n7u,6.29
1fkg,8.0
4qmq,6.59
3krx,7.38
3jq8,4.46
3fal,6.78
5e1b,4.84
3hrb,7.68
5l2y,9.85
5j3l,4.8
2wey,7.12
4z6i,6.31
4gpk,7.52
4uac,6.54
4eop,6.05
4ot6,5.92
2oxn,7.44
1df8,9.7
5jc1,6.82
1uu3,6.12
5l6p,7.26
3cx9,4.89
4xaq,7.14
2ien,9.0
4bgx,1.77
4tkb,5.59
5u7k,8.15
1ebz,9.4
5qae,3.62
2hvx,7.54
5diu,7.37
4cj4,3.36
6ex1,7.31
4n6y,7.04
4xkc,5.87
5tqe,6.72
6oxy,9.55
1qk4,4.21
5bwc,7.21
5egm,8.62
5meh,6.32
3ooz,7.85
4fm8,5.97
6n3x,5.09
3omg,4.72
2pks,4.96
5mwz,5.15
4occ,8.7
4ygf,7.68
3fz1,7.92
4r7m,7.96
2x0y,4.6
2aoe,7.62
3ffp,7.14
1f73,2.39
5dlv,4.98
2idw,8.89
2ym8,7.89
3p7i,7.7
4hdp,7.51
5djv,7.11
6g25,3.52
5l7k,10.37
4x2l,4.44
4ozn,5.4
4o4k,3.7
3k3i,5.72
5oax,7.57
6hou,4.27
2v5x,6.66
4fut,6.51
5fh8,6.77
5abg,8.05
2o5d,5.15
6iht,5.21
5hln,11.52
4lm5,6.82
6ak5,6.12
1apb,5.82
1pyg,5.52
6n9l,6.7
4kc1,2.91
1owh,7.4
5im3,5.82
2c4v,2.6
3q44,6.31
3nq9,4.03
3twj,7.84
4bxn,8.0
3d9o,3.0
4at5,7.42
1g50,6.28
1kyv,5.92
5nih,6.87
2vk2,6.89
1inc,9.34
6h4x,6.88
4gzt,7.77
1pau,9.46
1z9y,7.19
2x6k,5.64
3ffu,6.44
2pvl,7.62
5l01,7.48
1pw6,5.22
6qqv,4.92
5ha1,7.19
4hzw,8.88
2nqg,6.48
4wop,4.76
1gi7,4.51
3zo4,6.83
5i24,7.42
4av5,7.21
6n48,5.92
2oz7,7.85
2ofu,9.0
6g1v,7.23
6pyr,9.0
5mgi,5.95
6uwp,7.55
2w6n,6.9
4jwr,6.21
5gx7,5.56
4avi,7.63
5qaa,3.91
3i1y,8.15
5zqr,7.97
2c68,5.74
3hub,8.09
1ph0,6.92
5kv8,4.84
3i7e,10.85
1pxp,6.66
6ezh,7.04
4mjo,6.22
2x96,4.03
5ct1,1.52
4qtl,6.92
6idb,6.4
2f4j,5.66
1y3g,7.4
2wzx,6.0
6cz4,7.12
4zh3,4.4
2i1m,7.62
3p9l,5.3
6fjm,6.24
5dfp,7.66
6hvv,6.67
5fsb,2.22
2onb,5.57
5a8y,9.77
3il6,6.57
2y9g,3.77
5ivv,6.35
3h91,3.73
5n2x,6.06
4gki,4.46
3pvu,6.54
4p4b,7.85
1mxu,5.4
2i4u,11.57
3u8h,6.49
3h21,4.7
5ngz,2.89
5pzm,5.96
3d67,4.96
1sld,6.57
3eor,1.4
6gi6,6.71
3oqf,7.04
6rz6,8.54
4uja,9.05
3tti,8.22
4akn,6.1
5nr7,6.02
2p3d,6.74
2pvm,6.44
5t5g,5.89
5ut6,4.24
5u8c,7.53
3r8u,5.3
1v79,7.89
4uiw,7.3
2ybp,4.62
5t36,7.37
3lco,6.84
6qfe,7.1
6b1h,8.72
5duf,5.74
4o7d,3.0
1w6h,9.3
3dxh,3.19
2nta,4.8
1bkm,5.74
5owt,8.17
5c91,3.61
4m48,6.81
5htc,6.82
6mh7,5.74
2ilp,4.82
3p8o,8.72
4feq,5.96
5nu1,9.0
3b4f,8.14
2j50,7.89
6q6y,6.0
1k1n,6.82
1zxc,8.1
5kit,7.89
6eq5,4.74
2q5k,11.3
4r5b,6.73
3udp,5.22
4f6v,5.8
5j5d,4.68
4mao,7.33
5ad1,7.24
4fbe,6.99
1lt6,3.3
3pb3,6.22
4eg7,7.34
4mg5,5.34
5wmt,5.86
4tkj,6.04
6jof,4.98
1ahy,3.36
6cis,6.87
6ftp,5.82
3lm1,4.7
1cpi,7.41
3gws,10.09
4k6y,4.83
1tl7,7.92
3cfn,5.0
5ttv,7.54
4w9e,5.15
3qlc,5.43
1zdp,5.74
5d7c,6.85
5ldp,4.17
5f39,5.1
5afl,3.4
1c86,4.7
4osf,5.44
1lfo,6.7
3g0b,8.15
3o57,10.1
3qx5,4.2
3moh,2.84
2a3b,3.33
6ekq,5.46
3zpr,6.65
6cyb,9.02
4j9a,8.22
4r5n,7.12
3gjq,5.33
6dtx,8.35
2ohp,4.03
6bo6,7.1
4mrh,1.9
5alx,5.48
6bs5,5.7
4lno,2.62
5l2o,6.12
3avg,3.3
6ehh,7.49
5ywg,8.34
5fqt,6.8
2qp8,8.1
1uye,3.7
5wyr,6.39
4m6q,8.21
1abt,5.85
5edu,8.66
2c9d,6.32
3kr4,7.6
2jgs,6.62
4uxj,5.42
3uph,7.82
3s00,4.92
1c7f,9.52
5uor,8.2
6p1d,7.41
4rfr,6.54
6ay3,8.02
3wqv,5.21
4a4g,2.99
4z2l,5.85
6n5h,6.45
1hk5,5.24
1p0y,1.0
4wk2,6.94
3kd7,3.7
4puz,8.11
3vd9,4.0
5f2p,4.43
3fee,6.64
6gfz,5.51
4ca7,7.36
4ode,10.0
5q19,7.32
1pfy,8.15
5csw,8.4
3qs1,7.96
5alp,7.07
5wew,6.74
3w2s,8.16
3dkg,5.0
4aq6,4.8
2x8z,7.96
4nwm,8.1
5qar,3.77
3fuf,2.7
2o1v,5.3
2qyn,6.24
2fu8,4.7
1fls,7.48
3zrl,6.8
3wiy,6.21
4duh,5.18
5vp0,9.21
6pf3,4.55
2c6e,9.1
4o9w,7.16
4lm1,3.23
6imb,4.23
4exs,4.41
4aft,6.47
2ay4,2.91
2wwj,4.48
6fqu,5.66
3fr5,6.35
3q77,8.22
5oxl,3.25
3sm2,9.7
2i4t,9.0
2vd4,4.74
4n4s,6.88
3sgx,5.49
4pnc,5.43
5ekh,5.95
4e5h,6.37
1yy6,6.07
3jsw,7.18
2o4k,10.46
3wto,6.92
6aud,6.22
4l53,7.55
6mh1,5.92
4pqn,9.15
2pym,6.82
4brx,6.49
4bkz,7.57
4pv0,9.07
6rrm,6.84
2g19,5.85
3tia,8.51
5caq,8.57
4kai,7.3
6i16,4.0
5ai0,3.69
2evm,6.16
4nud,7.07
4unp,3.23
1bux,4.85
3vp3,4.95
5abw,7.77
1pop,9.0
4g55,4.92
5ofv,1.58
5g10,8.01
5a5z,4.08
3qtr,6.03
4xtz,9.82
3g1m,6.3
4rrf,3.62
3dxk,6.33
3d94,6.8
1usi,6.74
1y2b,4.09
5wbo,4.21
6g8i,5.17
4dcy,4.52
4o4r,6.06
3s1h,4.77
6r13,4.7
2vwu,6.46
4ycv,5.82
5hk1,8.37
4y29,6.25
2q7m,8.8
6gj5,3.36
5lso,5.85
1i6v,5.0
2ewb,6.1
5fwr,7.75
4kao,6.11
3qnj,6.0
5fnt,6.17
3jqf,4.46
2w68,4.74
4j0y,6.36
4aa5,7.8
4qzx,6.26
2zdx,3.19
5ey8,6.31
5d1n,5.57
2q89,6.3
4ew2,6.68
6g1w,8.14
2ow2,8.22
5ak5,7.07
4etz,6.3
6pl3,8.52
2ynn,5.17
2q92,5.96
5gut,6.29
3b3x,3.6
2xgs,3.28
3b26,6.64
6o57,6.29
1o0f,5.3
4wrb,6.19
2uyw,13.0
3luo,6.95
2wsx,2.41
5j64,6.85
4gtq,8.3
4fcm,3.94
6f4w,5.53
6q9y,5.43
6i76,5.07
4ikr,6.23
3o87,7.6
4pmt,6.0
5g0q,10.0
3aav,6.62
4jj8,6.14
3s68,8.66
3p9j,7.51
3ml5,8.52
6c3n,2.49
1j36,7.74
6hv5,6.49
5ih6,5.6
1z4n,4.52
1ktt,5.82
4z84,5.82
4k9y,6.95
3st6,3.62
4oex,5.84
5e0j,5.21
5ld8,8.05
4yk0,3.74
2x7t,6.63
6fi1,2.15
5ovc,5.96
6cen,5.49
5lif,5.87
3oy1,7.8
2qhy,7.48
2y2k,5.16
5u9d,9.26
3v7t,7.21
2qpu,3.6
5wej,4.82
6nzf,9.04
2qi1,7.3
3bfu,6.27
6mdb,7.17
5cqt,6.91
5zg0,7.09
4agn,3.97
1ksn,9.4
5h2u,8.15
2vh6,9.7
5m7m,6.45
2zu5,7.0
4wko,9.47
3h5u,8.52
6pvx,7.17
5ni8,7.7
1hee,5.34
4mue,6.7
2zvj,5.74
6cjy,7.64
2fsv,4.6
2imd,8.3
5kbf,8.92
6npf,5.85
1pip,5.0
5htb,6.77
4qxo,5.51
4nah,6.31
3jyj,5.74
2vj6,7.89
4qpd,7.82
5fpi,4.14
4gs8,7.0
1b42,4.01
4yoi,6.48
4r3c,7.0
5brn,6.3
5n8v,6.68
5q1h,5.1
5fhn,5.9
4qsw,1.68
2rg6,8.66
4yw6,7.08
2w05,9.0
5k1f,4.79
1h8y,7.7
1rhj,8.04
4jyu,8.0
4btw,7.15
4n9e,7.82
3unz,7.8
4nbk,3.87
4knb,7.33
5i58,6.92
2jdu,6.72
6njj,5.99
4w54,4.17
5zvw,8.62
1v2r,3.55
4mr6,6.6
2zx9,10.27
5ltn,5.27
3gep,3.75
5zyl,7.06
5mi6,7.3
4q87,4.85
6eo8,7.0
2pjb,7.72
4jfm,5.48
4e5j,4.73
4f49,6.09
4mmm,3.82
4kp5,6.08
4kwg,6.0
3hii,6.54
1uyh,4.84
1heg,7.74
4ayp,6.12
6d5j,6.34
3d3p,8.5
3r9o,4.0
6i74,5.47
5j6d,8.22
4ufi,6.2
5wa5,6.72
1ida,8.7
3cr4,4.28
4at4,7.92
1jmg,6.07
1w12,7.85
5ti4,4.59
6eis,6.6
5yfz,6.96
5tbj,5.82
4iid,5.62
1w0z,7.68
3kwz,8.4
5nxw,7.24
5i7x,7.28
1b5g,8.0
1ong,8.05
3g70,9.4
6no9,10.52
3dux,7.0
4j0z,7.11
3dxg,2.4
2fzk,3.6
4pce,5.15
2f81,10.52
4ty8,2.03
4v25,7.08
4aba,3.82
1q7a,7.19
5hrv,5.29
3lbl,7.44
3hk1,6.17
2wfg,4.42
1p02,7.17
2f70,4.47
1bm2,6.96
1zgb,8.06
3e92,8.0
184l,4.72
1amk,4.3
1o0d,8.21
5k1i,8.04
5aen,7.22
4amy,10.82
2p9a,5.18
5khm,8.3
5vgo,8.7
2hzn,7.39
1fch,7.15
2zaz,6.4
6pii,6.96
5t2y,5.66
3py1,6.89
2o4n,7.82
2vpo,5.42
5l9o,5.4
2xbx,7.82
3o64,9.4
3dcc,8.96
1g35,8.14
6qgf,6.0
1wv7,7.26
3ivg,4.3
4msn,4.03
4f3i,7.44
3l4t,5.42
3tiy,4.77
1aq1,8.15
3n7h,4.5
2bmz,3.7
2gkl,5.35
3d9v,8.22
5ey9,5.41
6dh4,11.3
5fh7,6.86
2a4q,7.18
3daz,7.93
5hdu,9.0
4j1e,7.72
3r21,6.74
4jvq,6.2
5to8,8.51
6bgu,6.28
3eyl,6.6
5yve,6.48
3ubd,5.54
6gxu,3.74
3avz,7.19
4bae,8.52
3h0j,6.49
4mpe,6.37
5km9,4.25
1gjc,6.35
4gtm,8.04
5g5v,6.7
4nmp,4.04
1x8r,6.12
2j7b,6.62
3cpc,5.3
1rxp,7.14
2gej,6.64
1dgm,5.05
6bx6,6.48
3wzp,6.82
1l8g,6.22
5t2i,8.7
1svh,6.44
2toh,4.15
2ax6,7.57
6imd,4.23
4abk,5.72
3esj,3.03
4elb,8.3
6nvi,8.59
4wiv,6.26
5nu5,6.33
3bmo,5.27
6nlj,4.82
4lkf,5.37
2o3z,5.7
4er2,9.3
4el0,4.49
1n0s,7.45
1pxk,5.66
2i4j,6.16
5t9w,5.59
1af6,1.82
6a30,4.89
3qfy,6.12
2vtq,6.85
3ui7,9.0
2yne,8.57
3f7b,7.19
2rc8,6.52
6dpy,4.1
3bxf,5.54
1c1u,8.25
1c3e,6.59
4yqm,7.51
4e90,8.1
1rm8,9.0
5fso,6.09
2l98,3.61
6ic5,8.22
3m40,6.77
3pix,7.0
5fcw,6.52
4y2x,6.29
3ozr,5.15
1g3b,5.74
3art,4.43
5lj0,8.0
4dpf,6.4
2jbk,6.4
5dhq,5.7
2jh0,8.7
4bo3,6.52
5afj,4.38
5ap7,6.29
3pa8,5.75
5lpj,5.0
4h2m,5.21
3hvc,6.22
1i7m,9.64
3dt1,8.62
6di1,6.74
5n87,9.25
2xey,5.19
6mll,3.62
1z6q,6.7
1qkt,9.04
4bi6,3.95
3ipb,6.7
5cgd,9.3
4no9,7.82
4ie5,4.82
2vtl,4.01
1q8u,5.96
3tz2,5.24
4bc5,4.6
4al4,6.89
5aqo,2.85
4o3b,6.09
2fzc,2.7
1unh,7.0
4kzc,8.09
5qal,3.46
3f48,6.29
5u5t,5.41
3gi5,11.22
6knh,3.55
1tnk,1.49
3pgu,6.7
2c02,4.04
5e2w,7.51
2weg,6.5
2zif,4.37
4u8w,11.24
5uv2,4.4
6h7d,5.49
6bh8,5.12
4eqf,6.81
1lhd,9.62
1km3,4.91
2x6d,7.92
6peb,8.57
3mtw,7.04
5dx4,6.86
5aqq,3.1
2j94,6.27
2ieo,8.49
3l3l,7.48
4iur,5.58
3qw7,5.74
5tzf,5.8
4o0x,7.17
3ctr,5.16
2wyj,9.0
2ynd,7.49
3gf2,1.7
2nwl,8.7
5c11,6.47
6ic6,7.82
3ms4,3.28
4bcs,6.99
4jjs,6.7
4bdh,4.11
3d6p,3.75
4kp0,8.65
5mon,2.48
3vw1,4.67
3hxd,5.05
1qk3,5.15
3tza,5.5
6e1a,8.85
4rce,8.7
4nyj,3.49
6bm5,5.84
5dro,10.59
4pb1,2.82
5ggj,1.75
2kbs,5.0
4u0c,4.31
5m3b,6.92
4l4m,8.0
4gtp,7.94
5jfu,8.07
5aph,7.22
1q4l,7.4
6a04,5.21
1k27,9.0
1rwx,7.37
2w97,0.96
1sqp,8.2
3kyr,6.72
6e2n,7.9
3k3g,2.85
2c1q,13.0
1o2j,6.92
1zaf,7.7
5eps,4.42
1xge,4.68
4nrk,7.62
2rk8,3.64
2zhd,6.54
6d1m,8.2
5xqx,6.39
5ajc,4.24
3shc,5.72
1p10,6.7
4mdq,5.92
6i75,4.64
1b5j,7.43
4bzs,7.12
4b82,4.39
1o42,8.05
2cex,4.7
6fzm,6.04
1b6m,8.4
4cra,7.22
6nrj,7.44
2vc7,3.36
1pph,5.92
3tv7,7.52
5xgh,5.99
4eh7,3.28
6hrq,7.09
5dyt,7.6
3arp,7.15
6im4,7.4
5he2,6.89
4cg8,6.96
6npp,6.05
1sqc,6.85
5nhj,8.27
4gbz,3.11
4uub,4.76
5fqp,7.72
5cwa,4.77
1ao8,8.22
4aig,6.52
5mar,4.39
6h4s,7.42
1kti,3.43
5du4,5.25
5nxg,8.55
1ct8,6.52
4alu,7.77
5mja,6.66
4b6o,7.0
6i61,6.24
5mwp,7.5
6o5u,4.38
3hvh,8.52
4uau,5.89
1qon,8.96
1zsb,0.6
4rn4,6.94
1v2v,3.37
1k2i,3.11
5f8y,4.24
3m67,6.74
1jvu,5.15
1qpl,8.51
4ef4,5.35
4p0x,5.92
5usz,6.97
4qgi,3.9
1soj,6.62
1a94,7.85
2xbv,8.43
5er5,3.67
4gtv,7.42
4b76,4.54
5lca,4.48
2il2,7.1
2qtu,9.28
6n0p,8.89
3vc4,7.62
2g2r,7.89
3hnb,5.11
3be2,8.7
1i91,8.94
4okg,9.32
3qpo,6.61
4hpi,4.85
2brb,4.86
3p8z,6.09
4qtc,6.4
4mra,4.47
3mb6,7.0
1yi3,5.4
2obf,8.85
2aox,7.42
5k5e,6.35
2bmk,5.62
2vvs,7.34
4xm8,3.02
4cu7,7.59
3f6h,4.72
4kqp,6.05
5ka1,4.48
5g3w,7.38
4yps,7.12
2jh5,6.44
1nok,3.15
6nfi,7.05
2joa,5.96
2vqt,6.0
1nli,3.59
4no6,6.11
4z6h,6.21
6dne,7.48
5ew3,8.92
4ai8,4.0
3nu5,8.35
4j78,4.65
5kxi,7.74
2c8y,4.0
4b14,6.22
6k4t,6.02
4tpk,8.57
3g4k,6.54
1lev,5.6
4zsj,5.64
3szb,4.92
4h1j,5.92
1bmm,7.1
6hzd,9.17
3eoc,6.64
6h4a,7.38
5t9z,7.19
5f1u,6.4
5dhu,6.3
3hqy,7.94
1umw,6.55
5c1y,5.9
3djf,6.1
2ydf,7.66
5eml,7.64
3mam,4.12
3isj,3.68
6got,9.4
4mwc,5.87
6pg8,3.85
6pg7,4.66
4rro,7.59
4qxr,6.0
4iwz,7.29
4euv,6.3
1e6q,3.15
1xom,7.96
3ine,6.77
6gnp,4.55
4pfu,6.17
3hzv,6.52
2f94,6.71
1o4k,2.92
5khj,3.74
4i12,6.39
2ntf,6.52
5vqe,1.49
4lgu,8.68
4qgf,7.16
2yb9,9.22
4bo4,6.89
2ath,6.82
3e3u,7.89
6cqf,8.35
3k00,5.77
2xto,6.2
3n45,3.3
4qlu,8.08
4i2z,4.87
4xs2,5.82
1ero,8.23
6ekn,6.29
5v9t,7.35
1w3l,6.28
3lp0,6.96
3k5i,4.7
5eje,5.6
5jfp,9.32
1f4g,6.48
4axd,4.43
6b1f,8.72
4gv1,8.52
4acm,6.68
5hlp,7.27
1vwf,6.51
4ge5,6.57
1pig,9.15
6ndl,7.19
6afj,6.28
4yk5,7.64
1vzq,7.44
6bw5,8.25
1ghv,4.35
3et7,7.77
4zv2,2.93
1me8,7.19
3gpj,5.11
3lxo,4.82
3cdb,7.02
3kqa,4.85
4axa,8.0
4o3c,2.59
4eor,6.3
3k3h,7.06
5kya,8.22
1snk,9.6
3qfv,5.77
5ak3,5.07
1jqe,6.44
3sx9,8.89
6afr,7.15
3ap4,3.92
4d8a,3.42
6ovz,3.85
1x6u,3.22
2ygf,5.09
5t4u,5.32
5mqx,5.41
2q2c,6.38
1l7x,4.04
2qp6,6.68
6ba7,8.15
2ay7,2.3
4eh8,2.2
2o4s,10.51
4acc,7.7
4r3b,6.25
2j95,8.4
1tq4,6.19
2jdy,4.37
4qgd,7.43
6gla,7.57
3hqz,9.38
1n7i,6.59
1owk,7.63
4k9g,5.82
5ou2,3.22
5j1w,6.72
1v11,3.98
4rad,7.1
5hd0,8.4
5hfb,4.57
6fdc,5.64
5qa9,3.64
3jup,5.58
4ju4,6.47
3m3x,6.82
5ief,5.28
4rfd,8.05
4c1f,4.63
3vi5,5.68
5ke0,9.7
4um1,5.77
1b4d,4.81
3wk9,4.15
2q9y,4.44
4mka,9.0
2tmn,5.89
1mqj,5.32
4pyo,4.52
4bw4,6.2
2p3g,6.9
3rbm,6.57
2igx,7.27
1kdw,5.54
6cq1,3.66
4bek,4.39
4odp,4.77
4pnn,4.52
4ge2,6.05
5fbe,4.85
4ac3,3.96
1tfq,7.92
2xyr,6.13
5g2n,7.03
4lkd,5.35
5iu7,8.96
3iqh,4.59
5laq,9.2
6cdp,8.79
3vjt,5.39
5qtu,8.39
5e2n,9.54
5nmg,5.75
2vd7,5.38
4l33,8.15
1y6b,7.42
2qi7,10.21
3hv5,7.02
4q4i,7.33
1ouy,8.37
5ttw,5.96
1sw1,7.3
4azp,5.9
1qcp,7.52
4uyg,7.6
4e5f,4.82
3moe,4.3
2brc,5.05
1nny,7.66
5oci,8.05
4pov,8.28
5qab,3.65
1g2k,7.96
6g3c,6.91
6ffg,7.2
5g5f,5.28
6r1a,4.35
1o0h,5.92
1b0h,6.7
6hf5,5.17
6bhv,5.23
3u8m,8.89
1i41,4.57
3pce,2.0
3fl5,7.28
2xp4,3.74
4ipf,7.74
3rxk,2.68
5nf9,5.33
2ql7,6.26
2x95,4.95
1oyt,7.24
3lfs,5.6
5l8c,7.0
1w5w,8.8
2g94,9.52
4u54,2.06
3haw,6.0
4a51,6.73
4dfg,11.74
5jg1,8.72
5mge,4.06
2kaw,4.97
4edu,3.99
6ne5,10.52
5ap6,7.88
1z5m,7.52
1aj6,5.92
5umw,4.23
3b8r,9.22
4l1u,5.26
5lpd,10.15
3uhm,8.44
5ml6,9.45
5bmm,8.4
6mlg,5.05
5lsg,5.4
6fiv,8.08
4n5d,3.22
4mz5,6.1
2afx,5.15
6mo5,9.52
6oxv,10.7
6f3e,7.15
4ahv,1.82
6hm7,7.1
5nka,5.46
5tyl,7.82
2qo8,8.47
2uxz,8.48
5mf6,4.36
2wkz,8.77
3iqg,4.6
4iva,7.16
4yax,5.82
2rm0,4.03
2r1y,4.51
3vhe,8.21
1nde,7.82
4wf6,6.3
2vvn,7.3
1f9g,1.28
3p17,4.48
4u4s,2.92
6t1i,5.26
4ktc,9.0
1w2g,4.57
4u69,4.26
5aok,2.7
4nmo,4.83
4au7,4.76
4iaw,9.63
3c89,6.07
4tw6,4.21
2pcp,8.7
6f8x,4.77
6g86,4.49
4qw4,6.95
1h1h,5.22
1o86,9.57
4ara,6.05
3uvx,4.34
3su4,6.26
6bl1,6.96
5zzw,5.51
2xb9,6.77
3khj,7.55
5gmi,4.92
4lkq,3.35
3l8s,7.0
1h4w,4.66
3n7r,7.7
1uwt,5.97
6s1s,5.84
4do4,7.29
5mtv,4.11
5e3g,4.3
1b51,7.37
4fxf,5.19
1s3k,6.62
2xx4,7.1
5k0i,8.7
5d3l,6.06
5t1u,7.16
3zqt,4.41
4zyu,5.97
6sfj,7.74
2f6j,5.57
2yiq,7.9
2clk,3.79
3piy,6.54
4rfm,10.05
4p4d,5.74
4xm6,4.05
5nib,7.72
5nz2,5.03
5yia,5.52
4o7a,4.72
2vu3,7.33
1tvr,7.48
1akq,9.1
6t1o,5.59
1i5r,8.52
3dek,7.57
2gga,1.96
2znu,8.11
2ycr,7.16
4hgt,7.4
2hds,2.0
5ws3,8.96
4tky,5.7
6pvw,6.32
6bnt,6.55
3u15,7.11
2y2n,4.57
5ald,5.97
1c88,5.29
3fi2,7.6
4zbi,6.51
6ibz,7.66
4zh4,4.22
4pv5,6.54
4u45,8.0
3kn0,3.6
1jk7,8.52
5v19,3.3
3pd4,4.48
3my1,5.45
3s7b,6.3
4ufl,2.64
1vfn,5.6
3ufl,6.82
2r9b,6.57
3tdc,8.27
5uoo,8.85
5akz,5.26
2qiq,4.1
4li6,6.97
3ipx,6.92
4puj,7.46
3ka2,6.62
1my8,7.46
5n21,5.96
4an9,7.36
1izh,7.7
6a06,8.47
4ehm,5.85
5mxq,5.72
3rlq,7.4
6m95,6.85
6e7x,6.76
1wok,7.48
6s90,7.89
1wdq,1.98
6ega,6.78
2yjq,5.28
1q41,7.66
3jq9,6.4
4m5n,5.12
3rz5,7.89
3a1d,4.12
2pog,9.54
5dtr,4.41
5i89,7.48
1hk1,5.64
6g2l,7.17
5d6e,4.3
1li3,4.25
4ui5,6.78
4i74,6.72
3a4p,7.55
2wgi,4.07
4oem,5.3
2xiz,3.89
3jzh,3.4
3vry,8.11
3meu,6.3
4jpe,7.32
3q6w,7.57
6hgx,7.11
1xdd,6.7
5urm,5.28
4hyu,8.21
4agd,8.41
1nfs,9.92
1pb8,5.15
4yuw,5.77
3zlo,8.82
3d4f,7.72
6mmo,3.35
2v7a,8.3
5ii1,5.48
1lee,7.74
2jdo,6.64
5e2v,6.08
1uyk,4.77
3gwv,2.6
2bts,7.7
3qcf,5.6
5ku6,6.84
4g1f,7.77
2jup,3.81
4mw4,6.5
6cbg,3.95
6tld,5.35
3m11,7.37
4xmr,4.07
2wf4,7.89
4i0s,7.44
1z3c,4.0
5dxt,9.7
6dpz,3.59
6h0u,6.77
2wf1,8.7
2i7c,5.07
4meo,3.6
3gr2,2.52
2ez7,4.36
2f3r,6.3
4zx9,7.39
3hp5,7.15
5tzx,7.28
1u3r,8.3
5a3x,6.1
4z22,6.24
6dz3,8.89
4dcs,5.1
6ott,5.42
3mg8,8.92
4j73,4.56
5fxs,8.05
4axm,7.89
5nki,7.72
4gne,2.47
6p5v,6.7
4f70,5.74
3gv6,3.3
5aqf,3.78
4b3d,2.68
3d4l,7.49
6euc,3.77
1ydb,8.24
6p8x,5.56
4z2h,5.08
5npc,4.0
1kqb,4.0
5zxi,9.15
5znl,8.77
4qw6,5.85
5i5x,6.7
4g0q,2.52
3m6q,7.32
1zog,7.15
4gii,8.74
1db1,9.26
3v8w,8.07
5u2f,6.71
5am2,5.01
4ca5,9.39
4wt6,7.92
2rfy,5.22
3f18,7.4
6hry,4.0
3pb9,6.58
5dh5,9.64
5ukk,6.21
4pct,7.15
2vvc,8.52
6c9p,5.64
6dvl,7.96
6r12,4.4
6qyo,7.52
1a9q,6.17
3ifo,7.26
1m83,3.4
5vfm,3.82
1h3b,6.85
4pm0,7.35
1u1b,7.8
2yfa,5.07
6c9q,5.1
3zrm,6.89
4wkb,11.57
3oe4,7.47
6g39,8.34
2c3l,5.07
4wnp,8.1
3p5l,7.39
6cj1,5.27
3gcq,6.47
4k9h,7.12
4bcb,8.52
2c6i,4.96
3ckp,6.35
2wbd,6.64
5bml,8.0
6aec,6.15
4k6z,8.7
6chn,7.96
4c9x,7.32
4myh,4.64
1fcz,9.22
5ejv,6.69
5wic,4.64
4yp1,5.04
3r42,4.08
4esi,4.15
4bdi,3.64
3wc5,8.7
4j4o,6.9
5tzw,6.01
6st3,7.03
5mri,4.4
1hbv,6.37
4fzg,7.72
3ij1,4.7
4hnn,5.7
6r4v,5.76
3mle,5.24
1lf9,12.0
3nba,3.41
6gf9,6.39
1qbu,10.24
1pl0,8.22
5v8o,3.77
4sga,7.3
4q06,7.66
5j19,6.6
3ni5,7.55
3syr,5.1
3p4v,5.1
3igg,7.18
2ony,6.68
5d7x,4.82
5mwh,5.74
1ypj,7.02
3ijg,4.27
4p0w,5.96
2w71,6.48
5ubg,5.17
5nzq,2.03
5diq,5.17
5lom,7.13
2yof,4.6
5hgc,8.66
5ur6,7.06
2gpp,5.7
5e8z,5.91
1tlo,4.0
4q09,8.17
4knn,7.78
4qyh,8.89
4xv3,7.92
4jvj,7.66
2viq,5.89
6ceh,7.44
4ivs,7.36
4mu7,8.85
5q12,5.33
1zd5,4.87
5n16,5.3
4qwr,5.93
4joj,3.96
6pvz,3.47
4lqy,3.89
3pz1,6.14
5oyd,2.75
3nus,3.51
5lhh,8.17
2qhm,6.18
1czo,4.55
3adu,4.14
2xch,6.43
1bra,1.82
4wwo,7.42
3t0l,4.52
6pl2,8.06
6m9f,8.22
3su6,6.02
6dd0,5.48
1veb,7.41
2qbr,6.33
3n1w,3.3
1ta2,8.52
1d4l,8.77
4xt9,6.8
3v01,7.6
1rnt,5.19
3rlb,9.92
5h1v,4.0
4jkw,4.16
3g2l,3.87
5j8m,6.8
1fiv,6.59
3uw5,7.85
4a6w,5.72
5ta6,8.82
3u81,4.44
4b81,4.92
5cu2,4.24
6kzd,8.53
3qwc,4.26
3qo3,6.9
5hrx,5.29
3me9,6.3
4ce1,4.38
1bai,7.7
5uxn,4.64
4mr4,5.94
4dfw,7.85
5fni,3.48
3pbb,7.02
6fer,4.36
6r4k,5.07
4az3,8.3
6o94,8.74
2buc,7.0
4x6m,8.24
3lpf,6.68
6gjm,3.58
3ldq,5.36
1au2,7.89
2ow6,2.7
4pp3,7.82
4r6w,5.27
3ldw,7.97
5iz9,5.42
5yji,5.3
6hlx,7.17
5bvk,4.0
2r3f,6.3
1v7a,8.01
3sw9,5.38
5u0g,4.58
3juk,4.89
6qlq,4.51
1b6h,7.82
6g47,2.18
5duc,6.35
5exw,6.82
3ccb,4.52
4l34,6.94
3l38,7.0
2oxy,6.52
2pl0,7.21
5bui,7.05
1eat,7.82
3wf7,6.69
4ngq,8.8
5ito,4.16
4aze,8.11
1gno,7.7
4q6f,5.6
6pu3,5.23
3wnr,6.28
5oqw,7.4
1ocn,6.39
5hzn,7.21
3gst,6.72
4iuu,5.65
6dyv,10.59
1iih,2.89
2wd7,4.97
3acx,5.7
1ha2,5.54
1ogd,3.03
1ilh,7.39
1x7r,8.05
6phr,6.7
5ko1,6.64
4xya,5.86
5wa6,6.36
4qmt,8.0
4ohk,8.3
2o9r,1.68
2ayp,8.15
4kzu,6.5
3hp9,4.59
1yms,5.92
4zy4,7.66
4ylj,8.22
5ep7,5.4
5tqg,9.62
5zt1,4.67
2wca,5.6
6ibx,8.7
3sbi,7.92
4p72,4.09
3wtk,6.53
4g19,3.58
4jxs,4.74
2reg,5.64
5iv4,5.48
4uc5,5.48
5svk,8.48
5nze,6.39
5y2f,5.15
3p3g,9.74
2f10,3.48
3vw6,7.85
6clv,4.88
6ap8,5.1
1b4z,5.23
5voj,8.44
6mdc,7.44
5uw5,5.96
1o3b,7.13
5u94,7.19
4hrd,8.82
4o7e,5.24
2pe0,7.1
4m7x,4.8
4qw1,6.11
2xag,4.55
2oxd,6.82
4w9f,5.49
2fdd,8.32
3lkh,6.1
1gx8,6.37
2z52,5.57
1eld,6.7
4itj,6.42
6eji,3.52
3gyn,7.21
6mhm,7.54
5kjk,7.92
1yk7,7.72
2cfd,7.49
4qyy,7.3
5tq8,7.64
4xg8,8.72
3w2p,5.09
3d0e,8.4
6b30,7.22
2flr,6.1
4mc9,9.44
1xjd,9.48
1oyq,6.96
2h6b,5.39
1xuc,7.14
3dv5,7.66
3n75,7.89
5h7h,3.77
2qmg,9.15
5zyg,5.21
1ylv,2.7
6jb0,7.24
6d50,5.05
3ppr,2.82
4erf,9.4
1oe0,5.16
2rcb,6.79
2oqi,8.49
6pvu,5.21
4h4b,2.7
3fu6,3.97
2yiv,2.78
5emk,7.89
4qg7,8.0
5hja,5.96
1njs,7.82
5tuy,6.35
2qbw,7.25
5jga,8.64
2o4l,9.22
2ff2,8.21
5wa9,6.76
6iiw,5.66
3gw5,9.33
3g2k,4.79
4bhf,3.46
1xsc,4.3
2oj9,6.41
1aid,4.82
5ku3,4.89
1hyv,2.3
5dey,8.43
6dhc,7.96
3tjd,9.0
6mj4,7.72
5c5h,6.4
5q0n,8.06
4e9u,5.82
2qt5,5.03
3wfg,6.92
4j0t,6.74
1i9l,8.48
3qs6,4.89
3ejr,8.57
3irx,9.0
4est,5.02
4db7,6.56
2bxu,7.15
4b0c,2.07
4hv3,3.94
5w1e,5.24
2yde,3.72
4qz0,5.46
3eky,9.64
2uw8,4.11
4ceb,2.97
4m8t,6.43
6e7m,6.66
1qca,5.27
1pk0,7.57
1eei,3.15
4h7q,5.06
5al3,4.96
1c5c,6.96
3gjw,8.3
3l3n,8.18
2wer,7.05
3ddp,7.14
3nht,7.01
3r0y,4.84
6b4l,6.47
6qra,6.15
6g2n,7.14
4da5,6.44
3kpv,3.74
5opb,7.62
4anx,7.74
2p3i,3.48
1t7f,5.74
3t09,3.8
5hn9,4.3
3aig,6.0
1uy9,4.82
1br5,2.7
5nra,6.91
4rn0,6.59
6hkj,9.0
5a3s,8.68
5vgi,6.98
4d8n,5.74
2al5,8.4
1kz8,6.08
3acl,6.22
1m2x,4.15
5ovg,6.4
1g2a,8.0
5zni,4.39
6m8y,6.38
4nus,8.3
5eg4,7.68
5wbk,6.03
6f5l,9.19
3my5,4.19
2fjp,8.37
3m3e,4.43
6fel,6.4
3l8v,8.1
5mo0,4.68
1rbp,6.72
6egs,3.59
5g53,6.37
2xog,3.43
3dcv,8.52
5csh,3.57
3u9q,4.38
4ft2,5.64
2xb8,7.59
4emt,5.3
5qcn,8.22
5j7q,4.58
3hfj,4.44
1rgk,4.31
3dcs,7.94
2itz,8.59
1om1,6.77
4a9n,5.82
4m5o,6.42
5y6g,7.0
6hlz,7.33
3pn3,6.4
1uyd,3.7
5q16,7.87
6o9d,8.7
3g32,3.71
6un1,7.89
4o74,7.6
3emg,8.05
2x4r,4.77
3g4f,4.52
6ccu,4.45
1lan,7.22
5ny1,6.44
5ot8,4.2
1pxn,7.15
1hvs,10.3
4cu8,4.47
4l1a,8.27
2r7b,7.22
4zw3,7.57
5n1s,7.99
3gl6,4.68
4wlb,6.74
4arw,7.13
2nqi,6.11
6qrg,5.0
5xv7,7.96
2osf,3.83
3tay,3.38
6cf5,1.7
5l7e,6.6
3nnu,7.32
6fs1,7.01
5dw1,7.1
5ans,5.69
4anu,7.68
2w87,4.65
2yiw,9.1
5ais,6.24
5etq,6.48
5ox6,7.54
6czf,5.8
4w57,4.85
5kbr,6.59
3udh,2.85
5oh1,4.41
4l4z,5.68
4w4v,6.94
3cjo,8.66
3hxc,5.28
6udx,8.0
2y7k,4.93
5fqr,7.59
5eom,6.39
3mkf,4.77
5u6k,5.22
3rv9,4.92
1nja,6.31
2gss,4.94
4rpv,8.52
6iyw,7.23
1v0p,6.89
2x9e,6.74
4jib,7.35
3f5k,4.62
3ex3,4.44
5lyw,6.15
2jfz,5.24
3sb0,5.26
1tqf,5.85
5o5f,4.3
5mgg,3.3
6f7i,7.85
3d6o,4.11
2zzu,7.41
1j01,6.47
3tv4,6.96
1tkz,6.62
6bec,4.01
3s56,9.62
3rx7,6.03
1r9l,5.4
1e34,2.88
1pr5,3.92
4gzx,3.19
4bs4,8.22
5yid,5.4
4dgn,6.46
4ona,8.15
3m8q,9.52
5c6p,3.7
6czi,6.25
4fem,4.06
5m9w,2.24
1izi,6.59
3mct,4.07
2d1n,8.15
4m5m,4.74
4e4n,9.05
5zo8,8.2
2rfh,6.82
6oqc,10.4
5wvd,7.68
5hes,7.54
6hvs,5.23
3u8n,10.17
5w0i,8.85
6udy,7.57
3bl1,5.6
1c3b,7.57
4o1d,7.62
5c20,6.41
3dne,5.22
6mey,3.32
2fm0,9.4
5aqz,5.48
2y81,8.7
2zq1,6.62
5v3h,8.3
5eqe,3.88
5cnj,6.84
4omd,9.01
2xj2,7.18
3v4t,4.11
4umq,5.38
6gn1,8.0
4w52,3.76
5sz1,8.92
6h33,9.22
2xhr,8.32
1w82,6.71
6ib0,7.4
2bes,4.24
6oot,11.3
4y73,9.52
4ly9,8.15
2qrg,5.18
4jxw,4.72
3bel,7.85
4avu,7.85
6fug,4.3
3npc,8.34
3o8h,6.24
6jpj,8.21
4ura,5.5
3fl8,7.27
5mmp,7.52
2vxj,4.17
6dil,8.12
3vqu,7.43
2nnd,6.06
1ym4,7.41
5flp,3.2
2cli,4.3
2xk9,10.15
2rin,4.0
3p78,6.96
5a2s,7.7
6htd,8.0
4h4e,6.68
1erb,8.1
5ea5,8.06
1fq6,7.86
5oa6,5.51
2xaj,3.77
1m13,7.57
1x0n,7.7
4uix,7.3
1mqg,6.28
4i6h,8.3
5cuh,4.62
4d85,6.85
4zyq,8.01
2w8f,6.3
1d7i,3.6
1pf7,10.14
6q4e,3.46
6f3d,8.4
3grj,3.0
2ioa,5.49
1px4,3.23
5edc,7.66
1qkn,8.47
5gmm,4.54
3vsx,8.85
6fgg,4.77
2vfz,3.61
3ctq,7.4
5yij,3.42
3ps6,7.74
6b4d,6.11
4fs3,7.85
6ugn,6.12
5buj,8.3
3coz,5.57
4nni,5.5
5d7e,3.82
4ajo,7.03
4bcg,8.15
1nj5,7.3
3px9,3.42
6kjf,4.97
4q15,7.96
1siv,8.08
5f1z,8.68
3ti5,8.95
1zrz,5.24
6duh,7.42
6er3,3.24
3w2t,7.53
6ggd,5.59
3v5t,8.22
6d1a,4.35
5u62,5.89
3tz0,5.04
3oys,8.05
2chz,7.8
4f7l,8.0
4ad2,6.2
3t6y,5.52
4xar,6.97
4gfo,6.62
4m84,7.31
4jzi,7.4
4qmy,8.4
4ebw,5.06
3hmv,7.3
3uyt,7.85
3ggu,9.77
5ia1,6.28
6cms,5.82
4xtt,7.37
3d04,6.05
6gxq,7.1
6nmb,2.7
2vpg,5.68
2psu,7.62
1fvv,8.0
4gkh,4.67
2ymd,3.16
2aux,9.3
1tt1,8.15
3oy3,7.45
4yas,3.41
5duw,3.29
2z97,6.0
2tpi,4.31
5ugm,5.9
2oym,5.0
5f25,5.04
1fe3,7.33
4zba,5.51
1upk,6.4
3wch,7.05
2pql,7.28
6qxa,5.77
6suo,9.4
5g2b,7.0
6rnt,2.37
3wk6,5.2
6c67,5.92
1tow,6.24
4c37,7.71
5clm,7.36
1ws4,3.0
1lt5,2.7
3mmr,4.96
5nuu,8.2
3eml,8.74
4oef,4.76
1ugx,5.91
1o3j,6.77
2ow9,7.52
5hvt,7.26
5o07,7.47
4ce2,3.84
5vnd,6.49
1uy8,4.12
1ywi,3.43
2ogz,7.08
5c87,3.7
5fq9,6.48
1doj,8.96
1lq2,8.77
5eyd,9.0
3r0t,9.04
4o71,4.74
4u0e,6.92
1fkh,8.15
2byr,8.55
4o0j,4.89
2vj7,7.4
1olx,4.33
3t0w,7.3
1w9u,6.09
3iof,5.22
6jsn,8.42
4cki,5.96
3tib,6.89
4j3m,7.68
6p9e,7.17
5tnt,8.31
1elb,7.15
2j9n,4.7
4bfz,6.26
5q14,7.68
2ql5,8.1
1b6l,8.3
2r8q,3.24
5edq,8.7
2vx0,6.24
6h5w,10.8
2gm1,7.0
2xp6,4.7
2iqg,8.3
2r3i,6.0
1hxk,3.4
5zbz,4.95
3eax,4.92
1k9r,3.3
5uex,8.82
4dsy,4.43
3snb,4.38
3g0g,8.3
5eq1,4.68
4tmr,7.22
4psb,4.64
1ciz,7.44
4u5t,6.7
3t4h,5.28
3ekv,9.41
3dkf,8.57
6b97,6.63
3bi6,7.82
3tao,5.14
4hdc,8.92
1h00,4.42
6bg5,6.0
5gvn,7.05
6g9d,8.37
5est,6.52
1fmb,10.0
5a09,8.46
3hvj,8.7
4qlq,8.18
6hdo,6.6
4oz3,4.55
4ng9,7.12
1uu9,5.4
4u5j,5.53
4umr,3.8
5nrf,6.79
2hwh,5.7
4i9r,6.95
2jds,8.2
5u3b,8.82
3ua8,7.85
1jmf,5.77
5ygi,7.05
6me2,9.37
6d2o,5.3
2zmd,7.01
2jke,4.23
2pvk,8.3
1o4d,3.52
4j3d,8.28
3f78,3.1
4mx9,8.59
5olb,7.89
1abf,5.42
5tyn,9.28
5eh0,7.74
3vjs,6.19
6fa5,6.75
2c80,5.33
1o2p,4.85
5zo7,9.0
4qll,3.38
2bjm,3.7
4o45,4.15
3ion,8.1
3lp2,6.66
4ymj,7.0
1m1b,4.66
5jnl,6.57
3eks,5.7
4hra,10.1
1v0m,5.1
3chs,7.77
3vb5,5.34
6cpw,8.25
2e9c,5.96
6fba,4.7
3uza,8.94
6cqz,9.64
4euo,5.05
2hiw,8.1
5ezg,4.92
4hfp,7.38
1w6y,5.36
3b8h,4.2
6ewk,3.77
3ijy,6.04
3s0o,4.48
3unk,4.82
1nw5,5.21
5u5l,4.85
3sl5,7.66
5goe,4.34
1ax1,3.29
6gxb,7.46
5vl2,8.42
1kjr,6.06
3ov1,5.2
4r92,7.41
4e49,5.11
4eon,6.05
2ylc,7.89
3ove,6.57
4pyv,6.7
6bau,4.51
2l8r,3.92
3t64,6.7
2g01,5.91
2az5,5.27
5l72,6.8
3mt7,4.03
6ai9,6.74
2wa3,3.0
2b1z,7.1
4x5r,7.85
1o43,5.66
2yig,7.1
6e2o,8.54
5c0k,2.92
3ika,7.85
5mw4,11.7
5v3y,6.72
6d19,6.61
4ctk,2.0
1drv,6.54
3iop,7.77
1ntk,10.49
3ens,8.05
6r1c,4.92
6qrc,4.89
3ert,9.6
3qkl,8.05
1mau,11.3
6jsf,8.48
5vqx,6.32
4m5u,7.96
4f09,6.7
5toz,9.46
4xg6,8.01
4d1s,7.66
2bys,9.52
3kqb,9.3
4ibf,4.43
6g38,6.62
5mo8,5.79
5mrm,5.03
3ads,5.01
3ebl,6.3
6g6z,6.66
4b7n,8.78
4b6s,6.01
5k32,8.8
6fnq,4.59
2y8i,5.89
4urw,2.8
2wvt,6.12
3ebo,4.72
6i8y,6.74
3ckr,5.3
5nge,7.19
4ogn,10.0
5dbm,6.46
4zt5,8.0
2xn5,6.69
5jal,2.47
2r5p,8.48
3eb1,4.79
1xap,8.7
3fed,7.46
1j17,5.22
3ft5,4.82
4dhq,4.49
4u44,8.1
5f91,5.2
1els,10.82
6e5t,6.55
4r76,7.85
4s2i,9.0
3c2o,3.35
4ucv,2.88
5zxk,5.48
3ckb,2.98
6ap6,5.37
6s89,8.07
4ocz,9.18
6f9g,5.7
3adt,4.55
3kyq,4.22
4zyy,8.05
5nw2,6.49
2pjc,8.72
2rd6,8.3
6ee6,6.67
3p9m,5.0
5cuu,4.37
3p8h,5.3
5nwg,6.18
3rxl,2.62
6ak6,5.56
5yj8,3.98
4zpg,7.26
2duv,7.06
2x97,5.66
4h3g,8.22
1njd,5.57
2fwy,6.7
3bxz,6.72
3iu8,6.24
3sym,4.57
4oc6,7.07
2yme,7.66
4lwi,7.64
4cwr,8.3
5hh6,6.4
4pxm,8.89
3nf9,3.54
5uff,4.24
6eox,6.85
6m8w,6.22
3cyx,8.0
4dli,5.62
3eio,6.65
6aqf,8.67
2w47,4.98
6cd9,4.42
1hxb,9.92
5x74,8.64
1ax2,3.99
6b1e,7.47
5aba,2.98
6iso,4.6
5l2s,7.08
5a82,5.6
2gst,6.07
2veu,7.0
6fng,7.14
4w4x,6.99
3vjm,9.43
1zzl,8.3
1xp1,9.3
3ump,2.99
6gg4,3.69
5l8a,4.91
6bny,6.4
2asu,9.0
4cga,6.4
1rri,5.82
3zn0,4.97
3s73,8.7
3uo9,7.1
4r6v,7.45
4x8t,2.05
4hva,5.89
4zy1,8.14
5jau,8.85
3ctj,7.46
5opr,5.59
3e85,5.38
5ivs,8.21
2hs1,8.48
3fzs,5.82
1fpc,7.0
3t08,3.04
2gj4,6.5
1w4l,8.4
5t78,7.37
4ngm,10.35
5h0g,6.95
3up7,8.21
4o4g,8.05
3svv,6.94
1b38,6.6
4j86,3.77
2e9u,8.1
5jss,6.45
3zq9,6.02
3kqd,9.4
3n2p,7.82
4nld,7.7
2jk7,7.17
6ffe,6.1
2qu2,5.43
1tsl,6.15
3vfq,5.19
4edy,5.83
4lkh,3.0
3wqm,6.25
3e5a,8.23
5lz9,6.92
5ax9,8.1
6iiu,7.96
4xue,5.3
3byo,8.15
6b2q,8.05
4iic,4.85
2bz5,6.15
4qd6,8.64
2evo,7.17
4rac,7.52
4lnw,7.04
4x8o,6.6
5khg,4.69
4xua,4.59
3r7n,6.15
6fgf,3.96
2w5g,6.07
4hyb,6.46
3zln,8.47
5hlw,7.64
1ecq,3.0
4j48,5.62
5u6b,9.89
4re4,6.87
5jiy,6.27
5dg6,5.07
4nal,5.66
4bkt,3.62
6fuj,4.3
6g6x,4.88
3s0j,3.77
5dlx,5.7
6eq1,4.61
3r7q,6.97
3t2t,2.4
5exm,8.2
1y2j,7.48
7lpr,7.18
5eth,7.25
5g17,6.7
6c7j,8.88
4a95,5.76
3kr8,8.1
1no6,4.41
6msa,7.08
3uo5,7.41
4cd0,9.7
6m7h,4.7
2wxm,7.4
3pj2,5.14
6ei4,5.28
4e3i,8.89
3kvw,6.89
3mkn,4.12
1p7m,4.38
2yi0,8.12
5wbq,5.83
4c72,5.09
5mwy,7.0
5ho7,4.77
5t6g,5.96
2z4y,6.15
2f0z,4.77
4yll,6.92
2wxp,8.52
1n7m,5.71
5nee,10.7
1gwr,6.6
3vhc,8.89
4jvb,7.41
3ug2,8.25
4uvw,7.72
5c7e,5.0
6np5,4.57
4wyo,6.95
4qlv,7.85
1htg,8.42
2w6u,5.0
2pnc,3.33
5ale,5.95
2y7i,5.54
3mhl,7.25
5fdp,6.51
3qxc,5.77
1i00,6.34
1y2d,5.7
4hld,9.3
3vby,4.55
4alw,7.57
4m5r,3.0
5lne,4.76
2r58,2.0
2v95,8.3
1gpk,5.37
3v6r,6.15
3w32,7.12
5q0z,5.85
2z4b,9.36
6min,3.91
1nt1,8.89
4f1q,4.95
3o3j,6.4
3hkq,5.34
4k4j,6.12
1g7q,6.06
4c36,7.7
5ng9,6.72
5n0e,8.44
6qyk,5.55
5n84,7.96
3fui,6.8
3pz4,8.22
1stc,8.1
5dxh,9.0
4x24,9.78
5vkm,3.55
5xn3,6.17
4i6b,5.93
4l70,5.66
2wxk,9.3
4h3i,8.52
3b5j,5.68
3ppp,5.22
3fqe,8.3
1ms0,2.91
1o79,6.39
4hej,4.62
1r5g,7.52
4nzn,6.38
3l7c,2.44
4uma,5.41
5eqq,8.17
2exm,4.11
5egs,6.01
5l17,9.3
4d62,2.44
6au9,5.96
6p89,5.01
6g2a,3.79
6q8p,7.74
1qbv,5.39
3n51,7.82
3v9b,9.3
3b2q,4.55
6qfv,7.31
3b67,8.85
6oy0,9.3
1z34,3.38
5km0,5.31
6cw4,2.82
4k7o,4.3
6dgz,11.3
5jfr,8.3
4qwu,5.51
1zub,6.57
3bex,5.57
6hza,9.3
1m9n,6.92
6ooy,4.66
3biz,7.24
3poz,7.64
2vwy,7.05
2doo,7.17
4p44,7.8
4uxb,7.96
1gjb,6.35
4bqy,5.96
1p93,7.72
1u9w,8.46
1ec1,8.92
3nef,5.94
2brg,5.21
1gui,6.28
4ms0,3.39
2ggu,3.03
6g5j,6.7
5fun,7.59
1oba,2.44
3ljj,6.52
1q3w,8.4
4o76,6.89
4wno,6.8
1jj9,5.77
6u9v,7.4
1d1p,3.6
2aqb,3.3
1lrt,5.64
4zeb,6.52
4gts,7.89
1axz,3.2
6nvj,8.28
4x6h,7.66
1e2l,4.29
3bwf,9.7
4awq,6.32
5a83,6.8
3qw6,3.52
6eyb,5.37
4qev,7.66
4zsr,4.44
3rz3,5.76
3uyr,6.9
5kat,4.1
5hz8,6.4
1k3t,4.19
6g2b,3.8
1i7z,6.4
5lhi,8.11
5hcl,2.22
2o3p,5.96
4ph4,7.74
5o1g,3.94
4f6x,5.09
5lp6,4.76
5ypy,4.64
1hp0,6.7
1ssq,6.0
4jal,4.6
2oiq,5.0
4jql,6.0
2r0z,5.47
2c6g,3.37
7abp,6.46
6qqt,4.23
4p6e,5.89
4eo6,8.7
4ekg,8.77
5zdf,5.7
6g9b,3.24
5dit,6.15
1e1v,4.92
4aof,7.1
1ctu,11.92
3evc,6.91
5aib,3.8
2xm1,5.07
4zlo,4.92
3ow6,6.66
3owl,6.17
3cz1,7.26
5j7b,8.3
4eev,8.33
3w2r,7.72
3qps,5.6
5teh,7.55
3rak,6.89
5c3k,3.96
1o2y,5.85
3bm6,7.59
3lir,6.92
6bgz,6.39
6d9x,3.49
4ryl,7.28
2i1r,5.01
3cso,5.77
3r6c,4.72
5d21,8.38
3h0w,6.22
2vzr,4.28
5mnb,2.48
4y8x,8.43
3bsc,4.48
6dvo,7.22
3opr,6.59
4w97,7.1
1a46,5.7
5iuh,6.4
4xwk,4.63
2xow,5.22
6htp,6.8
3a29,7.89
6af9,5.49
5xmx,7.24
1ci7,7.05
3g35,4.68
6byk,3.41
6qqq,5.17
2a5b,3.93
1awh,6.08
2gl0,4.82
5i12,5.92
2rcu,6.68
5op8,4.18
6cj5,5.19
4l32,6.84
4wn0,3.22
6cco,7.29
4i7k,3.04
4pd8,6.03
5xkm,7.62
6cwh,7.54
2wpa,8.1
5ncy,9.4
2wlz,4.6
5a69,8.96
1oir,7.49
4m3g,6.26
1o2t,7.85
4nmt,4.85
5np8,4.62
2r6y,9.49
5mzg,6.86
6h75,4.38
4ycm,7.72
5uah,3.4
4agq,5.01
2xk6,5.8
3bi0,7.85
4mpn,6.62
3bym,8.22
6qr9,6.72
1k21,8.38
2wp1,3.6
5emm,7.74
1w3j,6.32
4yt6,7.96
5cxz,6.26
2jkk,8.2
3h26,4.49
5dxu,8.4
3qqs,5.82
5gv2,5.65
5q0p,7.41
3mo2,6.61
1jjk,11.06
3rse,7.0
4oo9,9.07
3bgz,6.26
6oag,5.43
1alw,6.52
3iiw,4.44
1tsy,4.96
1udu,9.05
1h1d,8.22
1vjc,3.58
4frk,8.1
4wp7,6.1
2bfq,6.89
5nvv,6.7
1fkn,8.8
3nsn,7.19
5he3,6.55
5ele,1.52
3f35,3.16
2j27,3.52
2xix,2.3
5klp,4.64
3agl,7.8
3nuo,9.8
6ciy,6.7
4uua,5.24
1a1c,6.4
6gvx,7.62
4kot,5.46
4uin,7.62
2r3w,6.89
6nri,7.57
4s1g,9.22
3cf9,4.83
2an5,5.68
6msy,7.0
4ryd,11.26
2vmf,5.85
3h98,8.3
1vcj,4.59
2y82,8.4
4og5,6.52
3kb7,8.15
5gid,6.11
3e5u,5.85
1q9m,6.48
2yaz,5.14
5epn,8.66
2gtv,5.15
3ps1,10.17
3dcr,8.2
6e1z,3.82
5lvx,7.25
4cxx,5.68
6fyi,6.7
3jy0,8.3
1uou,7.7
6mle,9.0
3wi6,5.33
6n92,4.97
5aic,4.3
1mem,7.94
4twp,10.0
5ddb,7.09
1uv5,8.3
5amg,8.22
1g3f,6.37
3snd,5.08
4uwl,8.57
5h4j,6.89
2aoc,4.89
6rhe,4.13
4ouj,2.86
3el5,7.72
6h14,7.86
4q0l,7.7
5n9l,7.82
6b0v,3.49
6n0j,5.37
1ndy,6.17
4kpx,7.3
6o0k,10.74
2b54,7.7
3gvb,2.59
4zqt,5.64
2yek,7.21
5tzc,8.1
2ivu,6.43
1f0r,7.66
2cnh,7.23
5oxk,2.17
4z7q,4.29
4fnz,7.8
4cd4,6.58
5j1v,7.39
5mme,5.85
3rxb,2.66
3sug,6.21
2wzs,3.85
6chl,8.05
5drs,8.96
2f8g,8.7
4k18,8.96
3qar,6.49
6iiv,6.85
5fqc,8.52
3t5i,6.82
4jjq,5.03
3qk5,7.74
2b4m,3.53
3q96,8.54
3k0h,4.6
1t4s,2.44
5wqj,5.52
2ael,6.29
5lrq,5.8
4qz1,5.44
4b2i,3.0
1au0,7.66
1w2x,5.14
4men,3.9
3nok,4.19
1ld8,8.46
1q4w,6.46
6p12,5.95
6nv7,7.92
2euf,7.82
3ewh,7.16
5vqs,5.7
4x3i,3.17
1ym2,8.0
6r1w,5.3
4zl4,7.86
4kyk,4.74
6nnr,5.07
5j59,7.3
4u5u,2.89
3t2w,7.46
6o9x,6.05
4lxk,8.4
4xdo,4.08
5dex,7.65
5cgj,5.22
1g3c,5.8
3wti,5.9
3suu,8.52
1b7h,8.02
6k1s,7.7
1e1y,5.6
3m55,6.21
1t79,6.04
2q2y,8.8
5mhp,7.82
2xkf,6.06
5hfj,4.39
2uze,4.33
6rn9,8.2
5a3w,5.82
2w3l,7.52
5jbi,6.92
4nau,9.06
6htg,7.17
4kzq,6.1
2b52,8.1
4lh5,6.7
5gvl,7.38
5jyo,8.52
2xh5,7.57
5dtm,4.3
2b7d,8.7
5nad,8.96
220l,3.4
2bdl,7.82
4ymh,6.46
2x09,3.76
6d4r,5.96
5anw,8.52
5wei,5.7
1jlx,5.8
5ty8,5.46
4mr5,6.6
1bn1,9.34
1fzj,8.1
2j6m,7.96
4foc,8.52
4j53,8.7
4e3n,10.3
6gcr,8.33
2jjr,8.2
1k6t,7.62
1qkb,7.35
3ggv,10.85
2wxd,5.48
5ual,3.58
2o4z,6.25
5qaw,3.4
3cwk,6.6
3cen,8.26
3fy0,5.96
4a4e,3.32
5y61,1.72
1g98,5.7
2xjx,9.15
1kvo,7.89
4lkj,6.7
3drs,9.3
4m3e,6.25
4ga3,7.52
2f80,8.18
1wvj,6.73
4mwe,5.91
1zp5,2.92
3n76,6.85
1bn4,9.31
6j9w,5.13
4k7i,2.82
4lrr,5.22
6ios,4.1
6ajr,4.31
5kpl,6.29
3shv,6.66
3tkw,5.27
4hl5,6.35
5zqp,7.74
1cze,2.62
5kup,8.14
4na8,8.82
4pyn,4.52
5cy3,7.8
4zme,4.3
6quw,2.82
4x5z,7.63
4j22,7.74
4yht,9.22
1sbr,5.0
1pot,5.49
4l9i,4.89
1ujk,6.57
1rtf,3.04
5mrb,6.33
5jv1,6.07
4ddk,2.29
6ufn,5.64
2ww2,4.85
1x81,9.19
5cal,7.66
5eni,2.3
4p5z,7.41
6c0t,7.37
1i90,8.89
2i0d,12.1
5hvs,7.15
5f94,8.47
6n0q,7.4
3c14,3.52
1xxi,5.52
3m6p,8.35
4djx,7.23
5fto,8.21
6p1l,8.7
4rak,7.85
3wab,7.47
2qcg,4.0
1a07,6.4
4ir6,6.08
1z71,9.18
3m9f,11.15
3mvl,7.89
1rgl,4.43
3hv3,6.33
4ynb,10.37
5nxx,4.77
1o5p,10.0
4ocv,5.08
6pfj,6.41
6m87,8.1
2vrj,6.3
5lz4,5.7
4odf,10.0
5ehe,8.32
3gss,5.82
3oka,4.72
4dv8,9.24
2gg5,6.6
1p06,6.27
4dh6,7.77
4qpl,7.41
3rk7,6.7
3avi,3.3
5mwd,5.72
5fpk,3.55
4qnb,6.59
4rx8,7.46
6bhh,3.76
2q38,5.23
3rv6,4.68
5otr,4.92
5h0b,7.96
4tw7,7.59
4rj5,7.18
4ieh,7.85
4c4h,8.22
1ogx,6.09
5ttg,7.34
4qjp,8.6
5fd2,7.05
2ggx,3.49
2yke,5.96
2chx,7.74
3d78,7.64
6gw4,5.92
3jqb,6.02
3kdc,9.28
1pme,9.4
3p76,8.68
6cjv,5.66
1syo,9.0
1ftk,4.84
4pvv,6.48
1qs4,5.64
1adl,5.36
6mxc,5.56
5sz9,4.42
3r4p,7.96
4gzf,8.36
1rjk,10.0
5tl9,9.0
4e3g,4.97
3mg0,9.25
4aoc,4.27
3gtc,2.35
4pd9,3.33
4rqv,5.05
2vx9,7.44
3g6g,8.55
3e8r,9.74
6fr2,7.92
6me3,9.38
6h29,5.62
1al7,7.8
4cxw,6.09
5fsy,5.89
1f4e,2.96
2i3z,8.7
4idt,7.0
2b8v,7.01
4e3h,7.05
6qdx,4.52
4e4a,2.05
1w10,7.55
6nzr,9.3
2lyb,4.46
3u51,5.51
3qtf,6.96
1zzz,5.14
6f23,8.3
2jxr,7.05
2wk2,6.82
6dki,8.64
1gzc,3.49
6g2o,6.77
6dar,6.66
2wvz,4.02
3v49,8.02
4jjf,8.0
6g27,3.14
4bxk,7.95
1bzy,8.34
1a2c,6.3
6dq4,4.92
4u70,5.02
5ak2,8.41
5vm0,8.8
1n4k,10.05
1xr9,7.15
4oew,6.82
6pyc,7.45
5tys,10.72
3zxz,8.4
3f69,6.0
1nc1,6.12
4b33,3.37
3k98,9.0
4b6q,7.55
3ovx,7.51
4gk2,8.8
5nk2,6.74
2aez,2.46
3el1,9.64
1o9d,5.6
5ovp,5.04
3q32,8.74
3o9v,7.74
4kp4,5.17
1y2h,7.25
3tam,8.43
1i9n,8.66
5l3e,6.18
4pgh,4.89
1nc6,8.0
4mho,5.08
5fi2,7.15
1ez9,5.1
6qhg,3.13
4ha5,7.24
1ysi,7.44
1bgo,8.46
3iqi,4.41
6evm,2.82
5am4,6.95
1py1,4.4
2xzw,5.29
2g96,4.28
2avo,8.85
5a5p,4.0
5mnr,5.46
1m4h,9.52
5mkr,4.77
3s1y,6.22
4yik,6.89
6i12,5.57
2rfn,8.3
6gxa,4.22
4y62,2.95
2xm2,4.62
3k15,4.92
3hxf,4.96
4j8r,7.7
6hm2,7.33
1f1j,8.8
5mty,8.89
4hy1,8.7
3chp,5.27
2gvz,6.89
1ag9,9.0
1bgq,8.57
4l6q,6.27
3iaw,5.8
6nvg,8.07
5qil,11.52
3ujc,4.59
1o2k,6.92
2yim,3.92
3b65,9.27
2xne,6.72
1qsc,3.68
6agk,5.58
4qp7,5.23
4uff,7.96
1ec3,9.04
4guj,3.05
4twy,3.97
4f39,5.7
6mvu,2.89
4hlc,6.76
5t8p,5.89
3kfn,4.74
4yl3,8.15
2wk6,3.32
2f18,4.1
1jlr,3.33
1sqt,6.2
5enh,3.72
3ezv,5.98
1dqn,8.0
6hv4,6.23
2p15,10.3
4yo8,10.52
2g63,8.17
5a6a,7.22
1kui,3.77
4dfn,7.7
3kba,7.8
6d4w,5.25
3nzx,5.17
6afc,6.03
3rv4,2.3
6npu,6.4
5y3o,6.86
2giu,8.82
5m6m,7.36
2v10,9.4
4qjo,7.4
4nrb,4.42
6n3l,7.57
3c8b,6.1
4bdb,4.07
5kad,4.43
4l31,6.79
1ui0,7.06
2np8,7.38
4a6l,8.0
5op2,6.62
3pkd,6.12
3umq,4.62
4yyl,5.01
6qw8,6.4
4yat,5.03
4gj9,3.3
5i3y,9.4
3wyj,6.44
3cf8,4.9
3erk,4.74
3dc2,3.02
1bl4,8.74
4mg8,6.48
3iog,5.52
4yur,9.8
6hmg,4.94
1g7v,6.4
6cee,4.19
3t01,4.48
3np7,4.02
5wyx,6.66
4lj5,6.29
6ncj,7.62
2psv,7.24
4bio,5.12
5nf6,7.46
1dhj,6.55
4qsh,5.1
4aa4,8.05
4y5i,3.52
4ts1,4.94
4m7y,5.32
3oaf,8.8
6n3y,5.44
3ux0,6.26
3tvc,7.74
5kqx,8.44
2x3t,6.05
1a4q,5.44
6f4x,4.97
2yj9,7.02
3qs4,4.68
4omc,10.78
3lbk,6.04
3gt9,3.96
1w4o,5.22
1m74,7.0
4nuc,6.04
3vv7,5.34
4nl1,3.89
2vmd,3.02
5fom,5.01
3s22,5.46
5k4x,6.42
3hu2,7.22
6fmj,6.12
4j5e,4.94
6j81,6.29
6mla,4.38
3zdh,7.35
3rpy,5.32
5k0x,8.36
3aza,5.13
1gt1,6.0
3uh4,7.96
6bd1,4.78
5y13,5.94
5u14,5.34
6n4t,8.09
1los,7.19
2yi7,8.32
5h8b,11.31
5fat,6.96
6exj,4.33
3wv3,7.62
6rtn,6.63
4cmo,9.07
1ejn,5.62
3lk1,4.26
1qxk,5.05
5lm6,5.11
6kqi,8.06
1dhi,7.26
5yz7,4.75
4km0,6.04
3mj1,7.82
4kzb,2.89
3f17,8.63
3zm4,5.96
4tmf,5.48
1rdt,6.7
4j47,4.92
4mmp,7.71
2jld,10.4
2bq7,7.05
1qaw,5.12
4qvm,6.35
6ckc,8.22
1okz,8.3
5nsx,6.4
2v16,8.22
3o88,6.37
5ye7,5.46
4q1y,10.35
5hld,4.66
3ccz,7.29
5wfc,4.9
6d4q,6.08
1q63,5.85
3pn4,6.85
6rj3,6.4
5q0g,9.74
5zdp,7.18
5kby,8.82
5sz0,9.1
3cst,7.41
186l,4.85
3sxu,5.05
5mym,5.41
3l5b,3.91
3r8z,4.31
4m8e,7.89
2pjt,6.07
6m7i,3.41
3ucj,6.0
3btl,5.96
4g5f,3.05
5mfr,4.3
4lxb,8.15
6uim,6.74
2c1b,6.4
5x73,6.74
5l2n,5.55
6hky,9.34
5fox,3.17
2qpj,6.35
5c7a,3.31
5o9q,5.21
2ea4,7.34
5ti3,4.36
3f7z,7.19
2ycf,10.52
5dy7,3.7
3bho,5.61
3q3b,7.76
1hqg,3.0
6ftw,6.49
4k8s,7.44
4w9q,6.85
4zt7,8.0
3g2z,2.36
4gcj,7.7
5jn9,7.79
1lvc,6.0
4xsy,5.3
4urv,2.77
4n98,3.55
3rk9,6.28
6ilq,6.36
5tr6,8.49
4eh6,2.46
5ni7,7.7
3jvk,3.93
6p83,7.1
4q9o,5.77
4jgv,6.57
4xv1,8.38
4jfs,5.27
2hb3,11.35
6jjm,2.85
2vo4,4.94
5vcz,6.35
4o61,4.3
5hi7,7.85
4yl0,8.22
1py2,7.22
5nzp,2.19
4oc1,6.6
6cki,7.24
2vts,7.52
4ztl,5.92
1pus,7.28
1ggn,5.51
6bh3,4.92
1rdn,1.84
2b17,6.21
6oxt,9.95
5tg5,4.01
4pvx,6.76
6mqc,8.28
1ii5,6.62
4o05,7.43
4wy1,5.29
2iws,6.36
3m6r,7.49
1td7,4.37
6aff,5.41
5a3u,8.32
3t0d,2.37
3zju,5.68
1s9t,6.82
2c5n,6.66
5llo,9.4
1kds,5.77
4zyt,7.77
2qzl,8.1
2hxl,7.92
6f6u,4.8
4yoj,6.39
5lkr,5.48
5tg1,5.82
5ewk,4.85
5t19,4.49
6c0s,7.05
2g8r,3.99
4f08,6.6
1jik,9.7
4zji,6.47
4fhh,7.46
5d48,7.52
1h1p,4.92
6p8a,3.59
3f3t,4.59
1hty,1.4
6qzh,8.52
2e2r,8.26
2oaz,8.7
4kil,6.3
3q5u,4.31
3rtf,7.35
4tln,3.72
3lle,4.97
1mq6,11.15
4z7f,7.53
5t1a,7.89
2y4m,6.46
4mjp,3.88
4zij,3.25
5dhh,9.18
5n25,7.78
1e00,6.1
2zym,6.14
4zz3,6.0
2f35,5.4
4zt3,8.0
6jbb,5.99
4bjc,7.85
5lsc,4.7
5iu2,7.8
4cwf,4.49
4jyt,7.4
1pbq,6.27
6fod,8.15
5ggp,3.3
5j8u,6.47
2o7v,5.96
4uda,7.59
6f8b,5.21
3cyw,7.77
5m23,8.9
6n7d,9.52
5auw,5.05
4k1b,11.52
6csq,6.39
4elf,8.03
1o5f,6.07
3k8c,2.92
3o9h,12.1
5chk,5.39
8lpr,6.62
6qeg,7.3
2cf8,8.1
6d6u,8.21
4j1h,6.11
3p1d,2.64
2fm2,8.15
6ud2,10.21
1a5h,6.3
3omm,7.43
5mqt,5.7
4x9w,6.85
5hda,5.13
3gm0,7.77
1o35,5.0
3pcg,2.3
1xoz,8.92
6c5q,6.66
4hwp,7.76
2r3y,5.49
1lhc,10.4
2wq5,3.74
3rxa,2.85
3t1l,3.26
5dri,7.7
4twd,5.08
2r6f,8.0
4kbk,8.18
4pf3,7.29
1agw,4.7
4ciw,4.82
6udv,10.29
1qy1,6.52
2x4t,5.13
5cqu,6.54
5iza,5.51
4tz8,3.3
2isc,8.42
1uze,8.9
3v2p,6.36
6u8l,6.91
3h3c,6.85
6e23,10.0
1fzk,8.4
5nob,8.2
5vo2,6.81
2aig,5.0
3p55,7.1
4zsm,2.4
6i78,4.74
4fpf,4.41
1xa5,6.5
6ic0,7.66
4h1m,7.11
4efk,2.49
1r5h,6.74
4pnq,5.0
3ril,3.84
2hz0,6.48
6ma2,5.39
5eq0,5.92
5ljj,7.21
1s38,5.15
2ow1,9.0
3rxi,3.06
4xbo,4.59
4wq3,7.0
3g2n,4.09
1ogg,5.19
1oxn,5.68
4trw,4.14
1ykp,2.96
1jii,9.0
1pa9,4.6
5czm,8.32
1owi,7.55
2j4g,6.6
1vwn,5.82
2gfd,6.28
5exx,5.39
5kyj,7.89
1lke,7.52
3cke,6.1
2fai,6.24
4hmh,6.21
3l7a,4.33
5llp,9.24
6pg4,3.59
3hwn,8.7
1r1h,8.92
1ppc,6.16
2ya6,5.7
4qwf,6.0
3hf6,7.59
6dj1,10.51
1g1d,9.44
1cea,4.96
3sv7,6.08
4j17,7.27
5epr,4.04
4mgd,4.69
5okt,6.03
4ucc,4.32
2qq7,5.24
4fs4,6.57
3jrx,9.0
4e81,5.24
1o47,8.4
5fb1,5.92
1g85,5.48
5lx6,5.72
5eol,9.52
5tmn,8.04
3wi2,7.04
3ivx,5.74
5yg3,7.85
1ajx,7.91
5th4,2.85
2uue,6.13
3rf4,6.25
3ioe,3.27
5qj2,7.68
6n7c,9.17
4abd,4.4
5ea4,8.11
2p7z,6.58
4io6,4.82
5ema,5.23
3zso,5.12
6cyg,4.17
6bqa,5.85
4trz,5.03
1jzs,6.6
5muc,6.04
1sv3,4.35
4cu1,4.71
4eyj,6.21
6iez,6.52
4w7t,6.05
5e8f,8.64
2zy1,7.4
3aid,6.86
3sgt,3.82
3r4n,6.89
2vcg,5.77
1zsf,9.92
5mqe,5.4
5xig,6.38
5uy8,8.3
3nwe,7.6
1udt,9.3
6h12,7.68
3lq8,9.4
4qxq,5.7
6fe0,6.48
2ews,6.62
5c0m,5.85
6aad,2.79
3po6,7.06
5ops,5.06
2io6,7.52
1b1h,7.03
1bp0,5.4
5uiu,9.7
4rlw,4.87
2vtp,8.52
4r5a,8.7
2ans,5.92
3f34,3.16
5zwh,8.72
3so9,8.56
4pzw,6.96
4gqq,2.89
1ws1,9.55
3ie3,6.68
2fqx,7.15
5v82,10.15
4u5v,3.05
3otf,6.08
4bb4,6.72
3avb,4.07
1h62,4.77
3l54,8.15
1urg,5.82
2xy9,9.19
6j6m,9.52
1egh,5.7
1mu8,9.0
3fcq,2.77
4jfk,6.44
4dhf,7.55
4xcu,8.22
6f96,7.72
6cb5,5.37
2w66,4.05
2wmv,5.04
1pro,11.3
2yge,5.06
3b7u,7.74
4iu0,5.89
5dhr,4.64
5t68,7.64
2qyk,5.48
2q54,9.01
3pa5,8.7
6k2n,1.36
2mov,7.4
5yjy,6.94
6eqw,10.65
4ibb,3.57
3gwu,4.71
2b1r,1.0
5dia,10.46
4hy4,8.57
5urj,5.28
3tk2,4.62
4e1e,6.31
3h0s,6.2
3nww,8.15
6mum,8.41
3p5o,7.26
6r9x,2.96
1ezf,7.25
5vdp,4.05
5bqi,9.05
5hor,8.22
1elc,6.66
6cyh,3.15
2qn1,4.77
6i15,4.0
2qm7,5.89
4m5h,4.54
1jiz,8.7
6h4z,7.64
1lpz,7.6
3h0y,8.22
2vnn,8.7
5dhp,3.85
6qtx,4.41
3tf6,6.4
2q2n,6.48
2gmk,3.23
6qxj,4.79
2uuo,3.77
2y68,3.6
1ind,10.05
4wz5,5.51
4idv,7.4
5jv0,5.96
3h22,5.1
1ugy,3.72
6h50,6.81
5lu2,5.2
4dk8,5.74
4dv9,6.72
3fu0,2.28
3fi3,7.92
2pu2,4.43
2xfi,7.82
5jjs,7.32
3djk,10.59
1fh8,6.89
4nak,5.85
5wzw,5.91
2xp2,9.0
2oyk,5.3
6nfh,7.15
4yrr,2.7
2vvo,2.2
5b6g,7.44
6ay5,7.16
4wbo,4.2
4mdt,5.0
4zt2,8.0
4qwj,5.77
6f1x,7.7
2wei,8.47
2pj6,7.31
1uom,7.72
2pem,3.64
6jav,5.76
2jbu,3.4
3kdb,9.85
3f7g,7.37
2jew,6.69
3u7s,8.43
5ism,9.15
4qz6,5.53
4l7n,4.84
4jin,5.64
6g9u,6.43
3o9i,11.82
4hxs,5.39
4wwp,6.92
3vjk,9.43
4nyt,2.39
5u4f,6.33
5er1,6.02
4b74,7.66
4ydq,6.52
6nyh,7.68
2zof,8.15
2cej,8.62
3srb,4.19
3k3a,7.08
6hni,4.03
2hrm,3.56
5q0x,7.35
5juz,5.52
4zud,8.16
4yzu,5.05
6g46,3.73
4to8,1.24
2p2h,7.17
2i4x,11.72
4yml,8.35
5upf,8.6
4g11,5.0
2y0j,7.92
1bma,4.59
4hby,5.36
2buv,4.0
4tyb,1.7
1vjy,7.64
3at1,3.18
4avw,7.62
3py0,6.89
2ce9,6.03
6ocu,8.05
5dd9,6.11
2uwl,8.4
6mob,8.15
4i9c,5.51
6md4,6.16
2am4,3.72
4pd5,2.86
2y2j,4.8
2o4r,9.4
2wnc,6.32
2h2g,5.04
1v0n,7.55
4ht0,8.0
3ikd,6.75
4lpb,8.0
4l09,6.07
1tl1,6.42
5a3q,8.6
5eek,9.1
1bv7,10.3
5fdg,6.37
3t3h,5.71
5q0s,7.21
4igk,4.55
3ans,6.25
3h5b,10.0
3gc7,9.22
1i7g,6.0
2vk6,5.3
6oqb,10.3
6fn9,3.55
3umw,8.52
3iny,3.66
4yt7,8.77
1i33,4.12
1yyy,5.09
1lgt,6.1
6f86,7.43
1i7i,6.7
3ogm,7.32
3kjd,8.54
5wf7,4.01
1m5f,7.83
5f32,4.94
6o0o,7.44
2ie4,10.0
4mcc,6.25
6df7,8.0
1bnv,8.77
1uk0,8.1
6hvj,7.55
3bbt,6.15
5iq6,5.26
5fb7,7.89
3uew,6.31
4oak,4.22
2exc,6.63
1o33,5.74
3dnd,4.8
3vhv,6.29
3mfv,2.52
3exo,4.62
5dda,5.78
3uxk,4.93
5y1u,5.12
4p4f,6.77
1gu1,4.52
5ota,5.74
2x00,11.33
4e3k,9.1
5xjm,9.37
4zlz,7.0
3dow,4.94
1wvc,4.46
6v5l,3.65
6bh1,7.22
4r4i,6.27
1sdu,10.07
5ayf,4.82
4uvu,5.92
1wb0,5.35
4mi9,3.42
6gg8,9.1
6hgr,3.46
2v57,7.1
3fmz,8.08
6o9b,6.4
2dw7,4.7
3o84,7.24
2q2a,7.41
1o3k,6.77
4j58,3.3
6plg,7.82
1enu,5.08
5t8r,4.29
4k3k,2.35
2f6z,5.32
3oe9,8.18
4qq4,5.74
1pum,3.05
5iu6,3.89
1syi,5.44
6ar9,5.18
2ai8,6.8
3udm,4.48
6q6m,6.89
1eub,8.72
4y24,6.66
6h4d,7.96
5n1x,3.16
6g9i,3.93
3sh0,5.66
1o2s,5.47
5nwb,7.8
2v11,8.52
4zx5,6.19
5d1t,5.77
5he1,6.55
4pnu,4.89
5ta2,7.96
2bb7,5.67
5vm6,7.11
6bu0,5.96
5i7y,7.28
1i72,7.26
1c5t,4.1
3rhx,6.08
2zbk,5.7
1gzg,3.05
5a0b,8.3
5oha,4.89
4lke,5.37
6db3,7.25
6mod,9.15
4gq4,7.66
3co9,8.0
4c1y,3.6
3vha,7.4
5ktw,7.52
4hrc,8.92
3tge,10.15
6uf0,7.14
2pri,2.91
4qoc,9.92
4z1j,8.11
5mts,7.15
5vc5,7.96
3iiy,4.8
5ehr,7.14
1sqq,7.82
5mmn,6.7
4kyh,5.92
2xiy,2.44
6g3a,8.38
2rc9,7.4
2qbu,6.19
5k13,8.74
5yg4,7.37
1hvi,10.92
3s3m,7.4
5nfb,6.11
4l51,3.0
2vwx,7.4
4gih,8.32
2vt3,4.15
2evl,6.7
2o4j,10.1
2xah,3.55
2d06,4.08
2f2h,5.7
5w19,5.3
3rxe,4.76
3zmv,4.26
3kjf,4.87
2qdt,5.19
4pvo,6.31
3vhk,4.6
3ivv,5.43
2o2u,6.4
4nzm,6.85
4o0v,8.48
3u8d,6.33
4uyd,4.1
6aaq,2.41
3cyz,7.22
1ckb,5.28
5v2l,3.54
2viv,6.28
6chm,3.7
4qxs,5.96
5ot3,5.23
2xk3,5.68
5ofw,2.8
5tz3,6.85
6exi,5.05
2z7g,8.95
3uw4,7.77
3u6i,9.0
1m7q,8.59
3qvu,3.55
6fzu,3.67
4eg5,8.1
3f6e,2.38
1nc3,5.0
4q1d,7.78
5tho,7.64
6fut,4.7
4bgg,7.82
2vwc,6.62
3k23,8.2
1o2n,6.09
3l7g,3.3
5e73,4.64
3mv0,3.85
4zy6,8.3
3elm,9.72
2rka,3.0
4msl,6.15
4cjn,4.76
4dhs,4.8
3gy3,5.63
5nzm,3.9
6mli,2.43
3hha,7.9
4bi7,4.58
1ya4,4.82
3s45,8.49
3bt9,5.71
6an1,5.35
6oy2,9.87
2ohs,4.4
2uw0,7.7
5h15,5.8
1lag,6.3
5a6x,6.69
1jil,8.4
4c1e,7.14
3peq,7.5
4csy,3.06
4qq5,6.32
6cdo,8.97
3o96,7.24
6hhj,7.97
4d8i,6.69
4ez5,6.52
4led,2.3
4y46,7.96
2weh,5.95
5wap,6.52
4a9u,7.22
6mji,7.29
2w6c,8.41
6qlp,5.28
3bmq,5.49
5ipa,4.7
3arw,6.15
6dya,6.17
3wth,6.29
5l99,3.32
2h5e,8.25
4pkt,4.83
1o6i,3.19
4tya,2.39
4e3j,8.92
1uwf,6.82
4q9s,3.81
4awm,5.72
4riv,7.0
1yvf,7.0
4fcr,9.4
5a7b,3.57
1b8o,10.64
1gt5,6.1
2fl2,8.7
2xvd,8.7
6i3s,7.05
1zsh,7.07
3img,2.96
5fxr,7.42
2gmv,6.2
3s53,9.64
6h4w,6.97
3inh,7.7
4oc0,6.5
6rmm,4.69
6fe1,8.48
1v2s,4.17
2qfo,4.7
4fse,7.4
6i14,5.82
4xii,6.6
3gwt,11.1
3kwj,9.3
4pyq,5.36
1ydr,5.52
6b1o,8.51
5xpi,5.28
4cnh,8.4
5knj,6.94
6gf3,4.84
3rxd,3.73
2xeg,10.7
5l2i,7.4
4qo9,6.8
1o4l,1.4
1n2v,4.08
6cwn,6.65
1eas,7.74
1qf4,6.18
1dbb,9.0
4tjz,5.97
4ovg,3.69
4ykn,8.0
3poa,7.0
6eqx,10.47
2p93,8.82
3gus,6.05
3bgb,6.05
4b8p,6.85
5wyz,7.68
3s3r,8.68
5zma,5.52
1tnh,3.37
4hvd,8.85
1mrw,9.7
1m5w,4.27
5l2t,6.19
4f1s,8.7
4ykj,4.43
4qqc,7.34
3n5j,5.22
5w5j,5.82
3tb6,5.08
4g16,6.85
4poj,8.1
3r6t,5.86
6qau,7.48
6k04,8.04
1eve,8.24
1ikt,3.4
2g9r,6.08
1o4o,2.46
2wva,10.7
1bmq,7.42
1qf2,5.92
6csr,6.84
5a4t,5.89
6dxx,6.64
6f2n,6.7
6md0,5.9
4rux,7.92
4x8u,2.46
2itp,7.95
4rhy,5.95
5mpz,4.07
4rz1,7.4
3old,5.9
3ehw,4.82
3tt4,8.28
3l4x,6.89
6dko,5.8
2gz2,5.22
2f9u,7.39
4j70,5.24
3p3s,7.59
3upz,5.6
4mm4,6.37
5fi6,7.52
4x60,9.0
2qfu,4.18
4j1c,7.31
4xt2,7.15
6j1l,6.42
3mxc,6.54
1yc1,6.17
3ztc,4.56
6m9d,7.35
5ktu,6.21
3chc,4.09
5k8o,5.96
4y8d,8.05
4alx,7.28
5gwy,4.95
6coj,6.4
4oba,9.4
4rao,6.0
6g22,7.56
3thd,4.05
4umc,3.44
3f8f,6.63
4yff,8.0
6bh0,6.66
1m0o,2.31
6d4s,6.05
1yys,6.33
3p4r,2.72
3h6z,5.82
1pxl,6.05
3qxh,5.24
5vih,7.49
2g72,6.5
4ufg,8.15
3c72,4.64
1a9m,6.92
5w44,6.44
5cep,6.84
5xpl,7.7
6hgz,5.97
3ce0,6.15
1y3v,5.64
2bt9,6.19
5qam,4.0
4des,5.85
4gah,6.1
2qzx,8.22
1b05,7.12
4rj4,7.8
6skb,7.7
3mna,7.39
3nox,8.66
1bxo,10.0
1b3f,6.89
1gny,4.14
3iqu,4.77
5fum,4.74
4fqo,5.16
5kly,7.21
5zqo,7.71
4yc9,8.89
3oob,4.67
6r0k,7.92
1l5q,3.97
3bug,3.18
6rne,8.8
3uvl,5.69
3mrv,3.74
3bbf,5.28
1nym,5.4
4oon,7.52
2pja,8.66
4kwf,4.82
1ce5,4.74
4e1n,7.17
2ra6,4.52
6ibk,3.29
4zjr,7.54
2ow3,8.52
5ave,5.44
6msn,4.95
4nct,7.55
1oau,7.7
2b9a,8.05
5dtk,4.3
5ien,6.52
1npw,8.7
6rn6,6.8
4krs,6.52
4n9a,4.19
1ax0,3.13
6qgh,8.15
5dva,3.55
3eft,7.92
4ayv,9.17
3zpt,8.51
1z6e,9.72
5m6u,8.37
2ycq,9.85
6ayq,8.19
4qmn,8.52
4deb,6.43
4bbf,8.66
1cin,8.73
4kz3,2.77
3e9i,6.22
3udv,5.59
2wnj,6.48
1ru2,6.49
4hnf,6.15
5v3x,6.59
4zsp,5.74
3uo4,6.52
2zx7,10.49
3qt7,7.31
2pvn,9.46
2hk5,7.34
3mrx,3.39
4oaz,5.77
4k72,3.0
1k9s,6.52
4fmu,6.44
4cku,6.82
4dhp,4.44
6i0k,4.89
1gni,8.07
2va5,4.07
5axq,10.1
2b55,7.02
1c5q,6.36
3fk1,2.62
3qd4,8.2
2y6o,7.6
5ha9,5.78
3t4n,4.14
3atm,3.06
4wmu,6.74
5mgj,4.29
1ouk,9.89
3l08,10.22
3fx6,6.8
6mx3,5.14
5zhm,6.14
6eir,6.24
5e2p,8.8
5orz,3.36
2ork,2.85
5swf,6.26
5nw1,6.6
1o39,7.13
2vnf,5.52
2e94,8.0
3rux,9.28
4bdj,5.14
2o63,6.11
2np9,5.57
5jox,4.46
3sz9,5.27
2aog,6.28
2gfj,3.82
4b80,4.4
3e12,5.99
6ek3,6.48
4hki,6.85
6nsp,7.36
4o3f,5.56
2k1q,6.22
2vtm,3.0
5jvi,6.51
1cil,9.43
4u0s,6.8
4qvp,6.05
1e66,9.89
2feq,8.86
6jwa,4.96
2g0g,6.29
6n3k,7.54
1xbb,5.3
4i54,6.96
4tyt,7.7
4k0y,7.82
3ipu,7.32
6qyl,6.08
2r3h,4.7
4cps,8.27
4fli,5.44
1obx,5.72
6arn,5.19
1duv,11.8
4u93,7.89
2vxa,5.6
4zs3,5.18
3mtb,4.63
4wag,7.08
5fnc,4.11
3vfb,9.04
6ugq,7.55
4n7m,5.47
4oym,4.96
5tyh,2.08
6nwc,7.74
4qt2,6.32
5l0c,6.15
4c16,4.96
4bfy,6.92
1c12,8.72
4j4n,6.88
3vo3,8.85
5tt7,7.89
1hkm,8.72
6ind,6.62
4d2d,3.47
4nxq,4.74
5j7p,7.28
6bgv,6.74
3f7i,7.34
4o0b,8.3
6cpa,11.52
4g4p,6.89
6gzy,3.4
3s8x,7.3
5v7i,7.18
2fs8,7.6
4dhu,5.3
5o9o,4.89
6uvy,6.0
6a87,3.15
1noi,3.15
5o4t,3.4
6ey9,5.91
4pid,4.62
3zm5,6.74
2hfp,8.52
6h51,6.87
1mhw,7.35
4aq4,6.17
5u12,5.07
3zmu,4.3
3ti4,6.02
5w88,4.52
1pdq,5.3
5vqt,5.74
1ogz,5.85
6dzy,5.52
2ha7,3.36
5al4,6.52
5wa7,6.4
2x2r,7.12
5u4a,6.36
3kv2,7.32
4ih7,5.24
5aki,6.12
1z6f,4.89
5znp,4.69
6g4z,9.77
4jfw,6.34
5l7h,7.3
4llk,3.0
5os0,2.55
6f9u,5.13
4mbi,8.15
4b5d,7.89
4g0p,3.01
4apr,6.7
1nhv,5.66
6ul8,7.52
3dba,8.0
4ezz,5.19
1xkk,8.52
5mob,4.05
5icp,8.42
4cik,6.43
5nyh,7.73
1b5h,6.01
6bnk,6.99
4cae,7.74
6eq6,4.82
3d4q,10.52
5kbq,7.0
5vds,3.3
6c99,5.62
4qgg,9.0
2hb1,3.8
1owe,6.2
1o2g,6.12
2w9h,6.37
3wvm,5.71
6dxg,4.85
5ckr,7.76
2c1a,6.77
2ha2,4.66
3pj3,5.25
6bqk,9.0
6eee,7.54
6en4,8.3
5h8e,11.2
5nvy,6.12
4qn7,9.08
5b5g,5.25
3uig,5.32
5t8o,6.51
1fl3,6.8
1z4o,4.52
3zjv,6.27
1utp,1.44
3kdu,6.46
1a0q,7.57
2q8m,4.03
2brm,5.89
4kz7,2.49
5kx7,7.44
1sr7,10.1
5aqt,3.51
3okv,6.23
5maj,7.46
1gqs,6.3
4ir5,6.21
1o5g,4.96
2hai,6.28
6q7h,7.68
6bib,5.8
4g17,7.54
5zc5,7.06
4uat,5.89
5a5q,4.68
3v66,8.89
6rtw,6.43
6aqs,7.55
1ols,5.82
3l6h,5.4
3drf,7.0
6q89,9.85
6hqy,6.44
4b7r,9.64
3vzv,8.04
5y93,5.64
5ier,4.89
6en6,7.94
4pxf,3.1
6aom,6.2
1b9t,5.1
6mx8,9.43
4qab,9.7
5ta4,7.62
6bmx,4.72
4o24,4.3
4kza,3.7
4bsq,9.15
4y5h,7.82
5mhq,6.96
2e92,6.89
4pum,6.73
2iok,9.0
3i0s,9.0
4b72,6.2
5xo7,6.36
1nw4,9.07
3f15,8.1
2ow7,4.85
2vr0,4.42
6e3s,6.78
5l30,9.14
1kne,5.6
2j2u,7.33
3qto,4.13
5ovr,4.57
4bis,5.85
3p3t,7.24
1tng,2.93
4f7n,7.1
2uym,5.51
6joe,7.04
4ow0,6.82
4m13,6.7
3pr0,9.54
4jck,2.37
2fo4,7.22
5j71,6.96
6h1h,6.17
4eo4,6.35
4xip,6.63
5ddc,7.04
2qoh,7.7
5ggl,1.78
6hrt,9.0
3sqq,5.32
2wo8,6.28
1q66,5.77
2ojg,5.64
5ugd,6.62
5i56,7.32
1bdr,6.68
3ijz,5.22
3ioi,6.28
3ndm,7.96
966c,7.64
4zgk,5.51
5mxr,5.21
1g53,9.04
6mhb,6.77
5dp4,4.2
5lzj,3.9
1sri,6.08
6nfy,7.8
1mui,11.89
3vbx,4.77
3k27,4.44
1d6w,5.96
1h39,6.54
3nuu,3.77
4pzv,5.7
5v24,6.4
5hff,6.3
5tpg,7.85
1r78,8.52
6dzx,5.46
6dgy,11.3
5qaj,3.48
3wz8,5.82
3wqw,5.23
3ixj,9.49
2bdy,7.77
4ht2,6.54
3qiz,5.21
6e59,8.67
4ybj,9.28
3pp1,8.49
3oku,6.36
2qe4,7.96
4io3,6.06
5fdz,5.17
5kew,6.5
2rox,4.98
3kgq,2.3
5llg,11.13
6qmd,3.77
1utc,4.55
2q3z,7.22
2wkt,4.31
5fap,8.0
5f1r,6.0
1hkj,8.59
1xh8,5.77
1lah,7.52
3hek,8.27
5itd,6.58
187l,3.37
4d52,3.11
3wb4,4.44
4nym,3.55
6gl9,6.87
4r17,7.68
1oai,5.0
3wf6,7.48
3vf3,5.86
1q95,7.57
2r0y,3.0
6cdm,9.09
2xzc,5.64
1cny,7.85
3su2,7.35
6qxd,6.02
1m7i,5.4
4y2j,3.1
2esm,6.28
4zun,4.59
5qa6,3.76
5eij,5.31
4v0i,6.33
3i5z,8.7
4qmu,5.89
4erk,4.57
6nzk,4.3
6mbo,5.95
3ho2,6.95
3arq,6.4
3vhu,7.31
6iik,4.91
4qw5,6.35
4ban,8.61
5om2,4.06
4mzo,6.57
6g98,6.15
5j86,8.26
3v3l,6.43
3zo1,6.0
3mvm,8.41
5osd,3.21
6r0s,4.4
3nyx,7.49
4iut,5.72
4kax,4.77
3l4y,7.0
5tg4,3.32
4zzx,6.9
3rxm,3.63
5o4f,6.68
5akg,4.46
5a5d,8.0
2yj8,8.19
3krj,8.96
3q4c,6.43
5iwg,6.46
1rhm,5.76
5f6d,2.52
5x02,9.85
4oks,4.48
6g24,2.77
3tc5,5.17
4emv,8.3
4q3u,6.44
6inz,5.8
6gnm,4.26
6dha,5.68
2isv,7.43
5amd,8.55
3qai,8.1
6arm,4.97
4ewr,6.27
1hn4,3.82
4iz0,4.0
5qao,3.62
2f3e,6.81
3wb5,4.57
4b83,5.15
4hwr,6.74
1v2m,4.29
2aa6,9.41
3c56,7.89
3d8w,8.15
5k05,4.96
3o0g,6.22
4hbv,4.64
3thb,8.7
3g19,6.67
4bdd,4.43
1tnj,1.96
3jxw,9.0
6efk,6.8
2onz,8.89
1azm,6.1
4dq2,7.52
3obu,4.3
4dij,7.52
3dcw,9.0
6c7x,7.19
5j0d,6.87
3k5c,7.77
1sc8,7.44
3iob,3.42
6cq5,4.24
4fny,7.8
2qoa,7.28
3iub,4.54
4g2y,6.0
5o83,7.96
6gvg,6.0
6d15,4.48
3btj,5.62
5v7t,6.21
3sx4,8.52
4bbg,8.32
1a4r,6.66
6md7,6.74
3nq3,3.78
5ubt,8.62
5ci7,6.92
6h36,9.35
1ydd,7.07
1xow,9.28
5i8p,6.73
4i9u,3.86
5moq,4.68
3wd1,7.66
2ihq,8.49
4bbe,8.44
3h0e,8.15
5fe7,3.31
5v79,6.41
4ou3,4.41
4og4,6.02
6bfe,5.85
4ia0,7.11
4und,8.96
5tdb,5.84
6hvu,6.59
2zda,8.4
3fcb,5.31
3ary,6.0
3gy7,4.52
6n93,4.69
3nw9,9.0
5zhl,6.72
4rse,6.4
6t1j,4.74
2wm0,4.52
2e99,6.16
4u5o,2.42
1ke3,6.7
5efh,6.1
3pn1,6.96
2bxt,8.52
1f2o,1.91
4b7q,9.74
1rne,8.7
6fzx,8.15
4buq,8.14
4eke,4.48
5d7r,7.89
3b7j,5.17
5gn5,6.98
6jib,5.8
4xxs,7.28
2w78,8.57
2yk1,8.13
2brp,4.0
5g1n,7.77
4mwq,9.1
1drj,7.4
4ptc,8.96
1c5x,6.68
2uwo,8.7
3bls,5.14
1sh9,6.03
3lpi,8.52
6quv,3.0
6f26,7.62
2gnh,6.83
4du8,5.37
4zo5,9.82
1yda,6.55
2wc3,6.08
4c7t,6.4
4kc2,3.31
1qpe,7.7
6hvr,6.48
3fei,7.7
5nmf,7.42
1lf3,7.0
5fjx,4.96
5cs5,1.58
5vsk,5.74
1wdr,2.52
5tpb,2.59
1w2k,6.46
1kyn,5.39
1pzi,4.22
3jdw,3.6
5lxd,8.5
4zj8,9.26
1o49,6.36
1bky,3.84
3g7l,6.72
3zhx,6.68
4mw5,7.35
4o1b,6.41
5oai,5.15
3pi5,6.02
3skc,8.8
6buv,4.74
5a3t,8.4
5tq5,7.23
5zae,6.81
1z6d,2.34
4dhn,3.89
1o4f,3.52
3pka,6.27
5zms,5.23
3lpg,6.16
1jq8,6.0
6g29,4.33
3kf4,9.3
6dj5,8.14
1swk,12.0
6huq,7.14
2izx,9.4
6d55,7.36
1s89,5.24
2w54,6.98
4cr9,4.1
1u1w,5.85
5zah,7.28
5zo9,8.2
3dz6,7.82
3a1e,2.66
2piy,7.7
5e1e,7.66
6mbp,5.95
3ry8,3.34
4i9o,5.72
1y4z,7.24
5ntt,5.75
6pht,3.41
5dp9,6.08
4bqg,6.22
5nk4,8.7
4ksy,8.42
1bap,6.85
1fao,7.37
1ua4,4.22
5v42,6.62
2wtx,2.89
6dtw,8.26
1tbz,9.8
1x7a,7.89
1c5o,3.49
5qaf,3.51
1llb,6.05
6bfx,7.1
5gu4,5.47
6hrp,9.0
5nev,7.36
1dis,11.0
5y5u,7.75
6gnw,4.99
5ka9,4.41
5k8s,8.22
4kow,4.31
5ovh,6.55
6cdj,11.7
6b67,5.05
1r0x,3.83
5i94,7.52
2nn7,6.52
5etm,5.41
3tkm,9.0
5mys,4.3
4fll,5.29
1xzx,10.22
1bnm,10.0
2r3k,7.0
6i97,8.18
2o48,6.01
4gw6,6.2
2wmr,4.28
3guz,4.38
3e0p,7.92
2e95,7.1
2isw,7.43
4rrs,6.68
4x61,9.0
2oph,7.8
2y1d,6.82
2nq7,5.54
5n20,4.21
4j5p,7.92
6ckl,3.89
1hlk,5.0
6ee4,6.69
3lhj,9.51
5i59,6.95
5hbh,7.31
5w0q,8.0
5tv1,7.24
4jq8,8.1
2v3u,3.0
5lcj,6.64
3zt4,2.8
5m0m,8.22
6itp,4.65
5nkk,5.0
3wz6,5.96
5tku,9.8
3upv,5.3
3sn8,5.65
3p7c,7.66
1wzy,6.25
4qmz,6.68
6bto,5.0
1lpg,7.09
2hr6,4.82
1ni1,9.05
3vx3,7.82
4e5w,7.66
4ede,7.38
3dp0,5.85
6gzm,8.26
5uuu,7.74
5tyj,7.46
6oos,11.3
4n5g,5.0
6c7d,9.77
6qgg,6.3
4poh,8.0
3fyk,7.4
5lgn,5.54
3hit,8.19
5vsc,6.29
6ccm,5.25
3fci,5.89
1bm7,7.52
5jop,9.41
1qka,5.92
6ak4,5.46
4i1c,8.1
2fxr,7.6
3l5f,6.22
6dvn,7.85
6mhc,6.43
6ow7,9.0
2cmb,7.19
5bsk,6.22
5ar8,8.1
6mj7,2.82
3tsd,3.66
4x6y,7.72
4uwf,8.15
3g0c,5.7
5g5z,5.66
5v84,6.7
4yog,5.74
5j9l,7.47
4mpc,6.15
4o0y,7.22
1bzh,6.77
3zn1,4.54
6dcz,7.17
5khd,5.6
6dud,6.59
3b4p,5.4
1q6m,7.89
5uwn,7.87
3i73,5.49
6n9p,8.4
4zpf,6.74
6b4u,7.68
6o6g,6.52
6ftz,3.0
5d3j,5.24
3k39,8.08
1g54,8.82
6fnj,6.85
6dkb,9.15
1gar,10.0
2x4o,4.77
2izl,6.0
3s2p,7.17
3obq,3.54
5lws,3.94
1db4,7.24
4i3z,4.29
1exw,3.9
1w13,8.7
5ow1,4.15
4jsz,2.3
4ckj,4.84
4cdr,5.1
4ch8,5.99
5enj,2.3
6hjj,5.77
4px6,8.4
3sl1,3.59
4oee,5.76
5ort,3.05
2ylo,4.88
1w1g,7.68
1hmt,5.79
2bks,7.43
1bm6,7.89
1mkd,6.8
5zee,2.8
6s9w,7.23
4j3i,5.74
2wxf,6.74
2pqb,7.2
2xg9,4.15
2qo1,5.57
6evp,4.53
5f5z,7.07
6cyi,5.04
2fq6,7.1
4kb8,7.89
6pgx,9.21
5jzn,5.96
2xyn,8.4
2y55,3.87
5d29,7.01
5kab,4.68
5l98,3.31
3muf,6.49
3p58,7.6
3vap,8.4
5ogb,7.47
5dq8,4.14
4ie0,5.08
3b82,4.43
4ryg,8.1
1dbk,8.1
5f04,4.0
4z8m,7.44
1tve,5.68
1h35,7.54
6nzp,9.7
2cc7,8.01
5wp5,5.34
6f8t,5.15
2a5s,6.7
6b7f,3.87
6oh3,3.32
4no8,7.15
3lik,8.72
5ovv,4.48
4b2d,3.7
3ozs,5.33
5alt,4.88
5z1t,6.2
2qg2,5.4
4mji,4.09
4ca8,6.68
5he4,7.7
5t6f,5.8
3oyp,8.7
1xmu,9.08
1u9l,5.02
5ogl,4.31
5n3y,5.03
5w5v,6.1
2wd1,7.09
2j9h,3.39
6n5f,6.86
5kns,6.12
5dgj,4.73
6p8y,6.2
5hcy,8.92
2aie,5.66
3fyj,8.3
4zei,5.88
3v51,8.55
4yc0,4.13
2q7y,4.3
5t2g,8.1
6alc,7.51
5khk,6.39
4ll3,11.57
4xv2,8.27
3ztx,7.74
4ddm,2.46
3vdb,2.52
4zjw,6.66
2wxj,9.0
6imt,6.6
6q7w,6.85
5q1f,7.14
4wq2,6.3
3sbh,7.28
5v6u,2.26
1i9m,8.48
5c2a,8.32
4zur,7.17
6dik,5.07
4qsk,5.1
5bnm,4.82
4pis,7.22
6ob0,4.96
3byu,9.1
5jur,8.52
3aya,4.33
5ne1,8.28
5uac,8.3
4u5n,2.48
5elw,7.85
3ip9,5.62
3hkw,8.64
4ijh,4.33
3fuz,6.54
1gwm,4.1
4iq6,7.24
5tqf,8.3
6dyw,10.44
4iu1,4.3
5y9l,5.72
3uug,4.51
6oyz,6.73
4cpy,6.31
4msa,3.3
2oah,7.96
3jyr,5.54
1f7b,4.6
5sz6,7.0
4ghi,7.09
3o75,6.68
5n0f,6.05
2ihj,4.59
5ddf,6.17
4waf,5.0
1gpn,6.48
6ajx,5.04
4ivb,8.72
5dgm,6.4
4mf0,8.08
3h2m,3.67
1nl9,5.96
6gl3,7.96
1bdl,5.85
6cdc,5.6
2r0u,9.0
5lhu,4.66
5e8r,8.7
5ho6,6.69
4qfs,6.05
6edl,8.7
5mnn,3.84
5e91,8.4
5aaa,9.42
3g42,6.85
1d3p,7.39
3gb2,7.47
5l6j,6.7
4r5w,7.13
3l8x,8.0
6ds0,8.66
3wtm,7.0
4oar,10.42
6qmu,5.32
5xg5,3.48
4ah9,2.46
4hw2,7.26
2jdk,6.54
5ne3,7.84
6elo,6.29
2y3p,5.89
2q70,8.08
2b53,6.22
4au8,6.26
1o5e,5.74
4fxq,5.77
3nfl,4.38
4bch,7.66
3shj,7.47
3jq7,5.92
3e9h,7.55
1jcx,5.15
2w26,9.4
4mgv,7.12
1kc5,7.0
3i97,5.52
1q1g,8.57
5y48,5.85
5cav,6.67
2pv1,7.14
4c52,5.68
3lf0,5.71
4s3e,6.11
6omu,8.7
4msg,10.0
1kmv,6.95
3s0b,6.49
4btt,8.84
4ymq,5.8
2zcs,8.22
4rcd,9.15
1pz5,5.4
1o3e,7.96
5ukj,7.16
4zjc,8.96
4hvi,7.16
2gg2,6.6
1lbk,3.18
4d89,8.7
2i6a,9.05
6d1x,5.2
3kdm,7.0
1n3i,8.89
4uoh,4.77
1mmq,7.52
3k5x,6.41
2w4x,4.85
3qio,6.84
6i0p,4.4
2fme,6.98
3kw9,9.0
5o1c,3.95
3ogq,7.52
2ylq,4.3
6hh5,4.27
2y57,6.89
4qp1,3.61
3rup,1.57
4oq6,5.48
4x69,7.66
3m2u,7.0
6bod,4.26
4bkj,8.72
3eou,7.01
2vsl,8.4
2vle,7.1
5kej,5.11
6ftf,8.1
5v8v,8.89
6c42,8.21
4gqp,9.6
2xn3,5.92
4d0w,7.7
3ud9,4.67
5mxo,5.27
6cgp,7.12
3e2m,9.4
2cn8,5.46
1d8f,7.74
5t8j,9.0
1ing,2.0
5vcy,6.57
5mno,3.84
5xyy,5.04
1dzp,5.44
2iw9,8.05
1g49,7.8
2j4q,4.46
1jfh,2.05
6hzb,8.98
5mwo,3.21
4gk3,7.25
1swg,7.36
4p4i,7.46
4ehr,7.89
3ilq,5.21
5hfu,6.89
5cnm,6.81
4fcq,7.0
6jao,4.86
4zx8,7.1
2ito,6.91
6j8q,5.57
3avk,3.3
6j8r,6.12
6g8j,4.76
5mrp,5.52
5kau,6.52
2pvw,9.52
3zeb,6.13
4w9h,6.73
6ps1,9.7
3el7,6.32
4gkm,5.17
5avi,6.06
4yx9,5.35
2o4p,10.72
4mw6,5.78
4a50,7.91
6das,8.31
4rrq,5.47
5ntp,9.15
5u69,6.22
3m8p,8.68
6hgy,8.52
6g2f,5.17
3ljz,8.14
1jmi,6.06
5q10,5.2
4p58,4.6
3q72,5.8
2p4j,8.96
6q5b,5.89
6e4v,6.29
1qhr,6.89
3krd,8.17
5vr8,6.87
3str,8.4
1lxf,4.1
5tbp,5.18
1gbt,2.0
4q3t,6.48
2vw1,3.52
3pm1,5.93
4bj8,8.29
2c6k,6.14
6k4r,5.84
6cex,1.7
6df2,7.24
5mql,5.85
4do5,5.83
6gu7,5.81
5n6s,8.09
5uga,6.79
3cph,6.48
6qac,8.21
1ms7,6.77
2wed,6.1
4bgy,2.96
2gv7,7.85
3p4q,6.52
4crd,7.1
1nz7,7.12
4qz4,5.01
6n9h,4.26
3wha,9.32
3mjl,2.44
1i37,9.57
4q7w,2.64
5gjd,7.92
4pmp,6.4
3mtd,3.47
5f9b,4.26
4x8g,6.0
3tu1,6.6
6a6k,7.46
3rlp,7.08
5qqp,8.28
2ima,6.52
3q4l,7.26
1ajv,7.72
2xng,7.22
5nvf,7.8
1cr6,8.51
4yh4,4.59
3ur9,6.31
4ymg,4.68
4cp5,3.34
4obq,7.19
1b2m,3.73
3sl4,7.57
4jne,5.86
3o9a,10.7
4qme,6.52
5o1s,3.65
2vd0,4.94
5ghv,7.92
4azc,5.86
3smq,5.02
2wzm,5.22
3elj,5.3
3zll,6.4
4pks,4.82
2idk,5.54
1qaq,4.74
6jdl,4.89
2r2b,4.2
2cfg,7.44
4r6t,7.52
2k46,4.58
2y4k,5.46
4whr,4.12
5e80,8.3
9lpr,5.7
4tuh,4.0
4llx,2.89
5fsn,5.77
2qtr,5.49
4qvq,5.2
5cls,6.66
4x21,7.44
1h8s,5.81
1szm,5.53
4nhx,5.72
4usj,4.0
2ad5,3.96
4hys,7.26
3hhu,7.39
2y59,6.44
3wq5,3.85
1lhg,7.1
6idz,6.51
1oiq,5.54
3mbl,7.74
2bro,5.85
4izm,6.66
5etx,6.81
1kna,5.15
1std,10.33
1okl,6.03
3hyf,5.92
5u4x,8.15
3qgw,5.89
1q6j,7.8
4omj,5.26
5a6b,8.1
3tv5,5.32
2wqp,5.51
1rv1,6.85
6fmk,4.67
4jdf,2.19
6emh,6.08
2qtn,3.42
5fbn,9.57
5v8p,4.99
1xn0,6.24
3as0,4.55
3rt6,7.15
6nfz,7.8
5eou,5.36
3sv2,4.19
1mu6,8.38
5izl,5.73
4mse,6.16
4a4x,7.23
4mma,6.04
1mzc,10.22
3n1v,3.3
2nmy,8.37
5nwi,6.16
2fdp,7.59
5abh,8.77
6bfd,8.3
2g00,9.74
3rtn,7.13
4k8o,3.77
5v8q,8.44
4c68,6.17
2pwr,6.59
1v2h,5.3
6ccn,4.52
3i02,7.52
6hot,4.4
2yac,8.7
5ylt,6.39
5k51,4.8
2ddf,7.39
6hx5,5.66
5al2,6.44
5x4o,4.06
1hti,5.13
3l3m,8.22
5uov,10.6
2j7h,7.19
4hp0,6.12
2pj5,7.82
3x1k,3.59
2wji,5.02
4as9,4.79
3u4o,7.28
4owv,4.35
4tx6,5.59
2bmc,7.57
6fh3,3.07
5kj0,6.89
4q93,4.65
5vqw,5.7
6q6f,3.35
3cbs,7.24
1re1,5.21
5enb,3.11
2z7h,6.94
3zo2,7.1
3blt,3.54
4p4s,4.94
2q7o,7.92
4wmy,7.07
4bo0,6.7
1ivp,7.52
2iu0,6.89
1hgj,1.66
2bvs,4.1
2va7,6.7
3chf,5.37
5m0s,6.69
2zq2,6.56
4n9d,7.72
3hfz,4.89
6dh8,9.84
2v87,4.6
4e3l,8.52
3rvg,8.3
2c8w,8.43
6n0k,5.07
4mwb,6.49
4f7j,5.24
2jg8,6.3
2gfs,6.15
2sim,3.42
6pya,6.82
3bkk,6.08
3r7b,6.15
5g1p,5.2
5ihc,7.89
3wz7,5.74
6fns,4.03
5vkc,8.74
5sz7,9.7
3sdk,6.8
3b2w,9.22
4ufe,8.15
3d4z,4.89
5hmh,8.15
6d56,8.05
3ge7,8.7
5ovf,6.85
2cem,7.92
5em3,3.7
4mbl,8.54
4eeh,4.35
3fpd,6.15
6rfw,6.5
5w9g,6.82
5om7,5.74
4aaw,6.3
3oxz,8.07
5ene,3.23
5w92,7.7
4apo,4.91
5t28,8.49
5acx,5.05
6qr2,5.49
3is9,6.42
1y6q,11.7
4bg1,6.31
1w2h,5.0
4qtn,6.85
1xdg,7.3
4y8c,7.96
1idb,7.96
3l5d,4.11
5mae,6.84
5ea6,7.41
3pd8,6.46
4m3f,5.31
1mrs,3.96
5wal,8.77
3wnt,6.28
3o7u,7.28
2f5t,5.17
4dro,5.41
3po1,4.02
4ih6,4.74
5trr,7.39
1z9h,3.0
6eq2,5.89
2fum,6.1
6b8y,9.66
1b9j,5.96
5u5h,5.89
2xyt,6.29
5li3,7.28
1pbk,9.05
6huv,5.0
5dtq,3.86
4acx,7.11
3kah,6.59
4j44,5.73
5niy,4.22
4gkc,6.82
3lxl,8.3
6bbs,9.89
1bnt,9.8
2ou7,3.81
3c4h,5.7
1j16,3.84
4gmc,7.74
4ob1,6.3
5kyk,5.8
1nf8,7.82
4us4,5.32
5ye9,6.45
5m6f,6.66
6nyw,6.64
5y0f,6.68
3ppk,8.85
6rj5,6.52
3ii5,7.62
4bb9,6.0
2e1w,7.96
1ru1,4.74
4dum,7.02
2ay3,3.55
2z7r,9.52
2xpk,11.3
2y2i,4.59
2zm1,6.66
1lqd,8.05
4rrn,7.32
1fyr,5.62
3v43,4.63
5z68,5.89
6fhu,2.64
4ear,9.82
6acb,9.41
3hv6,5.64
4b6f,3.3
4oyp,3.0
4lxd,7.23
2znt,9.3
3mrt,3.7
1dth,8.22
4ysl,5.8
4pku,4.52
3ms7,3.43
4amz,9.82
6anl,8.27
5yas,3.26
5lvn,4.7
4nj9,6.97
4o9s,6.55
1e72,3.22
6sfc,5.28
4b34,3.14
3s1g,5.19
3su0,6.79
2xu3,6.8
3tu7,8.09
1j37,8.96
1hlf,5.64
4f7v,5.38
4nh9,6.43
5d9l,7.62
3waw,6.24
4crj,5.96
2ghg,8.82
1sqa,9.21
1f8d,3.4
4bcd,7.48
4eox,9.55
4lvt,10.36
2wcx,7.6
3bun,6.21
6i96,6.68
1bo5,3.6
2xib,7.26
1xh6,7.32
2b07,6.43
4e4x,8.15
2q8h,3.0
1c4v,10.8
5a4c,8.24
4mjr,3.55
2clh,4.06
6poh,2.71
4n1t,9.1
4qem,7.8
2w06,7.08
4qgh,9.0
5m04,6.34
3qj9,7.0
3ftz,2.7
3h0b,5.49
1nqc,7.3
5hz5,7.07
2xni,7.37
4g8v,5.8
2rf2,8.44
1xnx,6.38
3h06,3.53
5k0b,6.05
1mj7,8.35
4wcu,8.52
2yc3,6.85
5ew9,11.0
5t4e,5.36
3o9c,12.05
1o6r,7.1
3uex,6.92
1sqn,9.4
6ce8,3.41
2oo8,9.0
5npf,4.24
4nk3,6.33
5fwa,4.79
4kql,8.77
2c3k,7.59
3iss,6.05
1ayv,8.0
3wtj,6.53
2pjl,6.72
3cm7,6.57
1db5,6.82
6bs4,5.55
4xtx,10.57
3l0k,4.62
6oxr,10.32
4kom,7.0
4nzb,4.17
5bvd,9.8
4qvl,6.53
4i7l,3.99
5eyz,6.0
3g9n,5.74
5tcc,5.66
5ap3,7.03
4rsc,6.63
4in9,4.97
6pml,3.09
3djv,4.55
4yad,5.6
1eby,9.7
6e9l,6.04
4qfp,4.23
1fq4,6.4
3uri,9.0
5anu,9.4
3vf5,9.34
3g3r,6.48
6e4a,7.36
5ia3,7.34
6jmf,8.59
4e20,8.22
5ap0,8.26
1i80,6.41
6efj,3.32
5xmu,7.51
3q7j,4.52
4epy,3.47
6fgl,4.62
1a30,4.3
4knx,5.49
2q1q,8.15
3t70,6.3
3rvi,7.96
5ekm,6.32
6rna,8.3
5f63,7.92
2pqz,5.67
5qqo,7.77
5w86,8.7
6ftn,6.7
3n3g,7.24
3ugc,6.02
3d1g,5.0
5mpk,8.52
2r9x,4.85
1xoe,7.39
4lng,5.62
2hvc,8.82
5d6p,5.6
4wmv,4.03
2xxt,8.05
4x9v,7.85
4u73,5.18
4cws,7.92
4y8y,9.15
5eto,5.57
4usi,4.41
2ccs,5.7
2zm3,6.21
3ddu,7.4
4wf2,8.1
4c4i,7.66
6gy1,6.3
4alg,6.3
5eng,5.85
4phw,10.0
1bv9,9.96
2z5o,6.0
3krr,9.32
3k5u,6.51
3l9l,6.78
6czu,6.32
5d6q,5.24
1py5,7.29
4wh9,3.0
6ipj,5.79
6hbm,5.02
5y5t,6.68
6szp,4.74
4uia,6.72
5boy,5.6
3vtd,7.92
4s3f,6.24
4uv9,6.01
4yrt,2.78
6imi,4.58
6fa2,6.66
3psb,8.52
4cft,4.95
5xmr,7.61
3q71,5.22
1ebw,9.05
5ult,10.85
2p59,7.3
6g2e,5.01
5x28,8.4
3l7d,2.18
2bgr,3.6
6q9u,5.89
5lt9,4.19
6dh6,9.93
4ght,5.78
6o8i,10.0
5ux4,7.05
2uwp,6.81
3e64,7.11
4ksq,7.31
4dk5,8.4
6ary,7.6
6e22,8.89
4aje,3.68
6n8y,5.38
5du6,5.02
3chg,3.99
5aln,6.57
5ayt,6.77
5yqx,6.96
1okx,6.8
5c13,6.1
4nks,7.17
1xmy,7.3
3fu3,2.84
2ybs,4.59
2wtc,6.51
4ocq,4.61
4xtv,9.27
4x3k,4.56
2xgo,3.0
6evn,4.71
5kbe,6.34
4ufj,4.28
3i5n,7.85
1zd4,3.6
4rfc,8.24
5ie1,6.85
2pov,7.12
5tbm,7.31
5qap,4.0
4y2s,4.28
3dp4,7.37
1hvk,10.96
6ck6,9.0
1jlq,8.15
1tlp,7.55
2vw2,3.3
6g4m,6.6
4i6f,8.3
5j74,8.72
5xmv,7.68
5v1b,7.47
3uzp,7.89
4jaz,5.04
3vf7,9.1
3rde,7.46
4htx,8.33
6eab,6.37
5lgs,7.06
1bwa,8.6
4r5x,5.26
4av0,6.98
4yx4,5.97
1fpy,6.0
5llm,5.35
5gn7,6.05
6a73,6.48
6u8b,6.37
4rd6,6.28
5zla,4.3
3e90,7.39
2h6t,7.22
2hwi,5.52
1pr1,5.3
6f22,8.7
3be9,7.62
3liw,7.6
5f3c,6.05
1lvu,5.32
3muk,3.42
3hww,7.12
2h13,5.35
5o7n,6.52
4y6s,5.03
4ael,7.92
3o1g,9.0
2zdl,6.4
1yye,8.57
4dru,8.62
3skk,4.47
3npa,3.87
3ex6,3.66
4dt6,7.23
3u9c,5.89
1dud,4.82
5mqy,7.11
5owh,5.92
4ezj,8.42
2r3l,7.0
3ime,3.0
3ud5,3.82
5k76,8.3
2zju,5.81
4ge7,8.15
1xbc,7.92
3vzd,6.3
4hj2,2.53
3s9z,6.22
6hp9,8.25
3sv9,5.0
2vcx,7.68
4q1c,8.7
5l4e,4.61
5u0f,5.47
1jp5,9.22
4b9h,5.35
6nad,9.3
5sxk,4.7
2x8i,6.72
2cct,5.02
2z78,6.12
5n1p,4.6
3qak,8.32
5e8a,7.47
6hb6,7.36
6qqu,5.3
4wk1,5.89
2yhy,5.6
4e5g,4.67
6d59,7.0
4ehz,8.0
3ztd,4.02
5ihh,6.41
1n1v,3.85
3kfa,7.6
5m56,7.89
6e7t,6.89
3p2e,6.22
6fvm,6.6
3kqo,3.85
5f2w,3.98
3fc1,8.0
1ca8,9.49
6haz,7.0
3i0r,8.52
5m4q,3.51
3kx1,7.0
6h38,8.11
5akh,6.59
2yit,9.54
5dms,4.53
1apv,9.0
3uu1,5.2
2ja3,4.0
6moa,7.08
1x70,7.74
6ps9,4.62
6baw,5.38
6bjo,6.29
3ttj,6.68
5w2s,7.33
4e1m,7.26
2jsd,7.77
4egk,7.72
4yrc,2.7
5a7c,3.74
3ivc,4.12
3zlq,6.04
3rv7,4.85
3ibn,7.61
5mtx,7.75
5dqf,3.6
5zku,4.3
2k4i,3.84
4eh5,3.09
4ym2,2.85
3g2y,2.0
3ldp,5.62
2wxi,8.15
3e01,7.52
5ugg,6.42
3g2i,4.86
1h5u,6.75
6g3o,9.24
1a8i,5.52
6qge,5.68
1jqd,5.16
6fac,6.75
3ith,8.1
3f37,2.62
6n82,5.96
6czd,3.85
5zdb,5.75
2z60,8.05
4wyy,6.0
5km3,4.6
3l13,7.82
5zyj,7.21
5a14,7.3
3drg,7.0
5tp0,5.44
2jiu,7.56
6gqm,4.48
6dgo,5.47
4mq1,7.92
1yrs,6.35
2zx6,10.6
5alu,7.66
4jjg,8.7
1h2u,7.89
5ctb,7.64
4lh6,4.11
4qip,5.15
5orb,4.29
2bw7,5.7
1hvl,9.95
4riu,7.3
4wgi,5.35
6ebe,6.7
2vpp,6.12
1r6n,7.4
3rt8,6.35
5i9z,8.05
1b11,7.39
6dlj,5.55
4o5b,8.3
3w0l,7.02
2bqw,8.52
4fvr,6.0
1wva,6.57
3dyo,2.3
1d3d,9.09
4e3m,9.7
3p8e,5.15
5eu1,7.81
1hte,5.64
2gzl,4.82
6n8x,5.7
4myd,4.55
4jyc,6.7
2w6q,4.6
2xx2,7.3
5tw3,8.7
3i60,8.7
3hac,8.17
6h7o,9.85
6h2z,9.3
6qhr,7.72
5cas,8.85
6awn,9.2
3o86,7.15
3n2u,7.84
1q65,5.46
6md8,2.38
3in4,7.52
2cn0,7.66
4i9i,8.1
5hka,6.46
4jia,9.22
2hl4,7.64
4kn1,6.84
6db4,7.31
4jpa,8.48
6nng,4.23
5a7j,5.2
1lol,6.39
4y87,7.24
5hkb,5.59
3sji,5.69
1pxo,8.7
2qoe,7.6
3koo,7.82
2usn,6.51
1g9b,5.3
3ua9,7.25
1tjp,4.42
5fsc,2.36
3k84,8.52
4mbp,5.64
3t2c,4.6
6fnf,7.89
5hlb,4.01
3fmq,7.95
5mro,5.7
5trj,5.92
3ocb,8.3
1zpa,8.4
4prj,7.14
3vjc,7.72
3a5y,7.96
1l6s,4.41
1uu8,5.05
2wgj,8.7
5ni0,5.74
2qmd,8.3
6hor,4.18
2m3z,6.57
4r02,7.41
1xk5,6.0
4rs0,6.0
4qwl,6.18
5ipj,8.89
5mwg,5.77
5w7j,6.1
3w9k,6.32
3d9z,8.7
5yjb,7.54
4bic,7.3
1szd,4.54
5hey,5.66
5nhf,9.49
6dyy,10.55
5ev8,5.22
4o2b,5.74
1c3r,6.4
6gge,5.77
6ipi,5.71
3qzt,4.0
2xru,7.51
2i6b,7.17
4p0b,6.54
3ava,4.4
3r7r,8.74
4yhq,8.77
2wzf,7.0
3mn8,6.17
3i91,3.3
1nkm,7.3
5ai1,6.47
6ajz,4.34
5uv1,5.62
2op3,6.31
4oiv,5.08
5uv5,7.7
3veu,7.26
1b6p,8.52
3ay0,3.04
5c42,8.72
4mrz,3.52
5wj6,7.57
3ddb,4.02
3wpn,4.36
5t6p,6.06
3tfv,7.1
4jxv,4.51
5fgk,8.77
4ifh,5.21
2w8g,6.0
1ajp,2.23
5uwk,8.64
5a85,5.3
6gub,7.64
3qfz,3.24
4ycw,5.68
3zmm,9.14
1c2t,6.59
1qj6,7.74
6huu,7.46
3w5n,3.87
3r17,6.41
5wdw,6.54
3vf8,6.82
4h3f,9.0
3t4v,6.3
2f6y,3.87
4uce,3.17
3qw8,5.1
2xc0,6.72
5wex,7.18
5k0c,5.96
4c1g,5.14
5ivt,9.1
4dho,3.93
4xuz,7.36
5vfj,4.7
6oa3,6.4
6kla,7.25
5tzh,6.17
3ryw,6.24
4ty7,9.52
6ggf,5.39
3s4q,8.4
5naw,7.3
3px8,3.64
1q4k,6.55
1wax,4.07
6nze,8.89
5nfa,5.25
6nrg,7.25
2wi3,3.46
1wm1,6.3
4kba,8.22
1sw2,7.22
5e2m,7.23
5twx,7.52
4dzy,5.62
6jse,8.77
6c2r,9.1
3q4b,9.33
1v2w,4.01
4xg4,7.67
2v3e,6.52
3dzt,7.22
4o7b,4.7
2v0n,6.3
4zyf,8.64
4lov,7.77
1qvt,4.38
5uci,5.37
4ps0,4.04
4lc7,4.93
2oi0,7.55
4c1m,7.8
1ke7,8.05
2qlf,8.85
3qzq,5.64
3bft,6.49
6mlw,3.74
4dem,7.55
2wgs,5.6
5owc,7.59
6cbh,6.29
4hai,8.1
3zmq,6.44
1wdn,6.3
4dce,6.76
5o5a,4.77
2k0g,6.97
5j6a,7.77
1ork,8.81
4cqe,8.43
2q96,5.92
4kz8,2.8
6qab,8.21
3mke,5.66
3aje,5.03
2qtb,8.32
6bbx,6.67
3ud8,5.38
5kv9,5.85
4rxe,6.64
4kfq,8.23
1ony,6.77
2z7i,7.0
3nzc,7.02
3cm2,6.47
2gnf,5.22
2or4,5.02
4c4g,8.22
5mny,1.31
3ook,8.4
4abe,3.4
5vpm,8.8
1ke0,5.38
3l0v,7.64
1g9c,5.3
1pwp,6.3
6prf,8.6
4ai5,2.92
1tmb,6.74
3sha,5.59
5d1u,5.96
6n3v,5.61
3stj,4.8
2er9,7.4
6pdj,7.38
5hbj,8.64
4pkr,4.82
6h4v,6.21
2x38,6.89
3qdd,8.77
1ado,6.0
5wou,6.18
4dea,6.59
1stp,13.4
2xzg,4.74
3el0,7.47
6ht1,7.11
4re2,4.98
4a7i,8.7
1if7,10.52
1f4y,6.08
5tzo,5.23
5nkd,7.59
4aw5,6.12
2a8g,3.69
2j7x,8.77
5c1w,5.06
1gi9,5.22
4kww,5.55
1w83,7.19
3vrw,9.39
3su3,9.13
4nrq,3.46
3dcq,5.23
1o0o,5.1
3qxv,8.4
2w3i,10.0
3udy,5.7
5ttu,7.33
2oqs,5.89
2wks,6.89
3a6t,7.28
5dnu,4.11
3vw9,7.96
1h4n,4.92
5jq5,5.63
5tzd,5.74
3g0f,7.66
6eol,7.43
2erz,5.66
5t1t,7.24
3d7f,9.3
4lps,5.74
2rcx,9.0
1rzx,4.1
5lcf,4.75
1jt1,3.4
1h0r,3.7
1ndz,8.11
1imx,3.52
5tfx,7.22
3kag,5.18
4kod,5.36
4ufz,6.31
6n3o,8.62
1mfd,5.31
4djy,8.27
3th8,6.25
3rxg,2.15
6n4e,8.0
5wbf,3.81
3zsw,2.7
5g2g,6.05
5fao,7.96
1nl4,9.41
6kdx,6.53
4hze,6.29
6f5w,3.83
1z4u,7.15
3aqt,6.72
2xbw,8.0
6g4y,8.82
5w7u,8.05
4lm2,3.03
2g9x,7.35
1p1o,5.76
1cw2,6.15
1iew,4.59
5l96,3.3
6bsm,6.8
5ka3,4.59
6eqp,5.96
3tdj,5.25
1kl3,5.86
4ggz,10.18
6q96,10.0
6euv,8.62
3f38,2.62
6pi5,6.96
5npe,4.0
1ikw,8.6
6p3w,6.26
4j0p,7.29
4dhm,3.78
3v3q,6.6
5w8v,8.22
6avi,5.71
6qts,4.8
4hww,6.65
6f8w,4.64
5dgu,11.35
5tkd,8.15
4csj,8.31
2a14,5.7
5vd2,7.1
2ofv,9.7
6dhu,3.13
4eyr,6.63
5tri,5.06
2f2c,6.35
2jal,4.82
2gek,7.52
1zhy,6.52
4bhz,4.27
1u32,7.01
2zis,8.55
3arz,6.0
3il5,5.8
4o77,5.6
3ipe,6.82
2yhd,4.64
6d17,4.82
5nb6,6.3
2wf5,6.0
2g97,6.82
1mjj,8.74
5aip,2.82
6g9j,8.39
6npe,6.3
5kcx,6.7
5wfj,8.89
1qti,6.44
4qiy,7.3
3cqu,6.82
1loq,3.7
3ds6,9.1
5vd0,6.49
1b32,7.1
4zg6,6.33
1t37,4.35
5qag,3.7
6md6,5.1
3d62,6.1
3iw6,5.48
3qa2,6.68
4a9c,4.61
5eva,3.7
3i8t,3.22
6bik,8.19
5aeh,7.43
4l7l,6.0
3ifp,7.61
6p3t,7.32
4z07,7.99
6csp,8.52
4std,10.33
2g0h,7.64
1aht,6.21
3l5e,7.57
1zoe,7.4
4m3b,6.4
3dnt,4.74
4dn0,5.72
4x14,2.92
2x7u,5.27
4op1,6.89
4kv9,3.84
6qed,7.13
2vvv,8.22
4bw3,6.3
3p3u,6.48
5moo,1.31
2i47,8.66
6o68,4.99
4idz,4.36
6ccy,8.52
4oyo,3.52
3s3o,7.57
5c7n,6.57
4wkt,3.26
5y62,1.74
2gh6,4.95
4pl5,4.96
5vrl,7.11
1k6v,6.92
6gxy,5.24
1rpa,6.0
4mot,7.3
2fxv,5.35
4y67,6.93
3hc8,8.54
5xhr,5.1
4c94,5.05
3aw0,5.24
1tze,6.83
3f5j,4.28
5drq,10.92
2nw4,8.68
3qtx,7.15
1z3j,8.0
6g2s,8.4
4j51,6.59
2cgu,4.87
6mku,7.15
5nhl,9.52
4ew3,6.74
4r4o,5.82
3rxf,2.6
5ive,7.57
6bkw,8.3
3zc6,9.22
6p10,5.22
4uvv,7.49
4ljh,4.71
4gao,5.74
1jsv,5.7
2obj,7.3
4uva,5.75
2eg8,4.5
4i7m,4.14
3jpx,3.63
3aaq,3.3
3nnv,7.57
1dtq,8.22
1rrw,4.55
6qw7,6.33
3c2u,2.9
6oin,6.0
5xmt,7.58
2hpa,4.6
6fz4,5.95
4bh4,1.49
9icd,3.9
4isi,8.14
5mw2,8.52
5akw,6.39
4tt2,4.66
6mi6,4.54
5kqy,9.29
3oyn,7.6
1ttm,7.35
6c5t,6.97
4az5,5.99
4ucd,4.0
5auv,4.51
1il9,3.4
3cpj,4.72
2xnn,4.3
6fi5,5.52
6fex,7.54
4v24,8.37
3oik,6.17
2x4s,4.2
4x6j,7.8
2x2l,5.28
4g0a,7.6
5ufp,7.37
4ez3,4.35
5q0t,4.54
1wss,7.77
4ui6,7.06
6ocw,8.15
4b5b,6.41
1q6n,7.64
6dyu,10.26
1ppx,7.28
3fsj,3.95
3rin,8.89
1d8m,8.51
4fea,6.47
6epa,5.95
1nvq,8.25
5ijr,3.2
4tnw,3.78
5e90,7.85
6rn7,7.3
5f4u,7.02
1ga8,1.8
2az8,8.22
3wgg,4.4
2r9w,5.1
3c79,7.2
2xtk,3.79
4old,2.7
4n1u,8.3
4e1z,8.52
3iit,8.02
2y34,7.1
5lwn,7.77
1ff1,4.92
3vs3,9.37
2wq4,2.57
4ay6,5.12
6n3z,6.59
5vil,8.82
1t5f,4.22
1pwu,5.68
5o91,6.46
1rdj,1.66
3fj7,3.71
6pl1,7.65
5ifu,4.47
4aa7,5.7
3ewz,4.1
2jiw,4.59
2xu5,6.89
2j4k,4.85
4loi,6.77
4eqj,5.6
6qme,4.36
4w9s,6.82
4lhm,3.39
3frz,8.15
5khi,6.77
4ufd,9.68
4q9m,7.18
1gnj,7.04
2qwe,7.48
6fcj,7.15
2br1,5.14
1hmr,6.55
5tq4,8.38
5fiv,7.66
1qjb,6.38
4b11,5.64
6if0,6.51
4bb2,7.07
2c94,6.82
5a81,5.54
4o2a,5.74
4amw,1.55
5iw0,7.22
3qc9,6.06
1ny0,5.85
6bed,4.72
6i10,4.53
1g2o,10.55
4g8l,8.0
1qpb,1.36
2vo7,6.77
5j2x,7.74
3e93,8.85
3qox,6.57
6sdd,8.4
1cim,8.82
1zz3,6.54
2wuf,4.29
3a3y,9.15
6jam,5.23
1qku,9.59
4imq,5.82
4pl3,6.54
3cj3,4.24
4x0z,3.15
1hqh,6.3
1ppi,5.01
1h27,5.6
5l3j,6.64
4wmx,4.85
3av9,3.36
1nox,7.05
3atu,8.3
4kxl,6.22
3chq,7.7
4pyy,7.23
4xh6,5.57
2pfy,6.52
4zla,7.3
3kgu,5.92
4bs0,5.7
3g58,9.28
3ftq,5.33
1bnq,9.49
5jh6,8.48
1vyw,7.43
4ijq,7.52
1f0s,7.74
2wbg,4.45
2e9a,6.04
2w8j,2.96
2azr,3.64
4btl,5.6
5fl1,8.49
4fpk,4.24
5wrs,5.52
5nqe,6.15
1ew9,3.22
3u1i,5.25
5ue4,6.36
3u4u,8.52
3tct,8.52
1w31,3.6
2uw4,5.28
3gnw,9.1
6j9y,5.07
6htt,6.66
5mnh,4.68
6iil,6.17
2nns,6.05
1l6y,3.66
5hn0,3.7
4b85,4.06
2c1p,5.4
4afj,6.4
4k2g,7.7
2h2j,5.38
5ory,3.45
4yp8,7.89
1gpy,4.7
2jnp,6.89
6br2,8.72
4fak,4.28
2qcn,5.0
1hp5,6.55
5als,7.72
5yql,4.59
3zm6,6.52
6mo2,6.68
2h42,8.62
2k2g,8.12
3mmf,7.43
6dug,8.27
6h7l,8.97
3cwe,6.92
5lav,6.09
2aw1,7.37
1erq,7.89
6e4w,6.7
6mkq,6.16
2bua,4.52
3efw,8.4
6b5i,5.96
1x7b,8.39
5c84,6.19
1onh,8.21
5u4e,6.35
3bl9,7.18
2zkj,5.48
1sps,8.52
4jv7,6.0
3fv8,6.8
2xv1,5.99
2vo5,4.89
4ibd,3.67
4zy0,8.04
5wii,4.49
6dkp,7.44
1k1o,6.17
4j93,4.7
4clb,6.55
3zrk,6.89
3frg,8.4
1oar,7.4
4o2p,6.7
3s5y,7.41
2vcw,3.05
5klt,6.76
4jlm,7.64
5etj,10.18
4tkf,6.55
4fyo,7.33
4acf,5.8
6ccl,3.56
5ty9,5.21
6fdu,3.69
3ksl,4.52
5mfs,6.48
2i5f,5.12
5hg5,8.7
1yly,7.82
4e9c,5.96
4fl1,3.28
3wyl,8.85
5fi7,7.4
1w7g,5.1
4tw9,7.7
4wvu,5.71
2p16,10.1
5vh0,4.52
3soq,4.57
4bcn,7.92
2vnm,8.52
3kyg,7.46
4uzd,9.22
3n3l,3.3
4my6,5.62
1caq,7.72
4a9r,7.8
5auz,4.01
3ewu,4.62
6qmt,6.92
4o55,5.3
5hki,2.8
5fe6,2.16
1e4h,8.41
2jdt,6.77
3kqs,5.2
4y0a,2.31
1d4h,10.0
1npv,8.24
4h4d,6.82
6rj2,7.0
2qic,5.48
3atp,4.45
5h8g,10.32
1bq4,5.22
1bdq,6.34
6gxe,8.05
2vhq,3.85
5a9u,10.1
6pga,4.54
6f1w,7.96
3c1k,9.44
4k5n,3.9
4wey,3.5
5h19,6.49
2qd8,9.07
4qwk,6.27
6bxy,8.05
1ets,8.22
4j21,7.41
3qrj,8.4
1u0h,6.96
6ezi,5.31
4a4f,2.88
4bcw,4.0
1nmk,8.24
5g57,8.4
4zw8,5.96
2q1l,7.91
5mgl,3.3
4abf,4.62
5dtt,3.51
2yel,7.28
6pno,5.32
4x0f,7.0
6s4n,6.79
1fbm,6.22
2xa4,8.52
4arb,5.89
2j7e,7.32
6ueg,4.71
2vuk,3.9
6bmi,5.05
2xcn,6.92
5qak,3.66
5tg2,5.49
5u0e,5.11
1ljt,5.15
5jmx,5.09
3vvz,4.58
5ovx,4.5
4o3a,2.59
3uib,6.8
3r8i,5.35
6tel,9.96
5v37,9.47
6aox,4.82
1a08,5.62
4azi,7.45
2gvf,7.6
4hzt,6.12
4g9c,8.64
2p94,9.17
5ieg,5.74
6b5q,8.24
5mih,4.19
4xtm,4.57
2vyt,2.74
4hvg,7.77
4r5y,7.64
4j09,4.77
5ajz,5.7
2cmo,6.4
5f08,5.52
4y5s,3.73
3bxh,4.03
6p87,4.6
6h77,7.33
1yet,5.92
3si3,4.16
5nk9,6.14
6pvs,8.17
5nhy,8.64
5foo,2.62
5vgy,4.18
4jv8,5.85
6as8,7.05
6qz6,6.49
6dz0,9.03
5usf,9.16
2g83,5.92
1o4b,5.7
4g3f,8.36
5yc8,8.19
5jy0,5.55
3pgl,5.3
5ucj,6.36
5fah,6.15
1p4r,8.1
2xde,5.47
2wxh,8.05
5n4s,7.26
3c4f,5.72
5nfh,7.74
6fdt,4.3
4bfd,7.02
4hvs,7.8
2p95,9.37
1bim,8.92
4bcf,8.15
2axi,6.85
4yve,7.0
5tyo,8.21
5tmp,7.47
1flm,9.37
2jfh,3.06
5yh8,6.78
2v25,5.72
5qa8,3.77
3mlb,4.8
3ohh,7.74
3ur0,7.15
3k41,0.82
3s54,9.64
1rs4,7.17
3qtw,6.19
4pgd,6.92
5zjf,4.54
1avd,15.0
6evr,8.06
4q9z,7.26
1gww,3.59
3fvl,6.07
1g6g,6.28
5ieo,7.0
3wcb,7.74
2za0,6.64
5lsh,3.39
3rkz,7.08
4fm7,7.24
1ll4,7.22
3n8k,4.05
2aac,2.22
4ual,8.4
5c8m,7.19
6c0u,5.99
1uml,7.52
2w0z,4.03
5kgw,4.79
1q6t,8.3
5j9f,7.23
3gxy,5.59
1btn,4.4
1lyx,4.54
2fda,6.3
6da4,6.34
5ei8,8.1
5db1,7.66
3f3a,4.19
6ib2,8.0
3zov,7.22
4uwg,8.15
1g4j,8.7
4xta,5.43
1w1v,2.2
3wt5,9.54
2nn8,3.59
6c7b,5.82
1f5l,5.28
5jan,3.01
4acg,9.66
3owj,6.07
2ao6,9.28
3hcm,3.3
5c4t,7.66
3k54,9.0
6m88,5.96
4n3r,6.82
2ynr,5.77
3gjt,6.77
1skj,5.15
4q3q,5.89
1o2z,6.11
5l8n,4.51
3tg5,4.7
3ejq,8.57
1vso,4.72
3g2u,5.27
2upj,7.39
6rqk,2.8
1w6r,6.15
1ol2,6.28
3gxt,4.74
6eln,6.05
3g3m,5.96
6d4t,6.92
1bnn,10.0
4ybs,7.24
4ufy,8.15
3vrt,8.57
6bt0,5.68
3el8,7.6
1rsd,6.52
6oiq,6.57
3t1a,8.37
6npm,3.96
6agt,8.4
3ekn,8.4
5jic,6.89
3u6h,9.0
6pgp,7.0
5iu4,9.28
4bfp,7.82
6b1j,7.37
3fhb,5.7
5if6,7.23
6hvh,7.33
2wzy,10.72
4jof,4.17
6dih,2.72
4cmu,9.7
3nw7,8.28
1ceb,6.0
5q0l,5.36
6cef,3.74
4jik,7.74
1at6,4.07
3fvg,6.89
6g84,5.21
4dj7,6.3
4x6x,8.64
3itu,4.4
1ztq,8.89
4ynk,8.3
5jhk,4.64
3e81,1.43
3f9n,5.89
1f5k,3.74
3msk,4.59
2xhx,6.6
4rvt,5.72
4aph,5.4
5ap4,6.46
3c8e,4.15
4mds,5.21
3evf,6.77
3t4p,5.19
3ozt,4.13
3vtr,5.57
4mk1,4.8
4w9w,7.48
3o56,9.1
2p8o,4.85
3lxe,6.6
4jrg,6.71
3lp4,4.88
6j0g,5.64
1inh,2.3
3djx,2.81
1qw7,3.6
1gfw,7.82
1o3h,7.3
3gba,9.07
5oei,5.8
6awo,8.7
3ati,3.73
4tju,5.44
5alb,10.71
1o5m,8.72
2ydv,7.86
4ezy,5.65
6hk6,6.41
1if8,9.64
5t2t,6.29
4gj7,6.77
3gur,8.0
5nzo,2.24
2qln,5.43
1h60,4.7
3pp7,3.94
5yl2,4.5
5ef7,9.0
3qck,5.24
5i9y,8.55
4z2j,6.43
4jzr,7.8
6o0m,9.34
6c6o,8.3
2i72,7.43
3suw,4.7
2qwd,4.85
3coh,8.4
2i4z,5.7
3d1z,8.8
6a03,5.25
6fe5,9.3
5z1r,5.7
5e0g,5.8
5i80,7.21
2xj0,2.82
5aia,5.2
2uzo,4.57
5agt,7.12
4nvp,7.57
1gj6,7.0
3t0x,8.0
2glp,5.01
6esn,8.05
6mim,5.7
3p3j,7.92
2zyb,7.7
6hvt,6.0
6ps3,9.78
5y24,8.34
1kf6,6.7
2zv9,8.05
1akr,9.09
2b8l,7.82
6g8k,4.45
6au2,2.3
5hmk,7.4
3che,5.29
4mmf,6.53
3mhi,6.7
4lh3,1.52
5t92,7.8
3zv7,5.92
4yb7,3.8
5lo5,5.87
4phu,7.92
3vbv,5.0
3d2t,7.12
5xg4,5.15
5eyr,5.3
6f1j,4.62
3zhf,3.92
5khx,7.85
4unr,8.7
2ha3,3.03
5izc,3.95
5dya,3.7
6phz,3.46
4xpj,5.09
1bcj,3.7
2igy,6.95
5up0,6.34
4bs5,8.22
5l9l,7.1
6hk3,7.5
4ks5,6.89
6ej4,6.8
4qga,7.92
1azl,8.62
1y8p,6.08
4d63,1.64
4xuh,5.73
5ksx,5.43
1fpi,5.89
4emr,7.49
2am9,8.41
3wk5,4.82
3e6k,5.15
1hqf,5.0
5av0,3.55
5jr6,4.69
3pd3,4.44
5jo0,7.3
6p3u,7.02
3f3u,4.74
5org,8.4
5jf3,7.42
2vj9,6.74
6jag,4.5
6f5h,7.05
4xo8,8.96
4aq3,7.43
6n7y,5.11
6mo4,8.34
2q1j,9.1
1lpk,7.55
1m21,6.52
2pmk,5.92
3i28,8.22
3iqj,4.93
3oct,8.3
5aku,6.82
5eak,9.3
3qg6,9.14
456c,9.77
2vgo,6.3
3ebh,6.32
3q4j,6.21
5qim,11.22
5u4b,5.74
1swr,6.92
6huc,7.59
2ozr,9.17
4xe1,7.11
4k75,4.25
2z4o,9.57
3p4w,4.57
5f1l,7.68
3m94,5.08
5xff,8.21
3nin,4.91
5z99,6.88
6jn6,7.15
5var,4.09
5npd,7.42
1uw6,7.34
5yjm,7.68
3c45,9.68
6hr2,7.0
2wzz,5.4
4fci,1.26
1ghz,4.8
5ts0,7.8
4mo4,4.22
3kej,7.12
4hkk,5.54
2jle,6.42
2uzv,5.87
5yr4,6.34
6udi,10.0
4cfu,4.0
6e8k,6.04
6uii,6.43
4i0t,7.59
6r49,2.1
6std,8.64
4kox,4.77
2byh,6.59
3tpp,7.82
3rpr,4.0
3lpl,5.62
3ekw,7.96
4ahu,2.27
5a1f,4.61
4u4x,5.01
5qb3,4.31
2p4s,9.51
1t69,6.32
5ntk,8.01
4ek9,4.42
1it6,8.39
3dc3,8.31
4ngn,7.55
1o3c,7.13
3zm9,7.42
4kqq,3.9
1ql7,5.0
3amv,7.97
1eb2,6.01
5b1s,3.91
6oe3,8.32
4l2l,5.7
2a3x,6.92
6f05,4.47
5n9s,8.62
4nka,6.51
6eya,7.48
4wrs,9.4
4g8o,7.66
1hk2,6.77
5eh5,5.87
4wpf,6.6
5uz0,7.8
5fl5,8.19
1wn6,4.68
3ta1,3.25
6n97,5.15
5m25,8.19
4mk5,6.35
5vom,6.1
2fqo,6.43
4qr5,7.22
2xb7,9.19
3c4e,4.0
2o7n,7.82
5zkb,8.7
3lxk,9.8
5am6,6.73
6k4x,6.66
1ela,6.36
2nmz,8.37
4x7q,7.85
5afk,3.88
3ee2,4.19
2ig0,4.71
3tkz,5.92
3gjd,7.33
5xvk,5.05
5gj9,4.99
2iuz,5.55
3pwm,9.1
5ngt,5.89
3v1r,7.68
3tki,10.3
3a1c,4.0
4kup,5.22
4phv,9.17
5ajx,7.96
2azb,7.19
5h13,4.94
2qu6,8.52
1h37,7.23
2v54,4.6
5ekj,6.0
6ikm,8.57
6mu1,8.1
4ca6,6.74
2xp3,3.0
1nhg,7.3
5znc,7.52
5qin,10.4
4att,6.98
4l0b,7.17
2iog,8.1
5m5q,7.05
5ap1,7.97
3g8o,7.8
2i0a,11.4
2v2v,4.07
6ei5,7.42
4m3p,5.4
6oah,5.82
5iua,8.82
3daj,5.54
5wbz,6.41
3vb7,4.31
4afh,9.54
4ijl,3.87
4pci,5.12
3zlk,5.88
5byi,7.51
4el9,5.36
2cgx,4.81
5tvn,9.04
2vv9,7.77
4f6w,7.52
3gz9,8.4
4mcd,5.33
4n4v,8.7
5eb2,1.11
4yuy,3.34
1pq6,8.1
4qiz,8.15
2wcg,6.38
4igr,7.2
6fv4,2.92
3e62,4.39
4z1q,7.82
2yem,7.81
4c3k,4.97
3myg,10.7
3hnz,7.72
5dpx,4.46
6g5u,6.4
5ug8,8.7
4zyc,6.42
1m7d,6.23
1p4u,5.3
2xp5,3.44
1ctr,6.0
2ylp,4.3
4gk4,7.85
4cwt,6.75
1v16,3.87
5q1e,6.92
3h89,7.64
2y1w,6.33
2afw,4.77
4k7n,3.48
4hkp,4.55
4giu,5.33
5l87,5.07
6hth,7.12
6f3g,7.16
5bvf,9.72
4op3,8.15
3st5,11.3
6hdn,4.3
2bgn,5.7
4q4e,6.72
6iar,7.6
5cw8,7.22
5jrq,6.77
6f8u,6.1
4mdr,4.39
3ho9,6.1
6fv1,5.97
1pzo,3.32
2v2c,3.41
2rjp,7.0
4io4,4.61
6m8b,5.36
5yf1,3.28
6hq3,6.11
5e2s,9.01
2bdf,7.17
5ufc,5.16
3nzi,5.59
4bci,8.22
5d9k,8.4
1sl3,11.85
3v4x,6.15
3w33,7.44
5m3a,5.7
3sap,7.59
6dpx,5.89
5eci,3.8
4glw,6.1
4ocx,11.44
6dh3,11.3
5wa8,6.23
6c98,4.1
1tsv,4.8
1hk3,6.59
5vb7,6.72
4xu1,9.49
3h2o,4.59
5gjf,6.59
2uw5,7.51
4jlj,6.13
5xva,7.29
6r1x,4.4
5bvo,8.3
4ydn,8.64
5aqh,2.46
5nu3,6.64
5lz2,3.0
5u4c,6.0
3lmp,6.21
4zfi,6.3
2jjb,7.92
3n3j,8.48
4xsz,5.6
3oyl,6.7
6jfk,4.84
3hzy,7.0
6bh5,6.6
6eyt,5.72
5oh4,4.55
6of5,5.35
1urc,4.72
3l2y,4.49
4e6d,8.92
3dgn,6.21
5ls6,9.0
1gu3,4.32
5wev,6.82
4w53,3.99
8a3h,4.06
6peg,5.16
2xtn,7.4
2vtj,5.72
3el4,7.17
6mo1,6.54
4n7e,6.48
1kav,5.82
6q9w,6.24
2ovy,8.4
2fs9,8.52
2oyl,6.3
2qu3,6.23
1w7x,8.4
3k5d,7.28
4f9w,6.94
5hf1,5.74
5myr,4.66
3l58,8.1
6mo9,5.81
3od0,7.92
1uxb,2.15
5sxm,8.54
4zyr,5.7
1dzj,5.89
4ejl,5.14
5h63,5.92
3ess,6.39
1gz4,3.7
5zde,5.75
2e5y,5.85
2iwx,6.68
2ank,7.33
1wuq,8.27
1jwt,7.85
6bee,4.66
4zae,8.44
1u33,4.6
3wix,6.27
2ceq,7.28
2h4k,5.49
6b1c,6.95
2vx1,6.66
5u00,8.7
5ael,7.41
1c5z,4.01
2vpe,4.94
2o65,6.19
4xcb,5.47
5ll4,8.4
3blu,3.46
4aa2,3.97
4bg6,7.16
3udk,4.49
4yyi,4.19
5zeq,8.82
5jjm,7.51
2bbb,8.62
6hck,4.6
1ek1,7.77
2za3,3.68
5fl6,7.36
3ttp,9.12
5ahw,5.17
3lk8,7.71
6qr0,6.92
5elv,6.8
3kc3,6.8
6bfw,6.66
3lpu,5.86
1fj4,4.59
4l7o,4.88
4an1,10.26
3f19,7.19
6pg9,4.92
4jln,7.78
4rqk,5.82
3r5t,8.58
3m96,7.22
3n0n,7.3
4whs,4.12
3gds,6.51
3cct,7.56
3fqa,0.49
4gsy,6.92
5nkg,7.68
5v9p,6.14
5fxq,7.85
2v22,5.39
3bar,5.7
6a84,8.28
6c91,6.19
4b8y,8.05
1wht,3.7
4hnc,3.17
4e3f,2.52
5am1,8.52
5fho,6.67
5m4c,7.4
6hgg,5.42
6rsa,4.4
2hh5,7.49
3fej,6.13
3vg1,7.26
6iyv,5.88
4b0g,7.82
4w9n,4.26
5tkt,8.49
6h4p,6.99
3sfg,6.06
3rz8,8.17
4otg,7.59
2b7a,9.0
3zy2,6.46
3mp1,6.1
5jcb,4.21
5sz5,7.7
4ya8,6.1
5hjb,5.68
6dif,10.72
5wcm,4.0
1a5g,10.15
4i9s,6.79
2v88,4.09
3q1x,5.33
1tkt,6.15
4y2u,3.24
3v8s,6.19
4qf9,4.43
4i0f,6.35
3uwk,4.24
5anq,5.4
5jzb,3.39
3h0v,4.82
2oz5,6.48
6qas,7.74
6ew6,3.08
1elr,4.96
4m14,6.7
3cjf,8.2
1uj5,3.05
2cbu,5.68
5u4d,6.33
4xit,7.27
3lzs,10.96
4enx,6.26
2p83,7.96
6qg7,6.83
3erd,9.9
5tc0,7.6
3f7h,7.09
4ag8,8.96
3pch,5.4
3jwq,7.6
4gs6,7.15
4zx0,8.0
5am0,5.88
6miy,7.73
6eif,6.98
4x13,3.3
4eg4,7.89
5aux,5.0
3kqt,5.34
5i5z,9.05
3k02,5.0
3wiz,8.36
6hzv,8.22
6h9b,5.7
3nan,8.22
6gcw,8.64
5mkx,4.7
6qhb,6.3
5kdr,8.3
3oof,7.3
5k4j,7.11
5nw7,5.77
4d2r,5.48
5jgi,4.3
1uvs,5.4
6f3i,7.68
3r0w,4.52
3ttn,7.84
6r18,4.92
4mib,9.7
6r8l,6.17
3rkb,6.42
6dak,5.14
2ooz,5.15
4xuc,5.96
1lbf,7.85
4m0r,5.21
6aak,9.15
5cxi,6.55
5db2,7.6
4hv7,3.52
6b22,7.38
6pve,7.37
1ppk,7.66
5ukl,6.2
2h1h,4.52
4drp,5.41
2xkd,5.64
5idn,8.59
2fpz,3.96
6pi7,6.17
4r95,7.85
1ctt,4.52
4o2f,6.41
4d2t,6.0
4aw8,7.66
5nwz,9.1
5b4l,9.12
2hs2,8.31
3fpm,5.05
4gmy,7.55
2kfx,4.0
1p1q,4.89
5abp,6.64
1pwy,4.05
4tn2,6.92
3wyy,8.49
4k69,7.4
4dkr,6.52
2ly0,4.8
3d14,7.66
3ebi,7.1
1w1t,2.96
5a54,6.15
5faq,5.28
1u3s,8.85
6g5l,7.62
6r7k,7.3
5enc,2.3
4kov,3.75
3d51,4.15
1laf,7.85
5uox,8.3
2boi,4.32
2gg0,5.77
6cea,3.14
2ym6,6.06
4cfm,4.74
3v2q,6.29
4rlk,5.02
6d8v,5.42
3way,7.66
6gev,8.7
2xui,15.0
3fyz,5.8
5j7s,7.3
2vxn,5.0
2yjc,7.66
5we9,7.22
4az2,7.33
1nvs,7.82
2qk5,8.1
3m8u,4.89
2yjw,5.12
3g0e,7.7
5etf,3.79
4j5d,5.96
4q1s,4.17
5cbr,5.74
4lww,7.54
2qcm,3.35
5cst,6.96
4hlk,5.96
2opb,8.74
5ndf,5.85
4ca4,7.18
5owl,5.92
3slz,6.99
4hg7,7.05
6gxg,5.24
4jlh,5.4
3e63,5.8
3lcv,4.74
3cho,6.55
3qbh,6.82
6jjn,4.11
6dub,4.74
5fsx,2.72
6mrg,7.55
5evb,5.0
6imo,6.19
4x7k,8.4
5zqq,7.66
4heg,8.92
3myq,7.52
3wk4,5.13
1gnm,6.25
2ph8,5.74
5w7x,4.1
3que,8.82
2wi6,6.64
5l0h,5.64
4wkn,9.72
4k55,5.51
3p50,4.62
4j08,6.66
1tcx,6.95
3mhw,2.3
1sts,5.0
2d0k,5.02
1wc1,4.0
2xkc,5.59
3rbu,9.43
5jxn,6.41
1o5b,5.77
5lpl,4.92
5yic,5.89
4zsg,5.0
5m7u,8.1
2iit,8.59
3ddq,6.68
3p44,8.01
5nzn,3.66
1uyg,4.27
6oco,6.32
4ytf,8.15
5yhl,7.74
4dpy,5.37
1ft7,5.18
1qvu,4.46
1hih,8.05
5o4s,5.47
1olu,4.41
6dgr,4.91
4lv4,5.0
5lp1,9.4
4umb,4.0
2yog,4.51
2r2l,9.0
4oeu,7.66
3gn7,8.3
5ehv,3.08
4nie,7.7
2oh4,8.46
5xsu,6.74
5od1,5.96
4d1b,4.44
4a7c,8.22
5owa,5.46
4k5m,3.71
2x2i,8.7
2zsc,7.06
6frj,3.71
6gx3,3.6
3zy5,6.64
2zc9,6.74
4lwh,7.57
4flj,5.13
6jij,6.64
5avf,5.49
2bet,2.77
2zmm,7.6
5gwa,5.77
3hig,7.89
5qau,4.15
2g1q,7.36
6dj2,8.12
2oi2,6.3
3sjf,7.64
2rgp,7.52
5ove,6.35
3zt1,2.7
4i4e,6.3
3lq5,6.96
5ljq,9.0
5tkk,8.28
4m0y,6.46
4l2x,7.41
5yqn,4.03
4nxs,7.37
5j18,9.15
5orh,4.39
3rf5,5.63
3hll,8.24
4d1c,5.7
4m5g,5.01
5iz6,6.64
3iw5,6.08
6ays,9.19
6jio,4.55
6f7q,8.96
4deg,8.22
3eta,7.85
3p8n,9.28
2op9,5.66
2z8e,8.0
5vwi,4.84
2qta,5.76
5evd,5.0
3s6t,7.35
5d6j,4.44
2wbb,6.04
4c1d,5.36
2za5,8.43
5vo1,8.15
1h79,4.89
3d2r,5.48
4kju,8.22
2hnc,7.22
2aia,5.41
2wxo,7.05
3vtb,9.3
4bcq,6.83
1fq7,5.43
6g2r,9.46
5w7i,4.95
6fzg,6.55
4jg6,6.44
5wzu,7.0
4p02,6.4
4itp,7.27
4g93,3.52
5hm0,6.36
4g90,4.51
1pb9,3.62
5tyk,7.65
2vl1,1.35
5he0,6.82
5o0j,4.77
1re8,9.52
6ntj,6.47
3c6u,8.87
4el5,5.37
3n87,4.96
1n1m,5.7
4ux4,7.01
2wi2,3.46
4lge,8.46
5a4l,5.41
6u5y,7.16
5izj,11.52
6c7w,5.47
2e9o,7.7
5fqs,7.36
1a61,8.62
5l13,6.96
4rfz,7.4
5ktx,7.7
1g37,10.0
3ms2,3.72
4cwq,7.06
5etv,6.24
2y1g,6.15
4n07,6.46
3cl0,7.07
4c5d,5.4
4j1p,7.05
3ocp,7.57
5lz5,6.35
2er0,6.38
1w1d,6.52
6i9a,10.0
3mbp,6.8
4z5w,5.81
5trh,5.08
5he5,6.47
2g6p,6.22
5hu0,6.23
2mas,7.52
2vqm,6.01
3gpe,5.74
3qxm,7.48
1f57,5.64
2nnp,8.37
2dbl,8.7
3efk,7.85
1hiv,9.0
5ybi,3.49
4nnw,6.61
3wzu,5.89
3l16,7.48
3ara,6.49
4m6u,2.74
5ivj,7.34
4bo7,7.0
1ok7,5.92
1c8l,8.16
6c2x,4.76
2wtj,6.15
5o22,8.0
6f6s,2.89
5uoy,7.57
4vgc,6.9
4x6k,5.31
3wzq,6.23
4rfy,7.0
5wfm,6.52
1hdq,5.82
4i47,6.92
5v7a,6.38
2glm,5.37
1hyz,3.42
2w1h,7.28
1uh1,5.48
5ekx,2.03
5n0d,8.48
2iwu,5.92
4wpn,6.68
1ele,6.85
6jt3,8.3
1gvx,7.22
5cau,8.8
6gnr,5.44
4fbx,7.66
4tim,2.16
1c7e,6.3
3qel,6.49
4la7,6.57
4po0,6.92
6tl2,5.44
1lox,5.52
6jon,4.88
3s76,5.05
4ele,7.88
3nc4,4.58
6gh9,4.48
4rj3,7.03
6e4t,8.05
4hkn,5.96
5c7b,3.0
4ppb,10.0
1w76,6.15
4y2p,2.66
2y8o,5.12
5aol,2.32
4nrp,4.59
1w4q,5.26
5d0j,5.31
3ad7,2.52
1xp6,9.4
1ec0,8.49
3nyn,6.0
1p05,5.96
5zyi,7.07
4pnm,5.85
5u0z,6.19
5fnf,3.15
3r5m,4.34
6s56,5.1
6afa,5.49
3f7u,6.61
5ewd,3.7
1rql,2.75
1agm,12.0
5t1w,7.11
6ee3,6.86
4de2,4.12
4kn2,7.27
1o3g,7.96
2e7f,6.1
6beh,4.09
1o5a,6.42
1ijr,5.44
2cvd,6.1
3rzi,5.33
6iji,9.36
5e0h,5.62
5h5f,4.43
5nai,6.1
4p0n,8.66
2qg0,5.72
4hev,6.34
3t19,8.66
5vqq,5.28
3oqk,6.38
2r3t,5.85
4jju,6.29
5tdi,9.74
2q64,8.52
3l9m,7.3
5mw6,4.73
3sjt,6.06
3g15,7.0
4he9,8.46
5nyz,5.03
5zty,10.12
2zcr,6.87
5jzy,9.82
3idp,8.8
3nth,4.32
3uli,7.15
2uw7,7.74
1kak,4.59
3u18,6.09
4mx0,6.73
2wmw,6.41
5td2,8.66
6e7u,6.92
4op2,5.93
2d1x,5.1
2i0y,7.62
3dx1,3.58
1jq9,8.45
4a4w,7.72
3ts4,8.72
4gr8,7.83
3prz,7.59
3u78,5.6
1ny2,2.76
3iw4,8.68
6pyd,6.81
4de0,5.89
5b4k,9.34
5mxk,3.39
3wyx,8.37
3ery,5.66
6fym,5.07
6gch,4.7
5ggo,3.1
4bgk,6.28
2qrk,4.26
4pnw,5.05
6aeh,5.75
3wzj,8.18
2ygu,6.49
5ake,7.82
3oy0,8.0
4xv9,6.72
6djc,6.63
3ws9,7.04
4tv3,8.72
1a85,4.52
6b8u,9.7
5tts,7.25
2owb,6.36
5sz2,8.7
3pcf,6.05
3bgc,5.02
6mzq,8.41
6oxs,9.96
4re9,4.92
5lwm,8.87
3ind,5.82
1n5r,5.66
2a3w,5.42
2uzn,7.52
1gfz,4.0
5n2d,8.22
5ohi,8.47
6dyo,4.49
1qpf,7.57
3f1a,7.21
1kuk,3.91
5j6s,4.0
6bg3,4.92
4wnm,7.59
1hsl,7.19
6mzw,8.41
3br9,7.21
6c5f,4.48
3msj,3.11
4gfm,7.22
2rcw,8.1
4o4y,7.81
4cjp,3.32
2fgv,6.12
5myl,5.0
3zki,5.92
4wy3,3.62
5eud,6.82
2vw5,8.52
3h2c,3.3
3uii,5.0
4kbc,7.85
3juq,4.91
6h13,7.23
1lor,11.06
5kpm,7.82
2fvc,7.49
1x7e,5.97
5btx,3.55
4j3j,7.51
5t4f,8.0
4wk7,7.13
5abf,4.85
3vje,8.01
5dk4,8.7
1clu,8.27
6psb,4.1
3b3w,4.19
5h0h,6.16
6e91,6.62
4twc,7.4
2j83,4.21
5oku,6.26
1h9z,5.42
3ncz,7.82
4d08,8.0
4pzx,6.0
6mxd,5.23
2a4l,6.4
3s0n,6.74
3bla,8.7
2pow,7.2
3jy9,9.0
4mwu,8.49
4udb,9.15
1g3m,10.0
4g8r,7.66
6cbf,5.17
6fvn,5.3
2ym5,6.37
2o9a,3.81
2qu5,8.06
3ex2,3.7
4nj3,6.52
5jpt,4.6
1yci,4.08
4o72,6.0
2co0,5.48
3skg,8.1
5g1a,6.57
1kkq,6.62
5j75,6.82
5hlm,5.9
1way,3.4
6mul,8.2
3bcn,7.12
4bjx,7.66
6p3v,7.02
4o97,8.52
5aac,8.89
5ix0,6.28
5lsx,5.92
5c1m,10.8
6j5l,8.8
6d16,5.08
5os3,2.43
3te5,4.91
6e2m,5.66
4j06,5.34
1zoh,7.0
3iu7,4.8
3ij0,4.88
1kfy,5.28
3gww,0.45
5c7d,5.11
3hkt,5.39
1ibc,10.25
3exe,6.96
3n23,8.52
6drg,6.92
3h8c,7.72
4b7p,9.46
5tha,3.85
1xuo,7.16
1c83,4.85
4qp2,3.03
4kpz,2.71
5g42,2.3
3nee,5.34
5w0f,7.8
4f8h,4.24
3tv6,8.32
1ocq,5.19
4u0u,5.82
5mm9,6.42
4idn,5.24
3nwb,7.96
5lj1,4.5
1ule,5.92
6ny0,5.4
6rmf,8.0
3lkz,6.15
2pq9,8.11
3fqs,7.39
5j4v,5.85
5z95,6.55
6fh7,3.0
3hxe,5.33
4w9i,5.96
1bxq,7.38
4xm7,3.57
3uxm,4.7
2pzy,7.47
6dai,4.07
1xh7,6.82
3gcs,7.25
6ggv,7.54
1juy,7.66
3q3k,8.13
4f1l,5.12
4dpi,7.11
1jdj,2.3
4rhx,5.8
4zzy,5.6
2vj1,5.3
5lny,7.38
6d4a,3.93
2zxa,8.35
5oqu,3.61
4l58,4.68
1tpz,6.19
4b1c,7.1
6r1d,5.4
5eif,2.55
3k8q,11.28
5kap,4.23
3eg6,5.77
2vci,7.68
6d3g,4.7
4qvy,5.09
4zzz,7.06
5d0c,5.63
3g4l,8.24
2zq0,6.82
5bw4,4.17
4wri,9.01
3dgo,6.74
3qti,7.85
5d25,6.3
4tqn,6.11
3inf,7.4
3wqh,8.48
2v58,9.09
5lpr,6.57
5ey0,2.65
4bhi,7.05
6hv2,4.28
2xsb,4.96
6hcw,6.89
1sle,6.17
4ohp,7.46
1p28,5.42
2frd,4.54
5tzg,5.8
4wm9,6.92
5enm,7.15
4zts,7.6
4xu2,9.23
4wsj,7.33
5lzh,3.1
3hs4,8.0
1nl6,11.32
5k0s,8.22
1tv6,5.4
5m57,4.92
5mgx,5.59
6fap,2.15
1em6,8.22
2v3d,3.94
8abp,8.0
3qu0,7.7
5b5f,5.25
2qrq,5.1
4y4j,2.47
3lq2,5.22
1akt,8.49
1z3t,3.94
3zdv,5.48
2csm,4.3
3ftw,2.78
5std,10.49
2xgm,3.0
3umo,3.89
2ych,3.0
1m2q,6.1
6cz3,7.25
6hvw,5.55
6bnl,6.96
5w5k,8.3
4bi1,4.16
5alc,8.13
3exh,4.88
4hmk,6.1
5e1d,5.39
6g6w,9.7
3pcb,2.4
2xk4,4.77
4xbb,5.0
5ks7,5.32
6np4,4.44
2r03,5.15
4x7i,7.69
4lp0,8.0
4q8y,2.64
4hni,7.49
1qj1,8.05
1w96,8.41
6fyv,7.96
2e9d,5.89
4ega,7.19
4x11,2.22
3zsx,3.28
2jdn,5.56
4uwh,8.52
3o99,10.82
4daf,7.12
3w54,9.7
5qcm,6.96
6ooz,8.05
4odm,6.07
1ecv,4.85
2bub,7.05
6dq8,6.59
1dtt,8.3
4xhe,10.3
3ip8,2.28
1d04,4.59
5ggn,3.66
4r6e,7.78
6aao,2.11
5am7,7.19
2hiz,6.95
3mg7,7.89
4ruu,7.54
3mhc,7.96
3vye,8.11
6e7w,6.52
6gxw,3.36
3zyb,5.38
2tsr,7.54
5kk8,5.84
3qx8,2.86
4loq,8.15
4d88,7.31
4xk9,9.07
4ogi,7.43
6eea,6.2
5wzs,6.55
2gbg,7.25
4elg,8.16
6hp5,7.27
5bot,4.41
4zek,5.66
4ra1,5.94
2c4f,7.7
3bva,6.52
5tuo,6.49
5yea,8.3
5yun,5.52
6nao,6.7
4wrq,5.34
2b1p,8.52
4mro,7.06
4umu,6.19
6d1i,4.09
3lau,4.52
3fuk,3.02
3t60,6.7
6qad,7.85
6ayt,8.85
4bt4,3.34
5m7s,9.05
5afx,5.92
5mng,4.68
5i86,6.28
6mxe,4.26
3vp4,4.73
5q0j,6.62
3dz4,6.4
4qdk,5.85
4crf,9.3
2i0g,9.72
4gu9,4.37
6fgq,7.85
3fzc,5.39
5flt,2.89
4i8n,4.46
5xpp,7.44
5c4u,8.72
6q8k,6.54
4q1e,8.17
4hzz,8.08
4jje,7.64
4m3d,5.41
6hrw,6.0
4j1k,7.89
4e70,5.28
4wn1,8.29
4k3r,3.59
4b3b,3.6
6m8a,5.26
5yso,7.4
5jy3,7.92
5j6n,7.77
4eb8,9.82
4b6e,2.3
3wcf,7.28
2won,6.2
3n7a,3.7
2oh0,7.74
5cf8,8.96
3hkn,5.35
3u8k,8.66
1ett,5.89
4cxy,4.93
1zge,7.3
3rdv,4.91
4y64,3.1
6hkn,7.29
3ao4,2.07
6bef,3.98
3ue4,8.96
1d3q,6.54
6f5u,3.54
6hu3,6.3
3kdd,8.46
4rsp,5.44
1rpf,3.99
5upe,8.05
3fl9,1.11
3tkh,7.33
6ft9,6.96
1fd7,1.85
3qvv,4.42
6npt,7.17
1c4u,10.37
5f1c,6.13
4uvb,5.49
5tq6,6.91
2wxg,9.15
2itk,7.69
2nxd,5.66
2viy,5.74
4z83,7.4
3sd5,6.58
2fou,7.1
6bw2,7.68
1qin,8.0
4lsj,9.57
3pdq,6.74
2uxi,7.3
2pzi,6.1
4nxo,7.22
4l02,7.7
1d4p,6.3
2hxq,6.84
4hw7,7.21
6c7i,9.42
1o2v,5.85
4rcp,5.35
4dff,7.46
4pp5,7.74
6i8b,8.0
5qck,7.64
4fiv,6.52
1hps,9.22
4eky,3.52
2b1i,6.82
5ih8,6.74
4c1w,9.41
3m5e,7.37
4qz7,5.65
2w17,8.7
2xk8,5.62
5dy5,6.79
2ycm,3.56
4gid,10.77
1pvn,9.82
2wn9,8.52
2vc9,8.44
5ely,7.36
4u6z,5.41
4eny,7.05
2x7s,5.78
5ldk,4.17
4mk7,6.36
5tkj,8.15
4unq,6.62
1oth,7.0
5waf,9.35
5nk8,6.64
4ezl,8.59
1fo3,6.7
4r0i,6.52
1pdz,3.7
4odq,4.47
3zh8,6.47
3nmq,9.7
2qzk,7.57
4p4j,6.15
4igt,7.89
2xef,9.84
3m2w,8.52
1riw,7.55
4im0,7.72
1eed,4.79
4cgj,2.84
3g9l,6.13
4utv,5.09
4jze,8.15
5nb7,8.22
5or9,4.06
1wbw,4.36
1h1q,6.0
2fl6,7.42
4izy,8.52
6hmr,6.83
4fzj,3.15
6i8z,7.8
5n31,5.79
2pu0,7.82
4mfe,2.27
1akv,11.59
1gx0,4.22
3r22,7.77
2qk8,7.91
6qls,5.35
4es0,6.99
1rq2,2.52
7cpa,13.96
5edb,7.0
5glu,4.02
4mlt,2.85
5yjp,6.62
4xmo,8.7
1fkb,9.7
5efa,4.83
4l7h,3.7
3sw8,4.5
4k67,3.43
2o9i,7.4
4iie,2.34
5fcz,4.2
4qyg,8.39
1xp9,8.89
3d4y,5.7
2dua,4.77
6hax,7.59
2qh6,6.0
4zmf,3.96
1tl9,5.52
6c7e,8.55
3n5k,9.7
2qa8,6.0
4mhz,6.87
4cs9,2.1
4nrt,6.0
5lgq,7.05
5lrj,8.72
4gzp,7.84
4l7c,5.13
3as1,4.02
6eo9,6.8
4urz,2.52
4r4t,6.26
5vdk,7.57
3rxh,1.8
6otg,7.5
5igl,7.37
4qf8,7.51
6e8x,6.22
6htz,6.74
1y57,5.79
3f8e,7.23
3wt7,8.75
1bnu,9.7
5usy,7.51
3wtn,7.04
5lud,3.61
2lkk,6.7
5ezh,4.62
2jbj,9.7
4fcb,8.54
1gyy,3.64
2qlm,5.64
2vey,7.37
2ptz,7.82
5mra,8.0
5uch,6.01
4h75,6.6
4cr5,4.15
4ih5,4.11
6i7a,4.26
5yba,4.77
4bdk,5.44
1dif,10.66
5aoi,3.03
4mf1,9.15
1rhu,8.52
1f8c,7.4
5vij,7.61
2fm5,7.37
4man,11.0
4jhz,6.02
3owb,7.72
5eb3,1.45
4kni,7.78
5emj,7.48
3bpr,4.95
1bhf,4.38
5gn9,7.05
1qb9,7.44
5inh,6.0
5uln,7.85
2xi7,5.14
2fie,5.46
6h9x,9.74
4jzb,6.47
5y6d,7.26
2zg3,2.06
2xj7,6.66
3u0d,10.0
6c9n,4.78
6hro,7.3
6s43,5.4
2h03,7.05
1mf4,7.99
4k63,4.22
5hv1,4.1
6ghv,4.28
3b3c,3.98
2rly,3.57
5yto,4.48
5x4n,4.17
5twz,7.87
1gjd,5.22
5i3w,9.22
1c3i,5.8
5q0v,7.69
6ic2,6.04
5ajy,6.3
5afm,4.15
5a2i,5.06
5xaf,5.77
1fwu,3.7
3ern,1.72
2zb0,6.62
6bs3,5.82
3uix,6.82
5e1s,7.92
3p79,5.64
4ovf,4.13
4gvu,7.52
5n99,4.21
6fse,4.74
5t4h,8.03
4hn2,6.89
2x81,8.3
2p0x,6.31
6s8a,8.07
2xhs,6.0
3l0e,8.0
4yv0,3.28
6cjr,9.52
3bc3,6.81
4wzv,9.37
5o9p,5.09
1g9r,5.7
1iem,7.7
1jq3,6.7
6iup,7.64
2gbf,7.92
5ewa,4.82
5fue,6.33
5c85,3.98
2hdq,1.4
5izq,8.52
3egk,4.66
4mqu,8.4
3cd0,7.57
5zym,5.77
2of2,6.68
2yhw,5.6
3r0i,6.92
5oh7,4.37
4ngs,8.12
6mwe,9.2
1r1j,8.64
6od6,8.21
3ns9,8.52
4rwj,8.7
2xba,7.63
1m5e,7.7
6bu1,7.22
6hwv,7.08
1a28,8.29
4i5h,8.7
4lch,10.62
3i7c,7.74
1xon,10.68
2f89,6.48
1uxa,2.3
2zcq,8.82
2j62,11.34
6ocz,8.52
3rwq,7.46
3d1e,5.77
6hd4,8.64
4nh7,8.4
4txc,6.62
5b5b,9.37
1kmy,5.1
5nq5,5.0
5zz2,8.85
4qvn,5.1
6ccx,3.15
6m8c,5.66
3djp,4.2
6p85,4.99
3ehy,5.85
3nuj,9.39
5enf,3.57
3qs8,4.74
5wg3,8.1
3iww,7.96
5mwj,7.61
1a69,5.3
4hyf,7.6
5wep,6.36
2y5h,5.79
3rxo,4.08
3neo,5.92
5edl,8.35
2ohk,2.7
5u2c,6.63
3lgl,6.05
4mcb,5.82
3ao1,2.26
6fni,8.22
6nd3,4.59
5uxf,7.06
4ere,8.38
6czb,4.33
5oje,5.21
3bgp,7.04
4rcg,5.03
2r5q,8.57
6dgl,5.52
4r5g,5.22
6hx8,5.89
4rhu,6.16
1d5j,9.15
4o10,7.11
5i8g,7.52
1uym,6.0
5wuk,7.85
4x0u,7.4
3mdz,9.1
1koj,6.7
4py4,5.77
6o4w,8.47
2no3,8.05
5pzn,7.39
5g61,6.4
6m8q,6.43
5zlf,3.48
3own,7.47
1awi,4.05
3zcw,6.19
5ye8,3.0
4z8d,5.22
6phx,3.32
4i0z,6.33
5ufs,8.49
1csi,8.8
5o0s,4.24
3ejp,8.55
4ep2,5.35
2vkm,8.74
6b16,7.49
2xcs,7.85
4pd6,4.44
5agi,4.34
5kos,8.82
1mrn,4.52
2n27,6.55
3ryv,7.07
3ahn,7.05
4dhr,4.57
6nwk,7.7
3ikg,7.24
4mo8,8.0
3d28,5.85
5a0c,9.27
1j4r,7.72
4hyi,8.52
4bt5,2.76
5gvm,6.73
2xuc,4.1
4gj2,8.6
4n8d,4.92
6fpu,6.49
2b1q,1.59
2gqn,5.35
6mso,5.42
4l5j,3.0
2w0s,3.3
2p09,6.35
1h3a,6.55
5nho,9.52
1usk,6.4
6k9u,10.05
3vi2,3.77
1upf,4.6
6eyz,8.1
5w12,7.28
1dmp,9.55
4c73,4.92
5ujv,3.6
6ow2,8.52
3rv8,4.92
5el9,7.64
5wg6,4.54
4zyv,7.66
2c8x,6.66
6jb4,5.98
4azb,7.24
4kln,7.7
6kzc,7.94
1gcz,5.13
5jmw,6.76
4f5y,5.43
3p2k,4.7
5vio,8.62
5lt6,5.41
2xf0,4.52
3zc5,7.13
4rrg,2.81
1uod,3.11
3owk,5.82
3i4b,8.15
6ke0,7.55
5etl,4.64
4fev,5.42
2pyi,3.75
6cjj,3.9
3vh9,6.24
3pxe,5.7
3f2a,7.24
4ivt,6.0
3c88,6.8
3f8s,7.89
2f71,5.6
3q2m,3.8
1b5i,7.05
5c8k,7.7
3dbs,7.12
6csf,5.44
2xcg,8.05
5ja0,5.22
4u71,5.22
4wvt,5.31
4txs,3.0
1thl,6.42
1v2u,3.37
4wkp,9.55
3f8c,7.68
6h96,8.68
1ryf,8.8
4iif,5.18
6byz,8.37
2phb,9.49
6b7c,5.14
6n55,7.87
3saz,6.1
3r8v,5.54
4j52,8.52
2ydo,7.51
5vqr,5.92
3chd,4.92
6eqa,4.85
1t4j,5.1
2h65,8.19
5mgm,3.3
6d1l,8.12
4nh8,8.52
3f16,8.23
4c1u,7.09
2flb,5.74
1u59,7.25
5w0l,4.74
1a4h,5.92
3vyf,8.8
6elp,6.63
4zcw,7.37
3rm4,5.77
1o2x,5.85
2ity,7.27
6pf4,4.8
6odz,9.15
2ajl,7.89
4mm5,7.74
5l8t,3.55
3rni,5.17
4j0r,6.41
3fq7,2.52
1mqd,6.77
3cib,7.85
3qj0,5.2
4drk,5.08
4joa,7.54
4ewo,7.36
6fvo,5.55
5qa4,3.77
2clx,4.88
2wxv,8.7
3nii,4.23
4yl1,6.67
6abk,1.95
4zyi,8.1
4c1h,4.09
2n7b,3.55
5bqh,8.52
6c2t,9.05
4keq,3.82
5ful,4.74
4a7b,7.4
2cgf,6.41
4xrq,6.63
2bge,2.8
4r07,5.32
6iph,6.66
3ouj,6.05
3wmb,5.37
6qfg,5.52
1o6h,6.73
4q0k,4.87
5vjn,5.06
6guf,6.65
6u8o,6.54
3io7,7.77
2wtv,8.74
6dvm,8.52
2haw,4.92
5zk3,8.74
4v27,6.66
2ypi,4.82
3kpu,3.16
6g8p,4.21
3kbz,6.91
2pu1,5.85
1x39,9.22
2g78,6.92
3fv2,8.11
1b52,7.12
4cd1,4.89
3r9d,4.15
3f68,5.06
5lck,8.1
4ddy,5.62
6ayi,6.68
5fe9,4.68
4zx6,5.27
4y2q,2.92
5cqj,4.81
3drr,9.4
1swp,11.0
6oht,6.45
4huo,4.7
5a6k,5.95
6hhp,7.49
2fwp,2.92
2gg7,5.76
4ztr,8.3
5ti6,4.68
6o5t,6.5
1qji,4.85
4xnv,6.79
2vto,6.85
1yp9,5.11
1zeo,6.68
4bqt,5.79
3nf3,6.2
4y6p,7.16
4ran,7.15
3qkk,6.52
6cve,6.8
4ci2,6.75
1c1r,7.63
2viw,7.14
6jno,6.63
1ox9,5.21
3ukr,4.92
1mue,8.64
4ncg,7.96
4yje,4.84
2bq6,10.15
6evq,2.0
1o4a,6.92
2v77,5.06
2v59,7.74
6qat,7.33
4u01,8.46
2ei6,7.39
3kai,5.41
3ljg,7.73
3vb6,4.41
4fns,6.7
5csp,4.24
5a3o,4.73
5y0z,6.34
6myn,7.85
3rtp,8.15
2fjn,7.41
1z9g,5.64
4ded,7.42
2w1g,8.52
4jym,5.04
5nhh,8.95
4ibk,4.3
4bf6,8.35
2ay5,2.59
1o2o,6.36
5fqb,6.52
3neg,5.94
3t2p,3.6
6etg,4.66
4q1a,9.3
1you,9.06
1y3p,4.82
6os6,5.96
6h1u,5.32
6qwi,4.29
6b96,7.84
4yhf,8.34
3nb5,7.74
4gja,5.92
5n2f,7.1
4bgm,6.21
1hk4,5.31
2p3a,7.96
3imy,9.7
4j7d,4.7
4j8t,6.77
4afg,8.3
2wij,3.2
4dst,2.96
3t3y,5.47
4cwp,6.77
3g34,2.96
3eka,3.0
1utt,4.0
6ior,4.31
5izm,5.92
4ibm,5.74
4p6c,4.0
1ukt,2.25
5i2z,7.14
6eq8,8.0
4x6n,8.82
2gh9,6.0
2ajb,5.5
3o8g,5.13
2qx0,6.11
5tks,7.17
4u68,4.31
5wzr,7.29
3dy6,6.9
5vqz,6.39
5ywx,9.85
4zw5,4.43
1epp,7.16
4b35,2.89
6iou,3.73
3bv9,5.36
5npb,7.09
4p3h,6.0
5alr,7.07
5wo4,10.0
4a4q,9.4
5loh,5.04
2fvd,8.52
1qxw,5.15
2zx8,9.64
2o7e,6.22
3snc,4.39
4lh7,4.47
4p5e,5.55
4rh5,6.9
4p0v,5.92
5i29,7.82
2q8s,6.73
4aa0,7.46
1apw,8.0
3arr,5.4
5t18,9.3
4m5l,4.72
2epn,7.22
3p5k,7.12
4mbf,5.77
3mhm,7.0
3i7i,6.21
4ys7,9.0
1wbt,6.47
4qj0,7.32
6aqo,6.11
6a1c,8.15
4ifi,5.48
5fut,6.45
5km1,6.18
4hvh,7.72
5zz4,9.17
5ut4,4.38
6hhh,7.17
2h9n,3.94
4jmu,5.47
4ze6,2.48
2xjg,7.82
4j8m,7.32
3ag9,8.05
3mpm,7.52
6q9o,8.47
5v3o,7.22
6plf,6.67
4mx5,4.55
6h52,7.17
4yab,5.07
4lj8,5.82
4wvs,6.27
1jg0,5.3
6olx,5.38
2b5j,9.1
1p19,4.11
3cp9,7.32
4zs2,5.49
6afg,4.86
6b2p,8.89
6gva,8.22
2xpa,5.39
5k8n,6.32
1f0u,7.16
6q8a,8.01
5thn,4.02
1lst,7.85
1qb1,6.77
6afl,7.0
2o0u,5.49
5ih5,6.3
2nnk,8.37
1evh,3.22
2pj0,8.09
6nji,6.99
3iod,4.1
5qaq,3.54
6do4,7.68
4rkx,5.1
4dlj,5.92
3wkc,3.71
5ar4,6.7
5ewh,3.77
1qfs,9.48
6bkx,6.39
6uh0,6.07
1rtl,5.59
3qlm,6.37
3qpn,7.77
2g9u,6.08
4i11,4.57
4omk,4.4
2qrp,6.2
2hmu,7.7
2wej,6.08
3gzn,8.0
4py2,6.57
5hdx,7.32
4w9j,6.23
4abg,3.57
3bz3,8.82
5btv,3.85
5km5,6.92
6i62,6.8
2wly,6.6
3mss,4.66
4gbd,11.32
5k0h,7.09
5nqr,7.15
3adv,3.03
2y58,5.5
2gm9,7.39
5obr,5.36
5fnr,4.23
4e0x,7.12
6eda,6.7
3i4a,4.28
4v01,8.11
4o91,6.83
5nxo,8.31
3fuh,2.7
3h5s,8.3
4rwl,8.1
2xg5,4.66
4y7r,5.03
6duf,8.14
1d4y,11.1
3r2a,6.12
5c4o,8.21
1o9e,4.18
3tcp,8.37
4b0j,2.15
7gch,5.7
1v2l,4.29
6om8,5.16
1p03,8.19
3hzm,5.52
3zot,5.95
3rk5,5.4
4ikn,4.85
5unf,9.47
6fu4,6.19
3zw3,7.47
1qf0,7.38
2wtd,6.68
5zhj,5.0
3vws,3.65
5l4h,3.75
4yha,6.65
4g0l,5.19
4kz6,3.1
3kr1,5.74
1w80,4.54
3zxr,7.7
5lvr,3.6
5cte,7.8
5oq7,6.49
5e5g,3.15
4g8m,7.89
1a7c,4.0
4nan,4.72
2hj4,5.37
3sv6,7.46
6qi7,6.46
3qgy,7.8
5m29,7.4
2qlq,6.63
4x9r,7.82
3ow3,6.13
3uw9,4.56
1qbs,9.47
2bv4,3.22
4uhg,6.27
4r73,7.64
3r02,9.0
4a9s,7.21
5c7f,3.98
1xgi,4.85
1hnn,6.24
2fgu,9.18
4wef,2.59
3sie,7.88
3sus,4.15
5hn8,4.01
4tpp,8.59
6iql,9.37
3ap7,3.0
5lrg,8.82
4e96,6.66
3nrm,8.4
3gy4,5.1
5ime,8.34
4dpu,7.3
6c1s,8.52
6cvw,8.15
2azc,6.74
6msc,7.68
4e67,6.48
5q0u,6.76
3lpt,4.91
2osc,7.77
6ayo,8.29
4um3,7.54
3zmt,4.55
1v2n,5.9
4uru,2.22
4ej2,2.49
2opy,4.52
2ww0,5.3
2yln,7.68
4lhv,10.0
6j7l,4.5
5f1v,6.85
2xk1,5.74
3jzb,9.01
4re3,8.57
4jfi,4.74
4bt3,3.12
4avs,3.49
3sm1,5.84
6hk7,7.34
4zb8,6.03
4dld,5.82
5nt0,6.55
5v7w,7.12
2pou,7.42
5i3x,8.1
2l6j,6.26
6ey8,5.81
4j4v,6.36
3pke,3.6
5yft,5.0
5wuu,6.09
3kf7,7.4
4amx,2.19
1nnu,6.82
5kpk,8.3
1nm6,10.05
4acd,8.31
1n0t,4.91
1mrx,7.26
5itp,5.0
6hbn,6.22
4o12,8.7
4fp1,4.57
1bji,8.7
4c5w,5.48
4p90,7.19
3vid,6.21
6f8j,7.07
6d1b,3.91
5w4w,8.1
6rk4,4.01
3dm6,7.43
6qef,7.22
3qup,6.32
4ee0,8.63
4dbm,7.62
1uwu,5.98
6dl2,7.48
5myn,4.52
5dw2,5.84
1gca,6.7
6fa4,7.29
4c61,8.4
6fob,7.63
3nga,8.0
6n7b,9.22
3eos,8.4
4jda,6.29
6nrh,7.26
4hbw,5.32
4rll,5.02
6bt6,5.91
1i9q,8.41
1toj,3.39
5m28,4.32
2gbi,8.52
2rke,4.08
6gvf,7.55
5klz,6.37
3ch9,3.3
5l4m,5.34
3kry,10.0
1t1s,5.15
3iut,6.34
5l9i,7.0
4c2v,9.0
2gg9,5.46
1u9e,8.24
5os8,3.98
6mkw,4.77
3uil,6.0
3bbb,7.0
6ugp,6.16
5l9h,6.4
2ha4,2.7
6i0z,4.04
1uyc,4.39
3m36,9.82
5tg6,4.55
4kip,8.15
6nzv,10.17
5vd3,5.55
6ax4,8.22
5aad,6.67
4bjb,6.66
4i5m,8.06
2xyu,5.35
2xpc,3.9
5n18,5.68
2uyi,6.32
5bpp,4.8
4rww,5.85
2nn1,5.82
5lg3,3.8
3w2q,7.18
5w3i,5.8
3h0q,6.07
5w73,6.3
4r1y,6.4
3whw,8.22
5vdu,3.7
3nif,5.1
3mp6,5.96
4rrr,4.44
6i41,4.21
4q6e,6.18
3tgs,5.39
5wh6,7.92
5kmh,4.62
3bmn,4.46
4ozj,5.4
3w37,5.18
2wyg,8.7
4ezo,6.52
4dvi,6.72
3q8d,7.22
5ylv,6.82
2auz,9.46
5ywy,7.23
3hpt,8.19
6c0r,7.51
3ty0,7.08
4ynd,8.55
6g34,8.24
6b5o,8.33
3ekr,7.52
4g0z,2.21
4xx3,7.25
2nng,5.36
5c1x,5.75
5een,8.96
6oy1,10.24
6gbw,8.45
2rip,7.19
2xnp,6.44
4crb,7.57
4qw0,5.14
5ti0,4.21
1bug,4.37
1f3e,6.7
3k5k,7.64
2qlj,5.36
6hh3,6.24
5ea3,8.77
3mwu,8.05
1aj7,3.87
6cdl,10.92
5ei3,4.25
3ral,7.0
3tvw,4.43
4p00,6.4
2p7a,6.1
3lcu,3.52
3v6s,9.12
1noj,3.15
2cbr,6.85
2vfk,3.71
4uiv,7.8
1y2c,6.57
5f1h,7.85
1g05,8.51
6bgy,6.82
4zy5,7.59
4fxj,3.62
1ebg,10.82
5n3w,6.3
4obp,7.77
1jn2,4.09
1eix,11.06
6cd8,4.71
4dtk,8.52
3fqk,7.09
5uq9,6.15
1avn,3.9
1u9v,8.22
3g9e,7.72
4nwc,5.76
6n77,9.24
5j41,3.7
4cby,7.7
6h34,9.3
4ks1,8.82
2nxl,6.27
4z7h,6.66
2pmc,4.19
5o1h,4.85
6pic,3.39
2r2m,7.33
2gu8,8.59
5gso,6.96
4q3s,6.59
5ma7,3.47
5myv,7.51
4af3,7.51
6ew7,5.54
2ves,7.7
6ijl,7.93
6ma5,8.1
2xxr,6.55
2z9g,6.15
2yak,8.7
5e88,7.19
5i9i,7.3
4qmm,6.34
3fa3,5.6
6ep9,6.84
4psh,8.89
6i0r,4.35
2m0v,5.97
4lts,8.36
6o0p,9.96
4br3,5.72
4j74,4.59
3qcs,6.5
6ixd,9.8
4jyv,7.77
3nsq,5.21
2ydj,8.3
6mxb,4.59
5t31,6.96
1swn,12.0
5yp5,4.6
4iqt,6.11
2lha,5.19
5wg7,4.7
3ma3,7.22
