3w5t,4.52
4iid,5.62
6r0k,7.92
3t6b,6.36
3hdk,4.76
5q0w,7.24
6bau,4.51
1ox9,5.21
5el2,4.47
6dh6,9.93
5sz7,9.7
2x8z,7.96
2i3i,7.3
1zd3,3.3
3d7k,4.6
3okc,4.44
1clu,8.27
3q43,7.37
4kij,4.3
2ax9,9.52
4tq3,5.49
4p44,7.8
5uq9,6.15
2osm,6.2
4qsh,5.1
4tw8,5.58
4xas,6.59
6cis,6.87
5op6,4.68
3m6q,7.32
4je8,5.21
5tya,4.48
6fhq,2.47
2bys,9.52
3udm,4.48
1czk,8.82
4a4q,9.4
3h0q,6.07
1kqb,4.0
4o15,8.7
6s7k,4.24
2xeg,10.7
4q7s,4.42
1ing,2.0
5zym,5.77
6h4u,6.16
4c1f,4.63
1sl3,11.85
6gga,4.85
4dkq,6.6
5ja0,5.22
4g0l,5.19
1mmp,6.07
4a6b,8.38
5q0p,7.41
5nwh,7.54
3l4x,6.89
3ur9,6.31
4h7q,5.06
3dct,6.95
1o2y,5.85
1i9p,8.41
5kbf,8.92
1zuc,8.77
2p3c,7.62
3f8e,7.23
3cj3,4.24
3pax,5.0
5bs4,11.0
1qaw,5.12
3lir,6.92
5enb,3.11
5std,10.49
5iu7,8.96
1v2p,4.73
4zqt,5.64
3dp2,5.82
4ucd,4.0
4a6w,5.72
1jt1,3.4
1nhw,4.84
5w0q,8.0
2c9d,6.32
1e5a,7.64
5uv2,4.4
4pzw,6.96
6m8c,5.66
4ucc,4.32
4yes,8.02
6n3w,5.81
4mr3,5.94
4hlh,5.96
1fwe,5.6
3kyq,4.22
5zyh,5.57
3nht,7.01
5fcw,6.52
4b80,4.4
4nb6,7.22
4bt4,3.34
3pww,7.32
3a6t,7.28
6tld,5.35
5li3,7.28
2jxr,7.05
6f34,4.94
4xta,5.43
4u2y,3.99
2i0a,11.4
5cj6,8.69
4yl3,8.15
2g70,7.77
5iv4,5.48
3blt,3.54
5ajc,4.24
4f3c,11.82
2gtv,5.15
1w9u,6.09
5c4s,8.42
3ff6,7.15
2p4j,8.96
4b6e,2.3
5kbh,6.26
1z3j,8.0
5hvt,7.26
2wik,3.18
3vd4,4.82
1d6w,5.96
1ag9,9.0
6fr2,7.92
3oyp,8.7
3ccw,7.87
5zh3,4.67
1kjr,6.06
6cex,1.7
3k16,5.8
3c72,4.64
6p8x,5.56
6i68,4.89
3rdv,4.91
4o2f,6.41
4twd,5.08
5u12,5.07
4ycn,7.77
5ji6,7.96
1n3i,8.89
4hwp,7.76
2ans,5.92
4aj4,3.89
6aum,9.1
3su6,6.02
2zx5,12.33
3uh2,6.0
5q0q,6.11
2clf,3.55
1hge,2.27
2bgr,3.6
4qxq,5.7
3s0n,6.74
3hl5,4.47
1v48,7.8
6oxz,9.67
5yc8,8.19
4ayy,8.17
6nv7,7.92
6g2f,5.17
5dw2,5.84
5l4m,5.34
4de7,4.8
5vb6,6.37
3fc8,5.39
5ty9,5.21
1d5j,9.15
4yc9,8.89
2rk8,3.64
3nu9,9.05
3fts,3.67
4qxr,6.0
3t3y,5.47
4ym2,2.85
6gbx,7.7
3s45,8.49
2y0j,7.92
4drn,5.24
3h5s,8.3
1w3l,6.28
6qqw,4.72
3dda,3.88
2ha3,3.03
6fhu,2.64
4rro,7.59
3h22,5.1
4i0f,6.35
2qyn,6.24
2p0d,7.0
1y3x,5.14
1qtn,7.3
1z3v,4.11
5dry,7.7
6ea2,6.55
5tw5,7.42
2qu3,6.23
3bu1,8.15
1z6s,4.34
4rd3,6.47
3p58,7.6
1t49,4.66
1mdl,3.09
6qra,6.15
4ca5,9.39
1mnc,10.34
6oxt,9.95
2zjf,7.72
5v8p,4.99
5o55,4.7
1jd0,8.24
1nl4,9.41
6h4v,6.21
5bwc,7.21
4ufj,4.28
6dh2,10.89
5nya,6.38
5llo,9.4
6d5g,6.6
3e01,7.52
5tln,6.37
3gjd,7.33
3b5j,5.68
4i0d,6.21
2xwe,6.02
4hxl,5.66
1g2a,8.0
3f5k,4.62
5y8z,6.21
5xsr,7.69
1tni,4.0
2xzc,5.64
4psq,6.36
2q6f,5.44
2xuf,14.39
2lha,5.19
2d3z,6.64
1sln,6.64
6f7i,7.85
4drm,5.24
5fe7,3.31
4ctk,2.0
6eab,6.37
4aj1,3.11
6ixd,9.8
1hpo,9.22
5a2i,5.06
6o50,8.55
4qsk,5.1
5c3k,3.96
2ohu,5.38
3atu,8.3
1msn,9.09
3wqv,5.21
5h85,4.7
6ibl,9.31
5ee7,9.21
4urw,2.8
4xe1,7.11
1cs4,5.57
5zk8,8.89
4uvv,7.49
4c9x,7.32
4owv,4.35
4fhh,7.46
4lm3,2.92
4yrd,4.57
2v11,8.52
1x7e,5.97
6pyd,6.81
3uex,6.92
4r59,7.96
3s76,5.05
3o8h,6.24
1vjb,7.89
2hb1,3.8
2fmb,8.7
6dqa,6.44
4j0p,7.29
4yc0,4.13
3kr5,7.89
5izl,5.73
5zyk,6.74
3o9v,7.74
2i2b,2.44
2qm7,5.89
5nvf,7.8
2ydt,5.52
3b1u,5.72
6f8w,4.64
6pht,3.41
5js3,6.73
1ydd,7.07
2zcs,8.22
6ftw,6.49
4cjn,4.76
5ijj,6.55
1hvi,10.92
5t3n,8.04
2e95,7.1
5d6f,4.37
2qbq,7.44
5eie,7.64
1gjc,6.35
5syn,6.62
1qvt,4.38
3qfd,4.17
6cvv,4.12
4bo9,6.51
2j7f,6.35
6cyb,9.02
4pkr,4.82
1cps,6.66
3ipq,7.57
2iiv,8.18
3juk,4.89
2ceq,7.28
2ph9,5.89
2xhm,6.8
5two,8.09
6fut,4.7
3frg,8.4
6aqo,6.11
4wf2,8.1
4gtq,8.3
1k1j,7.55
3ntp,4.92
4zxx,8.1
4dhn,3.89
2wa4,4.74
1o3l,6.54
5k13,8.74
4d63,1.64
6me2,9.37
1bq4,5.22
5fsm,4.4
3rbm,6.57
3q3k,8.13
2y1d,6.82
6et8,8.25
1b74,1.3
4gja,5.92
6min,3.91
4x6x,8.64
5jfd,9.54
4ht0,8.0
6afc,6.03
4y79,7.96
4ax9,9.57
4c6z,3.45
3ttp,9.12
4ayt,3.7
3tlh,8.82
4rsc,6.63
5tw2,7.3
2jst,2.59
6f9r,4.97
4a6c,7.92
1sld,6.57
3o75,6.68
4ufg,8.15
1jtq,8.07
1dqn,8.0
5le1,4.97
5er4,2.76
6nv9,8.19
3zyu,7.0
2o9r,1.68
1g1d,9.44
3szb,4.92
4tjz,5.97
6e7x,6.76
6e8x,6.22
4hu1,7.54
5en3,6.21
2vsl,8.4
1gbt,2.0
6ap6,5.37
5hki,2.8
1m7i,5.4
5lyw,6.15
1ctr,6.0
5h6v,6.68
1cbx,6.35
1mrs,3.96
6nwc,7.74
4kom,7.0
5qqo,7.77
3hb4,9.05
6fi4,5.66
3jzb,9.01
5tzh,6.17
3nik,3.45
2fjm,6.85
5k9w,4.59
3r0w,4.52
1xon,10.68
5mih,4.19
3g76,6.64
2woa,5.94
4x9w,6.85
3wyj,6.44
3ivi,7.92
2jg0,7.82
3gx0,3.48
4hv3,3.94
1lbf,7.85
6gxy,5.24
2nsj,4.79
3lc5,6.57
1w6j,8.19
3tvx,4.14
4qjw,7.8
4qxs,5.96
5u4e,6.35
1kll,5.2
3wz6,5.96
5hh4,5.96
1caq,7.72
5am2,5.01
4q3q,5.89
5e8r,8.7
1kui,3.77
5y7j,7.29
2ada,13.0
1rr6,10.25
3kyr,6.72
4ibi,4.14
1k1l,6.9
2va5,4.07
1exw,3.9
5xn3,6.17
4ydf,5.1
4kov,3.75
5gn6,6.92
4i8w,10.9
5ml2,7.89
4nq6,4.28
1jd6,7.39
5wrs,5.52
4w9j,6.23
1azl,8.62
2y71,7.37
2jh6,7.77
4j4o,6.9
3tt4,8.28
5fow,4.03
1wdq,1.98
5a0c,9.27
4b5d,7.89
4hxq,7.22
4p6w,9.15
5c5h,6.4
6pid,4.54
4j47,4.92
2hs1,8.48
5d24,5.24
2p15,10.3
2z5o,6.0
3wtl,7.04
1xoe,7.39
5ad1,7.24
3koo,7.82
6m8d,5.14
2l7u,3.98
3vjm,9.43
2b8l,7.82
5ult,10.85
5a83,6.8
2cll,4.3
2nq7,5.54
6py0,6.41
6itp,4.65
5jfu,8.07
5c2h,11.09
1ndw,5.23
1kkq,6.62
3rx8,6.21
4r92,7.41
5yof,5.82
5mf6,4.36
2oc0,7.82
4cpy,6.31
4exg,8.07
4q46,3.77
3i51,7.7
6g1w,8.14
3ujc,4.59
3vuc,9.05
1qf2,5.92
3sz9,5.27
4q1x,11.15
3i28,8.22
2yem,7.81
4n3r,6.82
1zd2,3.3
4bcw,4.0
4klv,3.78
4nga,7.77
5wej,4.82
5alp,7.07
3evd,6.91
4del,7.68
3rq7,7.77
2lk1,4.09
4tmp,5.43
4i8x,2.64
6h29,5.62
6skc,7.1
8cpa,9.15
2cbz,3.93
4kzq,6.1
4d08,8.0
4bbg,8.32
4knm,8.0
6nnr,5.07
4bqh,5.59
6fmk,4.67
3r8i,5.35
1f40,6.0
4q6e,6.18
6e7v,6.48
4tmn,10.17
1d3q,6.54
3dy6,6.9
5vh0,4.52
4q0k,4.87
6en4,8.3
1qbt,10.62
4rlt,4.96
2vl8,4.52
5tt8,6.5
6ic0,7.66
6mh1,5.92
2hai,6.28
5f62,8.17
2xtk,3.79
4zw5,4.43
6qge,5.68
3zyb,5.38
4l4l,8.3
3s8x,7.3
6axb,6.3
1o79,6.39
4b9k,6.17
3k8d,5.77
5l17,9.3
4bty,7.7
5ech,3.8
4u58,2.0
4kjv,7.74
2a3w,5.42
3mnu,7.32
3wnt,6.28
4yw6,7.08
2gvd,7.0
1etz,7.24
1qbs,9.47
4qjx,7.28
13gs,4.62
5avi,6.06
1sts,5.0
2yiu,6.89
5l4i,6.59
3muk,3.42
3i1y,8.15
3arw,6.15
5f2w,3.98
4muw,8.01
6b1c,6.95
3u6w,6.92
4qkd,4.09
5kqg,5.15
4crf,9.3
6etg,4.66
3msk,4.59
6arm,4.97
3uxd,4.41
3ebl,6.3
6cv8,3.17
1fe3,7.33
1y2c,6.57
1hms,6.37
4b72,6.2
6cd9,4.42
3ivv,5.43
4lkk,5.92
6me4,9.92
4bxn,8.0
1no6,4.41
3ffp,7.14
5h9q,4.42
3pz4,8.22
3l59,3.7
5qcl,7.96
1v1j,4.82
5wlo,10.82
4ui4,7.35
2vh6,9.7
3ig1,6.14
3wns,5.96
6got,9.4
6rfn,6.7
5d3h,5.1
6i77,4.96
1t4j,5.1
2er0,6.38
2vqj,6.44
3rsx,4.41
3aaq,3.3
5a3w,5.82
6p83,7.1
5tpx,6.55
6h96,8.68
3uph,7.82
4x6m,8.24
3eu5,7.49
3st5,11.3
3nsq,5.21
2gvz,6.89
5tw3,8.7
6f4n,5.22
3h9k,7.85
6u9v,7.4
2pgl,3.59
1d2e,6.0
3nuo,9.8
5k48,6.6
1h3a,6.55
3hf8,6.51
5ei3,4.25
2zvj,5.74
4tmr,7.22
1r1h,8.92
6d4o,6.28
1w1t,2.96
2ckm,8.82
5g2b,7.0
4f8j,5.07
5fqb,6.52
5a81,5.54
2x5o,4.07
5yjb,7.54
4dkp,5.72
6d6u,8.21
3v4v,7.38
4jfm,5.48
4xtx,10.57
1h8s,5.81
5tku,9.8
5n53,2.55
4fea,6.47
4jv8,5.85
3lk8,7.71
5alt,4.88
1kav,5.82
4phw,10.0
5mkj,4.31
3k3g,2.85
6fzu,3.67
1v2h,5.3
5mm9,6.42
1e06,5.6
3lik,8.72
1ykp,2.96
5i8g,7.52
1o6q,7.64
4az5,5.99
3o5x,5.28
1vja,7.7
5z1s,6.16
4mrg,2.96
3qw5,6.45
5al1,4.28
5c7d,5.11
6fiv,8.08
5aic,4.3
4xsy,5.3
5aes,2.89
4ok5,4.51
3uij,4.7
5flq,2.97
2cbv,5.48
2nxl,6.27
4jt9,8.14
4hkp,4.55
3el1,9.64
1nja,6.31
1n51,4.85
1e02,6.15
3dp1,5.0
2ig0,4.71
4jfk,6.44
1g9s,3.61
3hfv,4.87
6e7t,6.89
2vwo,7.51
5g1p,5.2
4uin,7.62
1gj7,7.89
1f73,2.39
3uri,9.0
4fr3,7.15
5ovx,4.5
1z34,3.38
1t31,8.64
1jje,8.43
5nra,6.91
5jq7,4.8
5jnn,5.35
3zn0,4.97
3g4k,6.54
3rx7,6.03
6bto,5.0
3bet,5.82
2nno,6.4
6pi1,3.8
2f8i,7.26
4qnu,6.4
2y4k,5.46
4b6p,7.13
6phx,3.32
4y2p,2.66
4kxl,6.22
1xlx,7.6
2q92,5.96
1n9m,10.96
5akk,4.0
2uxz,8.48
4pum,6.73
1h3b,6.85
5v41,6.15
3wt7,8.75
5e89,7.85
3bg8,5.89
3pty,5.44
6dz2,8.85
6bqg,8.93
5ml4,8.7
4kxb,4.12
5mwy,7.0
6hvh,7.33
2b1g,6.64
5km3,4.6
6fe1,8.48
1tnl,1.88
1cx9,6.75
4ajk,3.11
1t4s,2.44
3s72,6.4
2zx8,9.64
1uj6,3.05
3ijy,6.04
1flr,10.0
2j62,11.34
2g8n,7.2
1fv9,5.0
6asz,4.72
1z71,9.18
1ztq,8.89
5mnb,2.48
5nmg,5.75
6fv1,5.97
4xuh,5.73
1juy,7.66
3ccb,4.52
2fgh,6.55
1j15,3.84
5o4z,6.07
3m3z,5.73
2p8o,4.85
2vmf,5.85
4p4d,5.74
1wax,4.07
3kqd,9.4
4ge5,6.57
2uzj,4.57
4zls,9.09
3inh,7.7
5fun,7.59
3cj5,6.34
3k5c,7.77
4unn,6.38
4lko,8.22
4fxy,7.54
5l2m,6.89
2fxr,7.6
4cae,7.74
3ud9,4.67
5k4x,6.42
4ear,9.82
4cby,7.7
5ku6,6.84
5e28,7.91
4pd8,6.03
3cm7,6.57
6qqu,5.3
3f8w,4.08
1k21,8.38
3n1v,3.3
2weo,6.93
4lrh,9.72
4o13,7.82
2kp8,4.0
1ai6,3.97
1okl,6.03
5duf,5.74
1m9n,6.92
2vtd,4.07
5mo0,4.68
3vgc,5.51
1w76,6.15
4ci2,6.75
3o9g,12.3
6afj,6.28
3pb3,6.22
4nbl,6.33
1tsi,3.48
6e7w,6.52
1ek1,7.77
4mka,9.0
1kl3,5.86
6b0v,3.49
3mxf,7.31
4abb,4.51
5i29,7.82
3old,5.9
2jiw,4.59
2qzx,8.22
5yy6,7.62
1me8,7.19
5jjs,7.32
5oxk,2.17
5u7i,7.18
3hxf,4.96
5ylj,3.86
1juj,6.96
3r0y,4.84
1xd0,7.12
4h5d,7.55
3h6z,5.82
4m5i,5.17
1tlp,7.55
6i41,4.21
6dlx,3.32
3ti3,8.74
1lhu,8.83
1wv7,7.26
3q3t,7.43
1gj6,7.0
4kn2,7.27
3ud7,4.74
4qj0,7.32
5xij,7.3
1hkm,8.72
1evh,3.22
6do1,8.08
2k0g,6.97
6do4,7.68
4owm,2.96
1wu1,7.74
4c94,5.05
2lh8,4.18
6hvi,6.42
3t82,7.0
3f7u,6.61
2i4j,6.16
3zqe,4.23
2b07,6.43
5txy,5.46
6ps9,4.62
5iw0,7.22
2y81,8.7
1dtt,8.3
1cny,7.85
3odu,8.14
1bzs,8.0
4hbn,6.1
5k0i,8.7
5kr2,8.48
5j4n,4.25
6miy,7.73
4p58,4.6
1hdt,7.76
6d9s,5.96
1lqe,5.82
2fpz,3.96
3p2e,6.22
1oim,5.32
6poh,2.71
3atl,4.76
5wkm,5.12
2ony,6.68
4und,8.96
4zx1,6.14
1fkb,9.7
2o1c,4.72
5wcm,4.0
4ew2,6.68
1b5g,8.0
6o9c,7.55
5n16,5.3
3hzv,6.52
5g5f,5.28
4iku,5.75
5w10,6.62
5lub,6.15
3qel,6.49
4mgv,7.12
1nkm,7.3
4xnv,6.79
3acl,6.22
2a8g,3.69
6cbg,3.95
1ydb,8.24
5tfx,7.22
1n94,8.96
3pb8,5.24
5lrk,8.82
1ugp,2.89
5zzw,5.51
5niy,4.22
3tfv,7.1
4exz,7.54
5q19,7.32
4ad6,4.78
3zdg,7.1
3q5h,6.25
2ei6,7.39
3pke,3.6
4m7y,5.32
4q6f,5.6
1ppi,5.01
5gof,4.05
2vnt,8.0
2x52,4.24
2e2p,4.74
3qj0,5.2
4n1u,8.3
5hu1,8.66
3ijh,4.0
4lbu,6.56
3neo,5.92
2pj7,7.77
4x0u,7.4
1c5c,6.96
3arb,6.63
3kjd,8.54
4a4v,6.54
4yho,10.74
6cdl,10.92
3vzd,6.3
5nwb,7.8
4ucr,3.3
3as0,4.55
3p4r,2.72
1vot,6.6
3b65,9.27
5v35,6.96
5ugg,6.42
1pa9,4.6
5dtm,4.3
2hwi,5.52
1p28,5.42
4l4m,8.0
5k8o,5.96
3drr,9.4
3n7a,3.7
4o4y,7.81
5azg,5.54
4uiy,5.6
6mdu,4.25
5wxh,6.15
5acy,8.19
5wbl,6.44
4djr,11.52
5mgx,5.59
4pcs,7.85
5jmw,6.76
6aoy,4.97
4ab8,3.87
4abf,4.62
4k5y,8.17
3mhc,7.96
6cee,4.19
4c16,4.96
1wuq,8.27
6pf6,4.74
5twh,6.55
5mft,7.47
1ycm,8.0
4drp,5.41
4hbp,8.42
2z7g,8.95
2qnq,6.11
5i1q,7.92
5xpo,7.08
1oxn,5.68
4w9g,5.26
3soq,4.57
5hh5,6.3
4d8n,5.74
4avh,7.23
6dqb,6.49
6ew3,7.4
5i83,5.39
1y4z,7.24
1g36,7.17
5aqh,2.46
6ooy,4.66
1c88,5.29
2o9a,3.81
6uhv,6.92
3f68,5.06
4ep2,5.35
1u0h,6.96
5lz5,6.35
3gn7,8.3
1fkf,9.4
5bns,7.02
2gmk,3.23
5mjn,8.54
3bxs,5.1
5ni0,5.74
1y2e,6.8
4oag,6.3
5enh,3.72
4pf3,7.29
3rl3,7.17
1n9a,8.66
1bzc,4.92
1fh7,5.24
3c8b,6.1
5lvq,4.14
4wq2,6.3
6ink,6.57
6o9b,6.4
4jln,7.78
3cm2,6.47
4wcu,8.52
3arz,6.0
3lcu,3.52
3jq8,4.46
2qci,8.34
4r4i,6.27
1g49,7.8
4p0w,5.96
5t97,7.77
3ksq,9.42
1c3e,6.59
1atl,6.28
6sge,7.51
4y62,2.95
1npw,8.7
5fv7,6.74
2n27,6.55
1mfi,5.59
1w80,4.54
6fag,6.59
1a9q,6.17
5fkj,10.66
2b1v,5.74
1lv8,5.46
1f4y,6.08
6p8a,3.59
3ehn,1.92
5o1g,3.94
5doh,7.49
6rrm,6.84
3vsx,8.85
5ty8,5.46
5nw1,6.6
4o24,4.3
1a69,5.3
1jq3,6.7
3evf,6.77
5ha1,7.19
5lgn,5.54
3g42,6.85
5e73,4.64
1fj4,4.59
4jje,7.64
5m9w,2.24
3iqu,4.77
5dhp,3.85
2gl0,4.82
5f1v,6.85
4o0z,7.24
2byr,8.55
6r4k,5.07
3eky,9.64
5iee,4.94
4kfp,8.0
1x76,8.72
4d8s,6.49
1vyg,8.0
6bh8,5.12
2o4k,10.46
5tjx,6.82
4wz6,5.6
4er2,9.3
2q1q,8.15
3p8o,8.72
5f29,5.05
2uvm,7.1
6idz,6.51
1hiv,9.0
4jal,4.6
5t54,9.06
4ynl,4.62
5ihh,6.41
1v0k,5.1
5thi,3.61
6fa3,7.42
3gz9,8.4
3v7t,7.21
2hl4,7.64
5zh4,5.14
1xz8,4.52
6oou,11.3
3kr2,5.14
1sqi,7.7
4b6s,6.01
4hzz,8.08
6ds0,8.66
4usw,2.69
3r88,4.82
3dm6,7.43
3ess,6.39
3ivq,4.12
3a1s,4.83
4lhm,3.39
1pq3,7.52
4i11,4.57
6r1k,5.05
3mtw,7.04
2qcf,3.49
6alc,7.51
6gf3,4.84
3g86,8.3
5elz,6.34
2nns,6.05
4av4,7.03
3vrv,10.54
4hfp,7.38
5n31,5.79
3ksl,4.52
4x0f,7.0
5q1a,8.02
5vgy,4.18
6uil,7.1
4pl5,4.96
2fde,9.15
5twg,6.17
5v3y,6.72
5lyx,7.42
2obf,8.85
6qqt,4.23
4wlb,6.74
5zh2,6.54
1g7g,6.6
6qxs,7.13
4xy8,6.4
2vnn,8.7
6i64,7.31
3rtm,4.42
5aqg,4.51
1hvh,7.96
5dv4,2.47
6plg,7.82
3ivh,7.33
6g3o,9.24
5fqs,7.36
4csd,5.91
2q96,5.92
6iae,4.7
6gr7,5.5
1qaq,4.74
4loi,6.77
6pml,3.09
2qyk,5.48
5dy5,6.79
1k1p,7.92
6i0r,4.35
6ugp,6.16
4z6i,6.31
3fmq,7.95
4myh,4.64
2wic,5.39
4zz3,6.0
4fyh,4.85
5uyu,9.51
2c4w,4.7
6g8p,4.21
4ypf,2.7
6dko,5.8
1qf5,7.37
6pgx,9.21
3rme,4.66
1ik4,7.41
2pll,8.3
3asx,7.7
2gvj,9.52
1kmy,5.1
4xue,5.3
6evq,2.0
5yyz,4.18
4p3h,6.0
3pkd,6.12
5wa5,6.72
4qlk,3.24
5hrv,5.29
1rsd,6.52
5c7c,5.26
4n4t,7.31
5w19,5.3
2go4,5.15
3lp2,6.66
3b4f,8.14
2evm,6.16
4i8n,4.46
1os5,6.85
5zqo,7.71
4xar,6.97
5ejl,6.62
3ldq,5.36
5dkn,3.69
2ca8,4.66
1zzz,5.14
1ets,8.22
1eef,2.92
1f2p,1.9
1hq5,5.65
3nes,5.62
3tvc,7.74
3zmz,4.74
6fv4,2.92
2j4k,4.85
2ph6,7.57
1e66,9.89
6c7r,9.0
1tl7,7.92
3zmg,7.64
3el4,7.17
4pg3,7.85
2bb7,5.67
1e3g,9.0
5c1m,10.8
3wk6,5.2
5lm4,3.88
9hvp,8.35
4ciy,4.57
5al3,4.96
4raq,6.72
4ybm,6.85
3kqo,3.85
1o2h,7.17
1gj4,4.07
4uuh,7.77
6ajg,5.78
2ly0,4.8
1err,8.11
5yas,3.26
5he7,8.3
4wvu,5.71
5jsq,4.67
5ifu,4.47
1bky,3.84
1bma,4.59
5ml6,9.45
4uyd,4.1
1rt1,8.1
3sha,5.59
5a5p,4.0
1kzk,10.39
5vl2,8.42
3tv5,5.32
5d7e,3.82
6pnn,5.16
4ngr,7.55
5flo,3.15
5n0d,8.48
2x97,5.66
4yec,7.6
5dyy,7.24
4gjc,7.05
3g45,8.36
5cuq,5.92
6pz4,9.4
1fmb,10.0
2v96,4.54
4kb9,11.0
5f3z,4.54
6afi,6.2
6n19,3.02
3ftu,3.61
6dih,2.72
3g58,9.28
3dyo,2.3
4x8o,6.6
1sz0,9.0
5vdq,3.67
2w4i,6.3
2uwo,8.7
3t2q,3.66
3e12,5.99
4xo8,8.96
1g5f,2.64
6hzb,8.98
5zc5,7.06
5al2,6.44
1i72,7.26
6cha,4.4
2fqy,6.57
5d0c,5.63
3v1r,7.68
6ibz,7.66
1q1y,7.7
2w68,4.74
6cbh,6.29
1nny,7.66
4q8y,2.64
3gus,6.05
5klz,6.37
3d6o,4.11
3aya,4.33
6ufo,4.46
3kfc,8.55
6cea,3.14
5ak6,3.49
1oz0,7.7
6gdy,5.46
3wt5,9.54
6rj6,8.52
5ni8,7.7
4zb6,6.28
3t1a,8.37
6jn6,7.15
1xmy,7.3
6emu,5.03
2dwx,3.74
5yr4,6.34
3iaf,2.92
5dh4,7.24
6f9t,7.86
5v5o,4.14
4ezx,5.8
5dhs,5.22
1g05,8.51
1p01,9.46
4wku,5.68
1hvs,10.3
1los,7.19
2qnx,5.62
1c3r,6.4
6esj,5.68
6dnp,5.18
2clo,4.06
5czb,8.0
3rw9,5.96
4bh4,1.49
2vf6,8.52
3udy,5.7
1x1z,11.06
1vkj,4.85
6q6m,6.89
5vkf,4.77
6gev,8.7
2x00,11.33
1ggd,5.8
2g6p,6.22
6fzg,6.55
1rm8,9.0
1u3q,8.46
1q4w,6.46
3v4x,6.15
5nf9,5.33
4u5u,2.89
4v27,6.66
4jyb,6.96
4fm8,5.97
2nxd,5.66
4loy,8.09
2a25,4.62
4qk4,6.6
3lxo,4.82
2avi,15.22
5oxn,1.96
4cst,8.89
5nap,7.95
1akr,9.09
4clb,6.55
4yl0,8.22
6peb,8.57
5ejw,3.3
4p6c,4.0
6nco,4.52
2ozr,9.17
3vf7,9.1
3zq9,6.02
6mo5,9.52
3d8y,3.4
5i2f,6.49
1cil,9.43
6gch,4.7
5zee,2.8
4l09,6.07
4psb,4.64
5mwp,7.5
6nrh,7.26
2oc7,5.85
5yr6,5.34
2jb6,10.96
2cet,8.02
3wnr,6.28
5dkr,5.22
5zu0,5.51
6g9u,6.43
6k4r,5.84
6eaa,6.09
2qa8,6.0
2qi4,10.44
2fzk,3.6
4l6t,7.49
5n6s,8.09
3sl1,3.59
5wf6,7.83
6mxc,5.56
4zxy,6.4
5klp,4.64
1v2m,4.29
4qpd,7.82
3udp,5.22
5q0r,4.57
5hwv,5.07
5ntw,9.22
4ps1,6.66
4aa2,3.97
6a3n,8.06
2jbl,5.89
1pph,5.92
5ml8,8.1
4jnm,8.52
4y2t,3.82
2oax,8.65
4zzx,6.9
3m2u,7.0
5exn,7.64
1rhq,7.75
6mjf,5.16
4u69,4.26
6agg,4.07
4y8c,7.96
1ghz,4.8
4qjo,7.4
4cu1,4.71
4p0n,8.66
5zhl,6.72
6pyc,7.45
6c5f,4.48
6ql2,7.77
4ca4,7.18
4hww,6.65
1xp6,9.4
6t1l,4.77
5tza,9.0
5zw6,8.0
2vur,4.52
2qta,5.76
5egu,5.85
4u0m,5.77
2fr8,3.15
3hxi,6.33
5wa9,6.76
5fl4,7.0
3ogm,7.32
1ec2,10.0
4lbl,4.96
3wci,6.57
2qbs,6.68
2ea2,7.8
1r10,3.83
3s1g,5.19
4nld,7.7
5a7i,5.26
2doo,7.17
3qck,5.24
6avi,5.71
4rfr,6.54
3art,4.43
4rxh,5.91
4x47,2.85
4bo0,6.7
4o76,6.89
2zga,6.32
3rz5,7.89
4yv1,3.08
4k5m,3.71
5x79,4.92
3jqb,6.02
1py2,7.22
6qr3,6.44
1pu7,3.1
4cqf,4.3
6st3,7.03
4x8g,6.0
6dzv,6.4
2cbs,8.22
6gmq,2.3
6hck,4.6
2oei,3.91
3gc4,7.6
6e5l,7.18
6cwi,7.54
6h7f,6.12
5zdc,5.75
4a9c,4.61
4ke1,8.6
4uxj,5.42
5w4v,7.15
1zfq,7.52
3f7b,7.19
5zde,5.75
3sz1,4.66
1wcq,6.26
1lcp,6.64
3rz7,8.96
1ym4,7.41
4e90,8.1
4xsz,5.6
4yb7,3.8
5q0v,7.69
3lzs,10.96
3s68,8.66
5n17,5.32
5c0k,2.92
1uod,3.11
1gwv,2.57
4x9v,7.85
3wc7,8.26
6h8s,4.42
5dtq,3.86
3k7f,7.7
3o9d,10.72
5d3s,5.89
6bg5,6.0
4tim,2.16
5edb,7.0
6cnj,8.11
6af9,5.49
2rkg,8.09
5nu1,9.0
6efk,6.8
4amw,1.55
4c1y,3.6
3zqt,4.41
1a5g,10.15
2bpy,7.4
5wkl,6.15
4lyw,6.63
5ans,5.69
1ezq,9.05
1i33,4.12
6quv,3.0
3ohf,7.03
6md4,6.16
6moa,7.08
2qbu,6.19
6hys,5.59
4lm4,3.04
4zy2,7.22
4x6k,5.31
6eiz,6.22
4y8x,8.43
3d2e,6.42
4i9z,7.74
2j78,6.42
6ncp,5.74
3kaf,6.08
2l8r,3.92
5kat,4.1
5alm,6.53
3uhm,8.44
4xbo,4.59
3c7n,6.7
6n4b,10.01
2qcd,3.4
5b5o,5.72
5ivj,7.34
4gqr,3.96
2ien,9.0
3oot,8.7
2zxg,8.82
3ieo,6.48
3wk8,4.31
3ara,6.49
2bt9,6.19
2p59,7.3
3oe4,7.47
5h1u,3.51
6ps3,9.78
4xt2,7.15
1ela,6.36
6hwz,5.17
2ate,7.07
3wq5,3.85
1jmg,6.07
3fsj,3.95
1m51,4.73
5div,6.85
4fli,5.44
5al4,6.52
6i61,6.24
5nxi,6.66
5etk,5.82
5e2m,7.23
4ago,4.81
4q4s,6.95
3qqs,5.82
3atm,3.06
1a42,9.89
4m6q,8.21
3p55,7.1
5mby,3.51
1str,4.77
6jio,4.55
5ieg,5.74
2ael,6.29
6bsx,3.3
1h2k,2.92
3ga5,5.49
6mo2,6.68
4k42,6.55
5xmv,7.68
6c7i,9.42
4crj,5.96
5hcv,8.7
6iiu,7.96
2r6y,9.49
2ewy,6.15
3i0s,9.0
2yc0,2.82
1lke,7.52
4mrd,3.37
4b5s,3.49
2c92,5.68
6awp,7.16
2gg8,4.6
5jna,7.35
3kqt,5.34
4azc,5.86
5xg4,5.15
5w7x,4.1
3hku,8.3
3el9,8.4
2rok,4.35
2jf4,8.15
2q94,6.43
4m2w,7.28
4lv4,5.0
4aj2,2.38
5d0r,6.37
3iu9,6.62
1p04,7.4
4i73,6.72
6e86,5.09
6qr2,5.49
1hk2,6.77
3jzf,5.3
2xcg,8.05
1hpx,11.26
4ido,4.93
1jn4,4.95
1ec9,3.1
1bcj,3.7
6saf,6.64
3qch,5.48
2bjm,3.7
1h6h,5.3
1dzm,5.41
5w0i,8.85
2xcn,6.92
3haw,6.0
1utz,5.85
5jf7,6.04
3e6y,5.6
4nbn,4.36
4jyu,8.0
1tom,8.3
3uw9,4.56
5o4s,5.47
5hls,7.41
2y6c,5.0
3m37,9.04
6gw4,5.92
4abg,3.57
4osf,5.44
3omm,7.43
3kr8,8.1
4lqg,8.89
1xow,9.28
5gj9,4.99
2or4,5.02
1y6q,11.7
1csr,7.38
1waw,7.89
3g9e,7.72
5vds,3.3
4y63,3.58
3ekx,9.41
1ejn,5.62
3bsc,4.48
4h75,6.6
3v3m,5.32
3sl4,7.57
5l2o,6.12
5zef,1.75
5z5v,6.54
4yik,6.89
4ret,7.59
4uil,7.24
5em3,3.7
4ew3,6.74
4kxn,6.1
6c0r,7.51
5c6v,4.8
1w2x,5.14
6p10,5.22
1sri,6.08
3ouh,7.1
6o1g,9.0
6rsa,4.4
6eqx,10.47
2wd3,7.07
6qe0,4.6
1mx1,4.0
6n96,5.42
3gy4,5.1
1njd,5.57
2o4r,9.4
5kad,4.43
1o36,5.96
1jlr,3.33
6arv,7.34
4cpx,7.77
2ccb,7.45
4rfd,8.05
6cw4,2.82
1ru2,6.49
6c42,8.21
6hky,9.34
4fhi,7.0
2az8,8.22
2q95,5.8
4e3g,4.97
4rgd,3.94
3qs6,4.89
4rcg,5.03
1gww,3.59
5nqe,6.15
1fd7,1.85
4i10,6.77
3rup,1.57
4agn,3.97
6r7k,7.3
4bo1,7.3
3cke,6.1
1bnw,9.08
2buv,4.0
5d9p,3.2
4rrr,4.44
4wkc,12.68
6hu3,6.3
3fu0,2.28
4oty,7.4
3hg1,4.74
3kmy,4.49
6o5a,6.29
5d21,8.38
1pl0,8.22
1bq3,5.4
4b5t,3.33
1gi4,7.19
4jwk,8.32
1o0m,5.15
2bed,8.15
5mnr,5.46
5ald,5.97
4isi,8.14
3q7j,4.52
4er1,6.62
4gj7,6.77
1sqc,6.85
1wdr,2.52
5ymx,6.92
2k2g,8.12
6gfm,5.47
6dn6,8.15
3g72,9.1
1xoq,9.17
6n7z,5.55
3udq,6.0
1o6i,3.19
4ydq,6.52
1w6y,5.36
5u49,6.14
3dc3,8.31
1gwr,6.6
1hbj,8.52
5jy0,5.55
1yda,6.55
5q1h,5.1
1tpz,6.19
5tyr,9.59
5mg2,7.77
5i9i,7.3
6hza,9.3
4yas,3.41
1p4r,8.1
5oh1,4.41
4flj,5.13
5cuu,4.37
3pxe,5.7
6ipj,5.79
5mmg,6.01
3a1e,2.66
5yp5,4.6
1vcj,4.59
4uyf,7.6
2ama,8.0
2avv,9.26
4wri,9.01
2xuz,7.4
5g22,7.0
4p4t,4.39
5lrq,5.8
5mfs,6.48
1ypg,8.0
3f3e,7.7
2w08,3.42
6ezh,7.04
4jvj,7.66
4ciw,4.82
4oz2,3.0
4in9,4.97
3cct,7.56
1o0o,5.1
4uvb,5.49
5ajw,6.98
3mxe,10.01
6qlt,4.04
5lce,8.04
4c6u,4.59
5hjb,5.68
4tyb,1.7
1pvn,9.82
3ibu,9.15
1zxv,6.1
1ow4,5.68
3vqs,7.75
1olu,4.41
5q0e,9.16
2x0y,4.6
3zy5,6.64
5mqe,5.4
5yjp,6.62
5oyd,2.75
6bu1,7.22
5akw,6.39
4gtm,8.04
4gtr,8.3
4k67,3.43
1nq7,6.8
2yme,7.66
4aji,3.55
5diq,5.17
1gt1,6.0
3s2o,5.05
3h0v,4.82
6dgx,11.3
4tt2,4.66
4r4q,5.09
2h1h,4.52
4fpf,4.41
5am1,8.52
4gzw,4.52
5x72,6.33
2dua,4.77
6c3u,5.4
3ce0,6.15
3rzi,5.33
5w8v,8.22
6c5t,6.97
6ht8,6.72
2yhd,4.64
1h46,3.57
2jk9,6.82
1c1u,8.25
4eu0,6.4
5iwg,6.46
6ox0,4.85
4j3m,7.68
1owh,7.4
5q0s,7.21
6m9f,8.22
3juo,5.07
3hy9,7.77
1o3i,7.3
5tzx,7.28
5yf1,3.28
1bdq,6.34
4a6s,5.2
6gxe,8.05
6om8,5.16
2kdh,2.96
4z1s,6.1
3el0,7.47
5npf,4.24
2xhs,6.0
6o68,4.99
4b1j,7.3
3fnm,4.71
1hrn,8.05
2r5a,2.6
3gk2,2.7
3jsw,7.18
6dh7,9.88
4yt6,7.96
3oqf,7.04
6axq,4.0
4ngq,8.8
2ql9,9.03
4d8a,3.42
1a61,8.62
3hw1,3.06
4oym,4.96
4lsj,9.57
5ism,9.15
4lww,7.54
2w70,4.92
2yaz,5.14
4z90,4.66
4pn1,6.17
4nra,4.19
3otf,6.08
1z4n,4.52
6eqm,7.96
2r2l,9.0
3h23,4.71
1m48,5.09
5gvm,6.73
2wd7,4.97
1qbn,5.85
5emj,7.48
4dv8,9.24
4jz1,6.7
1lyx,4.54
5j3s,7.72
3suv,4.55
1xom,7.96
4c1g,5.14
3n2v,7.51
5vqz,6.39
4jt8,7.48
4y3b,4.87
5tyl,7.82
2ces,7.25
6mck,7.92
3mz3,7.83
4bbh,7.1
2h6b,5.39
1sbg,7.74
4mga,5.86
1m21,6.52
4l19,6.1
2xup,12.39
3zrc,5.27
1ikx,8.15
4w9k,6.54
5k1v,5.7
5fl0,6.46
3t0w,7.3
4zz0,7.0
3buf,3.1
3su5,5.58
3b2q,4.55
5eh7,3.48
1lvk,5.92
3o0j,7.19
5a5z,4.08
6qmt,6.92
1qkn,8.47
1dmp,9.55
3fw3,7.37
4zpe,6.35
3rjm,6.61
4l32,6.84
5o9q,5.21
5muc,6.04
4ryl,7.28
4aft,6.47
5zae,6.81
4b1d,7.49
1cgl,6.87
5unf,9.47
2y82,8.4
3uda,5.01
4lkf,5.37
3u6a,6.49
2w78,8.57
5nvw,6.77
1jn2,4.09
1xp1,9.3
2bgn,5.7
6ets,5.64
1pzj,3.49
1uvs,5.4
5xag,5.46
4lxz,6.74
4jpy,4.43
1jld,6.73
2gbi,8.52
8a3h,4.06
2qk5,8.1
4jyc,6.7
2ydv,7.86
2ovx,8.7
5mkz,4.7
4kmz,8.57
6n3x,5.09
4p5e,5.55
5q1g,3.58
4jaz,5.04
4p45,7.8
1ngw,7.68
5o9p,5.09
1r5h,6.74
1ghy,8.1
6b0y,4.19
2ovy,8.4
2p4y,9.0
2pcu,3.04
6m87,8.1
4lh7,4.47
5f5i,6.02
3cj2,4.85
1u1b,7.8
1oba,2.44
5q0i,4.25
5l6j,6.7
2vhq,3.85
3c94,6.87
3q44,6.31
5m7u,8.1
6m88,5.96
5luu,5.06
4kcg,8.3
4ou3,4.41
6mqe,11.29
5dbm,6.46
1pf7,10.14
1icj,2.22
6qaa,7.66
3wab,7.47
6h4r,7.03
6h78,7.33
6oxu,10.02
4zyt,7.77
4dew,7.0
4c1d,5.36
6me1,7.92
4np9,5.03
2gg7,5.76
6oa1,4.59
3sw8,4.5
3su2,7.35
4z2k,5.78
1l8g,6.22
4ya8,6.1
3qi4,3.93
5amg,8.22
4qt0,6.29
3hnb,5.11
5ak5,7.07
5e2n,9.54
6dlj,5.55
5elf,2.34
4z2h,5.08
6nzt,10.2
4q0l,7.7
1q54,5.85
1qin,8.0
2bo4,4.61
5q0l,5.36
2w76,5.0
3t0b,4.3
1c87,4.2
3f7g,7.37
3ske,7.77
3sr4,6.54
1bra,1.82
3t84,6.97
4p72,4.09
4uco,7.0
1j07,7.68
3pfp,6.44
5l44,4.4
2who,7.7
1ugw,3.09
3bxg,4.96
4na8,8.82
1hk5,5.24
5ov9,5.66
2f71,5.6
4w9p,7.8
4mz4,7.89
1azm,6.1
5eng,5.85
1zsr,9.82
4kwg,6.0
4akn,6.1
1nq0,10.32
4u5o,2.42
4y29,6.25
4rxa,5.74
4jp9,7.62
6s5k,7.32
2fqw,6.68
3su4,6.26
5o0s,4.24
6aji,4.53
5e13,4.24
2qyl,6.19
4oiv,5.08
6qrf,4.48
2bvx,8.7
2ioa,5.49
3wgg,4.4
1akt,8.49
5y6e,7.86
1cbr,9.4
5tkt,8.49
4q4o,7.46
4l33,8.15
3vb7,4.31
4b81,4.92
5lp1,9.4
2i19,7.8
2ohr,4.0
4gr8,7.83
6njh,3.69
5g5v,6.7
4b77,5.1
1d8e,6.6
5xpi,5.28
2f8g,8.7
3dd8,7.85
4ycl,8.15
3ehx,7.6
3sbh,7.28
3rxp,2.08
4lq9,4.85
1eby,9.7
5nu5,6.33
4btt,8.84
3cen,8.26
2hvc,8.82
3ok9,11.23
2z7i,7.0
1r5y,6.46
3shv,6.66
5oh7,4.37
4nnr,7.26
2srt,6.64
4ezw,6.0
3sow,5.14
6mo1,6.54
6oz6,7.28
2ra0,7.8
5wi0,3.44
6f8b,5.21
4m7j,6.11
2vxn,5.0
3ary,6.0
2cgr,7.28
6i7a,4.26
6ar2,6.41
3chd,4.92
2j7h,7.19
2j7b,6.62
5jz9,3.57
1ksn,9.4
1npa,8.7
1pwu,5.68
2azm,5.66
5zty,10.12
3n76,6.85
6e7j,9.48
5glu,4.02
4cfl,5.88
5y5n,5.76
6gg8,9.1
4rcp,5.35
4yoi,6.48
4cra,7.22
6f6n,3.02
5mi3,6.84
2xi7,5.14
1ppm,5.8
2ynd,7.49
3qpn,7.77
5kma,4.71
3qw7,5.74
4nrq,3.46
4ux6,5.92
3i02,7.52
3bug,3.18
5sz4,9.7
3ozt,4.13
3t4p,5.19
3fu5,4.12
5k0h,7.09
6o3x,6.25
6dq5,5.19
1fzk,8.4
4ea2,6.44
5l8y,6.4
4na7,9.7
1xbo,6.04
1f8d,3.4
1if7,10.52
5gmi,4.92
2gkl,5.35
3tz4,5.49
1uou,7.7
1mcz,3.0
6cdg,5.72
5z66,6.69
5kv8,4.84
4unp,3.23
2vvc,8.52
6ps6,9.7
7std,10.72
3adv,3.03
2x7s,5.78
1dqx,11.05
3gzn,8.0
1dfo,6.7
5op8,4.18
1ps3,2.28
4p7m,7.41
4awj,2.0
3ine,6.77
1jh1,4.39
4mz6,5.02
3vje,8.01
5tig,4.22
1ec3,9.04
6h9x,9.74
4jsa,4.96
3pd4,4.48
4ha5,7.24
3po6,7.06
4k5l,4.96
3pz1,6.14
2qm9,7.77
2rke,4.08
4fys,4.82
6fns,4.03
1jqd,5.16
4l7h,3.7
2gvf,7.6
5m34,6.82
5f1u,6.4
5t92,7.8
5fov,2.8
3hy7,6.97
3p3h,7.44
2is0,6.7
4ydn,8.64
4uu8,6.54
3ml5,8.52
6ex1,7.31
2gh6,4.95
4iic,4.85
5b5b,9.37
5c7e,5.0
2qi7,10.21
1b8n,10.52
4cpr,7.46
2bqw,8.52
5t4b,9.38
5nee,10.7
3chf,5.37
2hwh,5.7
1jr1,8.22
2hfp,8.52
4w9f,5.49
5nvy,6.12
3lgp,8.7
4lar,4.68
5etm,5.41
5laq,9.2
1ndj,12.16
1b6m,8.4
5hvs,7.15
4mcc,6.25
6hh3,6.24
5t52,9.28
6cvf,6.35
4gj8,3.3
4s3f,6.24
5ngz,2.89
1h37,7.23
4uxh,5.96
1kyn,5.39
3t6y,5.52
5uxn,4.64
6jib,5.8
4omd,9.01
5oht,6.02
3r24,5.25
3l9h,8.1
4x6o,8.72
4cix,4.47
5mqx,5.41
4uc5,5.48
5oxm,1.3
1auj,8.25
4o71,4.74
2gde,8.24
4qsv,2.0
4kii,6.23
3cib,7.85
6ouv,5.55
3g4f,4.52
1qvu,4.46
4ea1,6.44
6gxa,4.22
5uov,10.6
2iko,5.45
4zwy,8.7
1ogz,5.85
5yqo,6.09
3pz3,6.85
1awf,6.01
4av0,6.98
3wke,8.89
5cxa,8.05
6pyb,5.38
4y64,3.1
5q0u,6.76
2vi5,3.96
1ohr,8.7
4o5g,4.3
6drx,9.24
4io8,6.64
6oiq,6.57
2fsv,4.6
1nh0,9.74
5m29,7.4
1jrs,6.4
6ce8,3.41
5yj8,3.98
4k2y,3.33
2ank,7.33
4u7v,5.49
1d4i,8.85
5mi6,7.3
1s19,9.51
2r5p,8.48
5zdf,5.7
2xfj,7.89
1pr1,5.3
6md6,5.1
4ui7,7.36
4agm,3.98
5tg2,5.49
4bvb,4.48
2wzm,5.22
4ge2,6.05
4whr,4.12
5vdu,3.7
6cus,4.89
6phz,3.46
3tct,8.52
1izh,7.7
6hr2,7.0
6prc,4.77
1sqn,9.4
2pj5,7.82
6cn5,7.7
2xpa,5.39
4hxs,5.39
3g6z,9.7
2g97,6.82
1f92,6.19
2oqi,8.49
5wle,5.72
4n9e,7.82
5nar,6.3
4hy5,8.89
3nii,4.23
3d28,5.85
3bb1,3.6
4j44,5.73
6e92,7.46
3lpk,9.1
2zcq,8.82
4oyo,3.52
4non,5.24
3eio,6.65
3clp,3.69
3uwo,6.36
6qpl,7.04
3k3h,7.06
2j2u,7.33
4cpt,7.7
5fe9,4.68
4g2w,8.8
5nwc,6.15
6rfw,6.5
2w87,4.65
5j8z,8.3
2r2m,7.33
4e3f,2.52
2r8q,3.24
1vwf,6.51
3nim,4.75
3tpr,7.7
1add,6.74
5u28,7.17
5fi6,7.52
2rly,3.57
3ipe,6.82
2xct,4.51
2v2q,4.15
1xff,4.82
4hmh,6.21
2mji,4.25
6s55,6.2
6fh6,3.0
5egs,6.01
1pbk,9.05
4nrt,6.0
6i8l,6.41
1lzo,4.54
1w13,8.7
5m4q,3.51
4o78,5.34
4lkd,5.35
1bxr,3.4
3mi3,5.45
6a87,3.15
5fsn,5.77
5l4h,3.75
1wum,5.29
5wys,6.7
5zqr,7.97
6jt3,8.3
1mrx,7.26
1c7e,6.3
1xr9,7.15
5o7e,8.0
6cgt,6.0
5l9h,6.4
6gf9,6.39
5npb,7.09
5wqc,8.96
1u2r,5.41
3ljg,7.73
3n1w,3.3
6fba,4.7
1ljt,5.15
5l8a,4.91
4md6,7.77
4x8v,6.89
4a95,5.76
6gw1,5.14
6eox,6.85
3wff,6.18
5acx,5.05
5gn5,6.98
2xfi,7.82
2d41,6.82
6pk7,4.72
3vzg,1.72
3d67,4.96
2yek,7.21
4pns,4.52
5efa,4.83
5vdv,3.7
1ebg,10.82
4hlg,6.51
5epy,7.4
6k1q,7.46
5kit,7.89
4a51,6.73
2gz2,5.22
6ht1,7.11
6cd8,4.71
6htg,7.17
4heg,8.92
4msl,6.15
5sz9,4.42
3hxc,5.28
5wlv,8.52
6qeg,7.3
4r93,7.8
4nrp,4.59
3eq9,7.39
5fl5,8.19
5xpm,7.64
5cuh,4.62
6e05,4.26
1a9m,6.92
2qzr,7.26
1mfa,5.04
5d6j,4.44
4pzv,5.7
2hkf,6.38
3nu5,8.35
5o87,6.61
4ke0,7.77
4pzx,6.0
1lf9,12.0
4xua,4.59
5joh,5.96
1a85,4.52
5lz7,6.28
6qr0,6.92
3ant,8.07
4tpm,8.62
4cu8,4.47
4hco,4.32
1h1h,5.22
2nsx,7.2
5h21,5.19
1rhr,8.1
5mim,7.34
4jj7,6.4
6ow7,9.0
2vk6,5.3
3mhi,6.7
2h5i,8.89
3t08,3.04
2toh,4.15
4ca7,7.36
1nhx,5.68
3lle,4.97
5hjq,4.72
4gvu,7.52
6t1n,5.46
2hb9,4.82
3o95,8.28
3nwb,7.96
5vqv,6.4
4owo,4.47
1pqc,7.0
2xvn,3.95
4o28,7.54
3wzq,6.23
4ikr,6.23
3hnz,7.72
4u0s,6.8
2bow,4.0
4wkb,11.57
1o2g,6.12
3e5u,5.85
5k0c,5.96
3vf3,5.86
4tz8,3.3
1e00,6.1
2woq,2.88
4npv,7.46
3l58,8.1
5lzg,3.1
2wsx,2.41
6j0o,4.92
5jat,6.64
6qed,7.13
5hn0,3.7
4xtw,9.03
6h9b,5.7
5anv,9.3
2os9,2.24
4wks,2.7
1ssq,6.0
6hcw,6.89
6qrg,5.0
5tvn,9.04
3vjk,9.43
2jke,4.23
5nwd,8.0
5myg,7.51
4jfj,5.68
6h4o,6.89
5j18,9.15
2pix,4.3
4zur,7.17
5tcc,5.66
3ogq,7.52
5ujv,3.6
2xpk,11.3
2n7b,3.55
6bib,5.8
5i3x,8.1
6rz6,8.54
5jg1,8.72
2qnn,7.15
3iqi,4.41
5i23,7.29
4rn6,5.1
1ba8,9.0
6dhu,3.13
1x7a,7.89
1utc,4.55
1o3p,6.66
5v9p,6.14
3h0j,6.49
3rxj,3.06
6bq0,7.34
5k09,6.0
1t5a,4.62
5lkr,5.48
3kej,7.12
2uym,5.51
1v0l,7.55
6oyz,6.73
4j1i,7.4
6qae,8.52
4tkj,6.04
2wj2,8.33
3wcb,7.74
2ima,6.52
5wb6,10.7
2aj8,6.2
5xms,8.14
6fgl,4.62
2fgu,9.18
3n2e,4.96
5igl,7.37
5u7d,9.3
1yyr,6.29
3ckp,6.35
1a5h,6.3
4z7f,7.53
4j3i,5.74
4ui3,6.88
5g4m,3.86
1zp8,8.77
4wko,9.47
1m74,7.0
6h4z,7.64
4hra,10.1
5g43,3.7
2d3u,6.92
3ggc,5.44
1ax0,3.13
2o4j,10.1
1nw4,9.07
5t1w,7.11
6nw3,7.66
4r5x,5.26
3adt,4.55
5nb6,6.3
1czr,9.0
4g90,4.51
2xc0,6.72
6kdx,6.53
3dcs,7.94
6czv,6.64
2nn8,3.59
1nms,6.7
4xsx,5.0
2lyb,4.46
5kv9,5.85
4jfl,4.98
6f8v,4.8
6oe1,8.51
1ogg,5.19
1ida,8.7
1ux7,3.0
5y97,3.6
1tcw,6.02
1k9s,6.52
6dxg,4.85
2wzs,3.85
3t3c,10.23
1s38,5.15
4w97,7.1
2vba,4.6
4aq6,4.8
5a0b,8.3
6mrg,7.55
4d1d,5.74
5fnj,2.29
1m0b,8.82
2zmm,7.6
1ecv,4.85
5nut,7.92
5u6v,7.68
3ahn,7.05
4ob0,5.3
6nmb,2.7
3qs4,4.68
5b1s,3.91
5abf,4.85
1upf,4.6
2wn9,8.52
6hni,4.03
6o57,6.29
3ozj,5.11
3zxr,7.7
4d09,8.77
6gg5,3.65
2hmu,7.7
2zz1,4.54
5i89,7.48
2r2b,4.2
6pvs,8.17
5tp0,5.44
6ap7,5.34
4dst,2.96
6mo9,5.81
5ko5,4.57
5mme,5.85
4mm6,6.69
4z07,7.99
6fv2,4.3
6b5o,8.33
2iu0,6.89
3oe8,8.14
5ewh,3.77
6j3o,5.62
3l4v,6.72
4pm0,7.35
3q0z,7.7
6oyh,6.98
1xxi,5.52
3bzi,5.74
3ly2,8.3
6ps5,8.43
1uwf,6.82
6a6k,7.46
5iub,9.46
3t64,6.7
4m0f,8.77
6qmu,5.32
5b25,10.24
2e27,9.35
4b2i,3.0
1dth,8.22
6aff,5.41
5acw,3.84
6eq5,4.74
4yh4,4.59
1dmt,8.7
5ewk,4.85
2xyr,6.13
966c,7.64
1gyy,3.64
5lyy,4.85
4i0z,6.33
5g3w,7.38
6equ,6.38
1d8m,8.51
4ruu,7.54
1nd5,8.4
4x6n,8.82
5e74,4.41
5etx,6.81
4nw7,6.63
1swn,12.0
3hkn,5.35
5uw5,5.96
3mmf,7.43
2w8y,9.09
1bqn,6.22
6mo7,5.03
1fkg,8.0
5nxv,8.46
2j7d,7.13
4ezz,5.19
5iz9,5.42
3kqp,3.42
5nsx,6.4
4oc3,8.28
1u9e,8.24
2lwi,3.11
6m8q,6.43
1rtl,5.59
6d5h,6.92
1hqg,3.0
1s63,9.05
2o4n,7.82
4hkn,5.96
2xcs,7.85
1o3e,7.96
3di6,7.0
3iqh,4.59
5zhn,8.8
3pju,4.88
4gr3,7.81
1px4,3.23
3hig,7.89
5pzn,7.39
4lxb,8.15
4zl4,7.86
1gnn,5.68
4k2f,7.4
3e4a,8.77
5fsy,5.89
5evz,6.57
3b68,8.4
2jh0,8.7
3kdc,9.28
2kce,6.17
2zu5,7.0
5g1z,5.32
5j6d,8.22
6p3u,7.02
3ny3,4.71
4o74,7.6
4o43,4.3
1nhu,5.66
5d1r,4.84
4q09,8.17
3h0e,8.15
4djh,9.49
1fo3,6.7
6c7b,5.82
3moh,2.84
6n3f,6.1
2fj0,7.66
2yay,6.1
4b6u,5.11
3kqm,3.77
4b83,5.15
1nzq,7.96
5xvq,5.05
2vd4,4.74
3p9t,6.2
6e7r,6.83
4pl4,5.27
4ban,8.61
2f9u,7.39
5uex,8.82
2l98,3.61
3std,11.11
1i8j,4.41
3ryj,7.8
3khj,7.55
2fgv,6.12
5enk,8.1
5fqt,6.8
1i32,5.7
3lhs,9.0
4djw,6.28
1sme,11.22
1rpf,3.99
4qxo,5.51
6mbo,5.95
2yde,3.72
2x91,6.74
2idk,5.54
3m8p,8.68
2sim,3.42
1uw6,7.34
5y13,5.94
3d9o,3.0
3zi0,7.4
4bio,5.12
4ibj,4.33
1x78,7.85
4a4e,3.32
6b5i,5.96
2yfe,6.63
3rm4,5.77
3oku,6.36
1o2s,5.47
2nv7,8.3
4b82,4.39
2nxm,5.19
1d3p,7.39
6c0n,8.37
3l0e,8.0
5wxg,3.86
3ibl,7.84
6d1j,4.25
4q1c,8.7
3kad,5.12
1o37,6.82
4j1h,6.11
1s17,8.3
2ohm,3.51
1iup,2.54
4odq,4.47
3dhk,7.33
5g1a,6.57
3q2h,9.16
6f6u,4.8
1yp9,5.11
5jcb,4.21
4trc,4.52
3ftv,2.93
6nfg,4.11
1ny2,2.76
2vin,3.0
1iih,2.89
6r1a,4.35
2yb0,3.85
5hda,5.13
1p17,2.82
4uxb,7.96
6keb,4.39
3d20,8.3
3lj7,8.34
5n4s,7.26
1eb2,6.01
4u0d,4.31
5khg,4.69
5ekj,6.0
4azi,7.45
3vbd,8.07
5dy7,3.7
1o0d,8.21
3nth,4.32
4gbd,11.32
3ccz,7.29
5zk7,6.71
3wti,5.9
5t4h,8.03
2giu,8.82
1hti,5.13
1nl9,5.96
4d1a,4.72
3dcc,8.96
3ddf,4.66
5e0h,5.62
3wto,6.92
6htn,6.07
2wl4,4.19
5yea,8.3
6h34,9.3
3ge7,8.7
3e81,1.43
6g8i,5.17
6pi7,6.17
4cc6,6.64
3fmz,8.08
3hxb,5.39
2oc1,5.37
4qaa,6.44
5zqu,5.15
6hf5,5.17
3vv8,4.77
2j4q,4.46
3s0d,7.05
5gvk,7.0
1nj5,7.3
2rfy,5.22
3vd9,4.0
6i8y,6.74
3ho2,6.95
4dkt,4.8
4ze6,2.48
4d1b,4.44
3fx6,6.8
6gj5,3.36
4djy,8.27
6a03,5.25
5lxp,6.12
5nwi,6.16
5mgj,4.29
5gn7,6.05
3d4z,4.89
4jnj,9.07
1o2x,5.85
1mai,6.68
4a6v,5.72
4bg6,7.16
5jgq,4.62
6msy,7.0
5f3t,3.68
4fxj,3.62
6t1o,5.59
4gtv,7.42
3t2p,3.6
4uw1,7.72
2iyf,3.75
4a4w,7.72
3avz,7.19
1kfy,5.28
3suw,4.7
3bm8,3.54
6mvu,2.89
2bq7,7.05
2p95,9.37
2v0n,6.3
4mn3,5.75
4imq,5.82
6q7h,7.68
6iph,6.66
1oay,5.92
1ryh,7.56
3lpj,6.92
4pku,4.52
4eej,7.15
3nk8,3.0
4n4v,8.7
4pp3,7.82
5u2e,6.56
1nnu,6.82
6dl9,6.0
6g1u,5.61
3lkz,6.15
6bfp,7.7
6d1a,4.35
4r4t,6.26
6tel,9.96
4oow,5.37
4ayq,7.33
3l4y,7.0
2qwc,3.55
4zro,6.16
4zyx,8.15
4bnz,6.59
3v49,8.02
3ws8,6.68
5kzq,8.28
4lzr,4.7
4kn1,6.84
6qac,8.21
4lm0,3.25
4mvn,5.46
5uac,8.3
3ujd,4.69
5f37,5.77
4k8s,7.44
4eyr,6.63
3vp3,4.95
2w54,6.98
4ekg,8.77
2w6p,6.48
5ief,5.28
6nrf,7.74
5cxi,6.55
3rxg,2.15
2zfp,5.17
3dk1,9.74
2y80,8.05
3kb3,6.82
1c3x,3.68
3bc5,8.3
3dx2,6.82
4rrf,3.62
2we3,4.43
3sv2,4.19
2vew,7.19
3zpr,6.65
3u4i,3.89
6n94,4.7
6qrc,4.89
3caj,8.1
5vdr,3.3
5jyy,8.1
6ppy,4.44
5lgt,6.51
3wv1,11.41
6ibk,3.29
1ndv,5.92
3o9f,12.7
4uhg,6.27
4b7q,9.74
5ayt,6.77
1met,9.4
6h14,7.86
5lj0,8.0
5kqd,6.3
3fh7,7.6
4gqq,2.89
4pvt,6.52
1qon,8.96
4wtu,9.52
4pry,7.7
5dh5,9.64
3fvl,6.07
4alx,7.28
4whl,6.4
6fff,7.3
3udv,5.59
3wtn,7.04
3sgx,5.49
3m1k,5.39
5h1t,3.8
1aq7,6.05
4xty,9.21
1c5q,6.36
5m39,4.62
2f80,8.18
1z3t,3.94
5ads,5.67
6idb,6.4
1c8v,6.33
2z4z,5.73
1nu3,4.0
4i72,9.05
1npv,8.24
2pj1,8.01
1tka,6.1
6oah,5.82
1ca8,9.49
2ow2,8.22
6bqj,6.0
5c28,5.66
5llc,9.52
1q84,11.05
1oth,7.0
5o9h,6.62
6g28,3.64
5ti3,4.36
1bv9,9.96
5iz6,6.64
3oe6,8.09
2zju,5.81
4xhe,10.3
3dx3,6.52
2aqb,3.3
1tkx,7.54
3atp,4.45
4jls,5.66
2ilp,4.82
1nw7,5.09
5jf8,5.85
5mat,6.24
2wva,10.7
6pgo,4.7
6mju,7.56
2iuz,5.55
4avu,7.85
4xtm,4.57
4m1j,9.7
3kac,3.13
3zs0,6.7
1oe8,5.52
5e2w,7.51
1l6m,8.1
1c1v,7.64
2cem,7.92
5o2d,5.68
4ui6,7.06
6ghj,2.16
2ooz,5.15
2d1o,7.7
4yyi,4.19
5zhm,6.14
3cso,5.77
5alg,7.52
2ggx,3.49
4r95,7.85
6dz3,8.89
3f8s,7.89
2p16,10.1
5k03,4.74
6mxd,5.23
5mrp,5.52
2qlj,5.36
1sle,6.17
2p7g,6.53
2h4g,6.52
5e3d,4.02
2o8h,7.6
3gc5,7.26
1q91,4.15
1tkt,6.15
5n69,6.54
4qzs,7.05
5ef7,9.0
6izq,5.5
4ufy,8.15
4eqf,6.81
6as6,4.82
4abe,3.4
2e98,6.23
3w5e,7.96
6oxl,5.52
1gz3,3.7
3upv,5.3
1n7m,5.71
4iqu,6.24
2qi1,7.3
5ljq,9.0
5i7u,8.77
1f1j,8.8
5goe,4.34
4ucu,3.35
2bfr,5.25
2wqp,5.51
3qce,5.6
4do3,4.1
4fse,7.4
2g5u,8.49
1v2o,4.73
4nue,6.82
4ezo,6.52
3wcg,6.85
5dah,5.3
5ovi,7.68
5lla,7.72
1lf2,7.52
1qy1,6.52
3gnw,9.1
4kp0,8.65
6i8t,5.75
2ddf,7.39
3hpt,8.19
4l7l,6.0
4i9c,5.51
2epn,7.22
5y8w,6.64
5lz2,3.0
4yhm,9.76
3fur,8.0
4l2x,7.41
1zs0,6.15
3is9,6.42
4k4j,6.12
6ugz,7.72
5lu2,5.2
4nxs,7.37
4emf,7.08
4n9b,5.28
3nu3,9.82
5e2k,8.03
6fc6,5.25
3gbe,5.0
3td4,5.66
4uff,7.96
2eg7,5.89
2j4i,9.0
4p0x,5.92
2c9b,5.54
2o4s,10.51
4hws,9.1
5nwe,4.88
6oio,6.54
1dx6,6.19
3o84,7.24
3lzz,3.84
4o4g,8.05
4x6y,7.72
4ruz,7.64
3p8p,4.55
1p03,8.19
2nng,5.36
1g3c,5.8
3tib,6.89
6g6x,4.88
2wcg,6.38
4uiw,7.3
4wet,3.35
6iji,9.36
3i7i,6.21
4yuw,5.77
5n3v,4.34
3kec,7.24
1pwp,6.3
5t2p,5.72
4itp,7.27
3k4q,5.34
4zwx,8.7
4n7u,6.29
2o4l,9.22
2op9,5.66
4zyz,7.17
6fmn,5.95
1a28,8.29
5lz8,6.01
5am3,8.3
4omj,5.26
4h3i,8.52
4fp1,4.57
1ce5,4.74
5u5l,4.85
6o4w,8.47
3igp,7.02
1ypj,7.02
4zyq,8.01
5c87,3.7
1yhm,3.83
3fuj,3.63
5fdz,5.17
1h35,7.54
5eh8,3.1
3bho,5.61
1fcy,8.52
2ogz,7.08
3sb0,5.26
3aza,5.13
2r03,5.15
5aoj,4.68
2zx6,10.6
1w1p,2.3
2v10,9.4
1fwv,3.72
6rih,3.98
1bmq,7.42
1hv5,8.3
6cwn,6.65
4flk,5.25
3jup,5.58
2p9a,5.18
6cb5,5.37
5kly,7.21
4k63,4.22
3h91,3.73
4kax,4.77
6m8e,4.85
4qjp,8.6
5upj,7.12
6psb,4.1
3fnu,6.16
5f6d,2.52
2r5q,8.57
6gxb,7.46
4msa,3.3
4k3n,7.96
2i4u,11.57
3p8e,5.15
5ef8,8.85
4ijq,7.52
3f8f,6.63
1oyq,6.96
2bqv,8.05
4uv9,6.01
4btw,7.15
3sue,9.08
5i8p,6.73
4nie,7.7
1wur,6.66
4rt0,5.5
6hgr,3.46
5tdb,5.84
4q1d,7.78
3oc0,6.28
6hov,3.3
1jp5,9.22
4zh2,5.0
5ye9,6.45
3k2f,7.2
6cpa,11.52
5n0e,8.44
4pkt,4.83
3igb,4.42
1uwb,8.34
5yji,5.3
5n2d,8.22
6h4a,7.38
3i6c,4.92
4lkq,3.35
1af2,3.1
3cyw,7.77
5v3o,7.22
5tyo,8.21
4kzu,6.5
4qij,5.54
3rv6,4.68
4i9r,6.95
3nsn,7.19
6i74,5.47
3kry,10.0
6eum,6.52
3l7g,3.3
6mji,7.29
6dil,8.12
1ru1,4.74
1re1,5.21
1lqf,8.3
5ale,5.95
3t1l,3.26
1i9q,8.41
6fsd,4.24
6axj,5.0
2khh,6.56
6cse,5.6
2fl6,7.42
2izx,9.4
2qzk,7.57
3lxg,8.14
5hk9,6.54
5fou,3.95
5kls,6.71
4w9d,4.99
3sxu,5.05
4djo,11.52
1dzk,6.1
1xge,4.68
1fzm,7.7
1r6g,9.21
1o5g,4.96
3vw9,7.96
3fed,7.46
3cz1,7.26
3oik,6.17
1xp9,8.89
4dhq,4.49
4lnb,6.56
3uef,4.68
1rql,2.75
3rti,7.37
3ldp,5.62
6dyw,10.44
3l1n,5.63
5ybi,3.49
4c72,5.09
3hq5,7.8
4qab,9.7
5nrf,6.79
2zsc,7.06
4nal,5.66
1i9l,8.48
6afg,4.86
5c42,8.72
2pjc,8.72
2vpg,5.68
4h85,5.15
4rhx,5.8
1e6s,3.22
1kak,4.59
1eix,11.06
1lan,7.22
5i3w,9.22
1d4p,6.3
3n2c,5.12
5jf4,7.19
4bi7,4.58
1nj1,7.6
3kdu,6.46
4rlu,4.82
3qi1,7.66
2w3i,10.0
4v1f,7.7
2x4r,4.77
3zns,7.41
6qlo,5.06
4l2g,6.68
5k0b,6.05
1f8a,5.0
6f8u,6.1
3brn,8.7
4xtv,9.27
7prc,5.21
4ks3,6.37
4q8x,3.57
3rx5,6.27
2p93,8.82
1hbv,6.37
6r4s,6.39
6g46,3.73
2bmz,3.7
1ttm,7.35
2hf8,5.47
4bh3,1.92
1bv7,10.3
6dvo,7.22
6nzv,10.17
5elw,7.85
5v7t,6.21
2r0z,5.47
4nhx,5.72
1yyy,5.09
4kzl,6.15
3m3e,4.43
6dh5,11.3
4z6h,6.21
5ovr,4.57
3wkb,4.21
1ta6,9.13
3me9,6.3
3kme,6.14
3wk9,4.15
4wyz,4.3
3m6r,7.49
3bgb,6.05
3lzv,10.59
3h98,8.3
3pkc,6.02
6hro,7.3
4p74,5.0
1mzc,10.22
6d4u,5.7
2vo4,4.94
4gah,6.1
5u4b,5.74
5eje,5.6
4iut,5.72
1ylv,2.7
2gd8,7.41
2f9b,6.52
4pp5,7.74
1q6n,7.64
5c7n,6.57
6ft4,6.63
2aou,7.73
4olc,6.19
4c1c,4.97
3d1x,8.66
3kr0,4.7
3wd2,6.24
1n7i,6.59
6dxx,6.64
2aeb,8.3
6hdq,7.0
3dx4,7.12
4uce,3.17
2xog,3.43
4ek9,4.42
1b6l,8.3
6cwf,7.54
5eci,3.8
6fpu,6.49
2std,9.85
5mqt,5.7
1uys,3.6
2jh5,6.44
4bds,7.6
1ihy,3.74
1qbo,7.74
3ia6,8.52
6rtw,6.43
1z6e,9.72
3drs,9.3
4hlc,6.76
3ips,7.19
5lne,4.76
1d7i,3.6
4pqa,5.55
1o0h,5.92
4xu1,9.49
3vw7,8.1
5zqq,7.66
2qrl,4.0
2fah,1.3
4o12,8.7
2bu5,7.78
3cj4,6.51
5nt4,7.77
6r11,4.92
4ojq,3.3
6rpg,8.52
2b2v,4.77
2xwy,5.22
5wyq,4.84
3aqa,4.55
5ohy,5.17
1f7b,4.6
5c4t,7.66
5duc,6.35
4b14,6.22
3bc4,5.35
2v00,3.66
2fes,9.01
6i0x,6.07
3gdt,7.19
2oxn,7.44
6aps,6.66
2clk,3.79
3tne,5.72
4acf,5.8
1w7x,8.4
5ai8,3.9
4fs3,7.85
5tkj,8.15
5alr,7.07
6b5q,8.24
4htx,8.33
5lzj,3.9
2qtg,5.08
4ngn,7.55
4z1j,8.11
1n46,10.52
5hn7,3.92
3alt,2.92
3hmv,7.3
1g30,6.85
3g0b,8.15
2avs,7.57
3g4g,9.04
3gjs,4.99
3mi2,7.77
6dug,8.27
4ryd,11.26
2oz7,7.85
5kax,6.11
6ai9,6.74
2r43,6.0
3atv,5.34
3ekw,7.96
5e80,8.3
4mm5,7.74
6apz,6.82
1y3y,5.64
4tw7,7.59
2pwr,6.59
4ob2,6.3
1g2m,7.4
6h4x,6.88
5kcb,6.0
4e96,6.66
6ffh,6.34
5oh2,4.24
3hzm,5.52
4n7j,5.47
3msl,5.15
1ppk,7.66
1p02,7.17
3vjc,7.72
6dhc,7.96
1y2k,7.68
2bge,2.8
1ws5,3.03
1cr6,8.51
5g2g,6.05
2g24,5.4
1w70,3.7
4iu0,5.89
4lh6,4.11
5nqr,7.15
5aol,2.32
4dht,4.82
2y7z,8.7
3wzn,7.0
1a8t,5.8
1rdi,2.06
2ff1,8.21
2i47,8.66
2fs8,7.6
1tkc,4.85
3adu,4.14
4rsk,4.32
1tft,8.3
1ml1,4.28
1rbp,6.72
5eth,7.25
3gws,10.09
3p50,4.62
4mss,6.4
5ti4,4.59
3jvk,3.93
6nsv,7.8
5n1r,7.95
5mpn,7.07
2v58,9.09
4ufi,6.2
6pia,4.96
4zwz,8.7
3ewc,7.7
3dxk,6.33
3otq,7.39
4emt,5.3
1y0l,9.0
3d9m,3.48
3l5c,5.15
6cd5,6.81
1n2v,4.08
1ad8,6.6
6g29,4.33
3k3e,7.66
4yat,5.03
1nfw,8.96
4yab,5.07
4r06,6.29
2xwd,6.96
3wqm,6.25
2bve,3.67
4p4f,6.77
5ual,3.58
6g07,4.57
2hah,8.0
3jdw,3.6
6g24,2.77
4b05,7.58
6csq,6.39
2ewp,7.1
4lp9,6.21
3vb5,5.34
5svk,8.48
1qbv,5.39
4qev,7.66
1rev,7.48
1ezf,7.25
2piy,7.7
1ga8,1.8
2vj9,6.74
6b2c,7.03
4avw,7.62
6eeb,5.3
3hqy,7.94
2zdm,6.41
1sm3,4.62
3d7d,7.85
3u4r,7.41
4gql,9.59
5afn,4.47
2fjn,7.41
5ak2,8.41
6ipi,5.71
6aqf,8.67
1ft7,5.18
4p1r,8.39
5ofi,4.2
6f92,6.4
4x2s,6.55
4ob1,6.3
4b2d,3.7
6oe3,8.32
4aro,6.8
5tt3,6.71
6gwe,7.38
3uzc,9.61
3acx,5.7
5v84,6.7
2w6c,8.41
6g5l,7.62
1aj7,3.87
1rti,4.77
6bh2,5.62
6boy,5.74
2i5j,6.3
1bm6,7.89
2q93,6.25
3d7b,3.69
1tkz,6.62
5y8y,7.09
2hr6,4.82
4pvo,6.31
4l1u,5.26
1b6j,7.92
3oim,6.74
3qw8,5.1
3nal,8.1
2weh,5.95
4wr7,11.7
2e9c,5.96
1lzq,8.39
2zdk,6.37
1o2t,7.85
6g8q,4.72
5o48,4.7
1slg,3.9
5wp5,5.34
4rt1,6.14
6qr1,5.07
6t1i,5.26
6cms,5.82
1o3h,7.3
4ovz,6.31
1no9,7.62
3fh5,7.06
2pj3,8.18
5dhh,9.18
5abh,8.77
2azr,3.64
4xoc,8.52
4cpq,7.74
2rcn,6.0
1c4y,7.92
1ppc,6.16
6rmm,4.69
3b3s,2.55
2j79,5.96
1dud,4.82
4rdn,5.92
1bap,6.85
6oxy,9.55
3cf8,4.9
4ibg,3.97
1yw7,5.85
1oyt,7.24
4igq,4.52
6g4n,5.64
4c8r,6.82
2w8g,6.0
2qw1,3.9
4iaw,9.63
5uwk,8.64
5drt,5.36
4msk,7.2
4lj5,6.29
6qha,5.3
4zij,3.25
4umc,3.44
3qfy,6.12
4oc5,7.07
6f8x,4.77
6qlp,5.28
5yov,7.68
5jv1,6.07
4mlx,3.19
3v5g,7.13
4hf4,8.62
5eef,8.32
1rhk,9.11
5a8x,8.19
3ejr,8.57
5fi2,7.15
6eed,6.09
4aml,2.1
1sc8,7.44
4dfw,7.85
1a52,9.86
6fzm,6.04
2fdd,8.32
5lh4,6.96
1bl4,8.74
5ygi,7.05
6c85,3.9
1a0t,1.3
4fcm,3.94
5z1c,2.86
3s9y,6.44
2vrj,6.3
2f6j,5.57
3qaa,11.54
1n95,8.92
5l8n,4.51
5xjm,9.37
1ch8,7.0
5iok,5.02
1ekb,6.0
1o5m,8.72
2qx0,6.11
6djc,6.63
1o3b,7.13
6g2l,7.17
4pv7,6.63
5akj,5.86
3c8a,6.18
3pdq,6.74
5uv5,7.7
3ekq,6.75
4z2l,5.85
6a06,8.47
6f5l,9.19
1cnx,7.37
2ya8,5.75
6uwv,8.0
3lc3,5.23
3k05,4.85
5fni,3.48
2k1q,6.22
4cku,6.82
6fu1,5.36
5g53,6.37
6hgs,3.77
6dk1,7.65
1z4o,4.52
6eu6,4.39
5v6u,2.26
3ska,7.49
6nwl,7.37
6j3p,6.98
1ule,5.92
6mja,7.85
4jfi,4.74
1lpg,7.09
5k51,4.8
1qkt,9.04
3m3o,3.6
5fiv,7.66
4bxk,7.95
4alg,6.3
2qcg,4.0
5f01,6.38
4azb,7.24
6ajv,5.04
1ld7,8.96
6me3,9.38
5u48,6.33
3slz,6.99
1dzj,5.89
4yrs,3.07
2fkf,2.92
3hu2,7.22
3gur,8.0
1szd,4.54
4ngm,10.35
6maj,7.47
1o5e,5.74
1o33,5.74
4nzn,6.38
4yrr,2.7
3lgl,6.05
3ex2,3.7
1fhd,6.82
3veu,7.26
4h2m,5.21
5qtt,8.47
3f19,7.19
2wor,3.9
4ayw,4.0
6ar9,5.18
1o3c,7.13
1j5i,3.64
2ybp,4.62
5vr8,6.87
1tr7,6.82
4bf1,8.62
5aki,6.12
6t1m,5.21
4xkb,6.1
4zh4,4.22
1h36,7.74
4eo6,8.7
1nju,7.3
5aen,7.22
3s75,6.82
3ayd,4.19
6f5m,6.3
2f89,6.48
1uk1,7.22
5jal,2.47
4q1f,8.04
4gpk,7.52
2xd9,6.46
1fd0,8.4
4mm9,5.68
3w54,9.7
5ty1,5.21
3aav,6.62
3vhu,7.31
5drc,5.98
4hzw,8.88
5vdw,3.7
6cj1,5.27
5zjf,4.54
6bqh,9.8
2mlm,5.21
1hqf,5.0
3ril,3.84
2ha5,4.34
5a69,8.96
2nwl,8.7
5abp,6.64
1gpn,6.48
5nai,6.1
3kjf,4.87
1e6q,3.15
2avo,8.85
5m6m,7.36
4hyb,6.46
4oyi,4.72
4fxq,5.77
6m9d,7.35
2yk1,8.13
1c5n,4.7
1ype,8.1
5wi1,5.0
2c94,6.82
3exh,4.88
4bqs,4.21
5g1n,7.77
4pyn,4.52
3uxl,5.57
4jzd,8.3
5ckr,7.76
2g19,5.85
4b34,3.14
6os6,5.96
5aqz,5.48
5u0w,4.24
6fgg,4.77
5edu,8.66
5kns,6.12
3sv6,7.46
5igm,7.38
4r76,7.85
5a5v,7.48
1xug,7.05
3nil,3.46
5y0x,5.11
2buc,7.0
1eve,8.24
3cr5,4.19
2bdy,7.77
3g3n,6.29
2jb5,9.22
1dg9,2.74
3vyf,8.8
2qtb,8.32
4qnb,6.59
4bw3,6.3
4yuz,5.04
3eyu,7.62
4l7o,4.88
3pd3,4.44
6poq,2.57
5jcj,4.42
4l51,3.0
4fcd,9.55
6cdo,8.97
7kme,4.4
4yo8,10.52
2hoc,9.52
2i4v,11.2
6dh1,10.58
2a2x,7.69
4j0y,6.36
4hki,6.85
4z0k,6.34
5upz,9.2
2qt9,8.64
2q63,7.18
5edc,7.66
5u00,8.7
3rxa,2.85
2za5,8.43
4xxh,5.0
4uma,5.41
4j9a,8.22
4f3k,10.16
4odp,4.77
4btl,5.6
4ocx,11.44
5fe6,2.16
4o44,7.85
5c85,3.98
2w67,4.96
3wyl,8.85
3c49,7.15
3met,6.0
3hyf,5.92
2wvz,4.02
2j7w,6.66
4att,6.98
4ad3,4.62
5du4,5.25
5uz0,7.8
4b7j,7.95
3jqf,4.46
1u32,7.01
2pwd,4.4
3pn4,6.85
6n17,3.0
5ovh,6.55
2ieo,8.49
5jf6,7.21
1txr,7.74
1hxw,10.82
5tci,6.88
6czd,3.85
6ajx,5.04
3b82,4.43
5ijr,3.2
5uig,7.95
6ge7,6.06
2qpj,6.35
1gi7,4.51
5c4u,8.72
1d9i,9.11
3ti8,9.05
4d9p,3.84
4kw6,3.43
1z2b,6.4
4uns,6.7
4ih6,4.74
4q90,2.15
1gar,10.0
4j28,5.7
2fdp,7.59
5zla,4.3
5boy,5.6
5xmr,7.61
4prg,7.15
6pvy,3.19
4eb8,9.82
5aqk,3.65
6hq7,6.11
6imi,4.58
4dhp,4.44
2aog,6.28
6ary,7.6
1p10,6.7
1b6k,8.74
6oa3,6.4
4c6x,3.76
8abp,8.0
2cm7,6.68
2iqg,8.3
6g0v,3.78
3gta,4.28
5v86,7.1
2hm1,8.7
6mil,5.41
1kdk,9.05
5mpk,8.52
5eqq,8.17
2kmx,4.08
1apw,8.0
6cve,6.8
2pu0,7.82
1lnm,8.7
5ei4,4.58
4g1f,7.77
2j87,4.85
3fuf,2.7
2gyi,7.0
2dxs,7.34
6e3s,6.78
1fdq,7.27
5umx,5.96
2nt7,6.52
2z4o,9.57
4oyb,5.8
3od0,7.92
3ekt,10.59
4e81,5.24
4d8c,8.7
5eiw,2.05
6ny0,5.4
2wf3,7.72
2nta,4.8
6bfw,6.66
5un9,7.68
4b3b,3.6
3zcw,6.19
4twy,3.97
2v2h,3.77
1vzq,7.44
2zxd,5.22
5fwr,7.75
4aig,6.52
3jq9,6.4
5l87,5.07
2vb8,4.6
1f4f,4.62
5t4f,8.0
5e2l,4.03
1q1g,8.57
2zft,6.52
1bnu,9.7
3wkc,3.71
4rac,7.52
2vd7,5.38
2np9,5.57
5knt,4.43
4zz2,8.04
3wc5,8.7
1ecq,3.0
6r1c,4.92
6qzh,8.52
3p8n,9.28
5aqq,3.1
3kgu,5.92
2cmf,7.55
3g1v,3.19
5jiq,5.4
5jy3,7.92
5zxi,9.15
4riv,7.0
5twx,7.52
5jnc,5.48
1iig,1.57
2uuo,3.77
4zsm,2.4
5ivc,5.92
1fl6,7.43
4llk,3.0
4bt9,3.84
5ost,4.56
1gu3,4.32
1sr7,10.1
4w9e,5.15
3sgt,3.82
5l4f,5.89
4m7b,6.7
5lpj,5.0
3vrw,9.39
4umb,4.0
6ayq,8.19
5f3e,6.86
5ugd,6.62
5zaj,7.38
3cid,8.3
2vo5,4.89
3s54,9.64
3vf5,9.34
4ba3,5.54
3sap,7.59
1xor,6.41
3d91,9.15
4drk,5.08
1h22,9.1
2jbu,3.4
1gj8,6.96
2tsr,7.54
3e8u,9.42
5hu0,6.23
5f1l,7.68
6g2r,9.46
2ha7,3.36
1g3m,10.0
2ybs,4.59
1vcu,3.85
1ajx,7.91
2a4r,7.82
5ful,4.74
2x09,3.76
1k6p,7.36
1tuf,4.05
4wyp,3.36
5xkm,7.62
5h4j,6.89
1rww,8.3
5hjd,5.24
3sn7,9.15
6j1l,6.42
3pwh,8.72
4kmd,5.41
4uru,2.22
3vjt,5.39
5isl,7.28
4bf6,8.35
3gyn,7.21
5ak4,4.23
3osi,5.22
5ykp,7.05
2h4k,5.49
1gzc,3.49
3zdh,7.35
2q80,4.6
5u4g,6.1
6aan,2.75
4c68,6.17
2asu,9.0
4jyt,7.4
6hth,7.12
5uln,7.85
6gnr,5.44
2j7g,7.0
4cft,4.95
1bn4,9.31
4mwu,8.49
5jsg,4.85
6bo6,7.1
2ow6,2.7
3axz,3.43
4qsx,1.74
4b95,4.28
3aau,5.05
2xdw,8.37
1yz3,8.81
1sre,3.85
3uew,6.31
2ya6,5.7
5er1,6.02
5exm,8.2
2iv9,4.34
6ayr,8.39
5bw4,4.17
6h13,7.23
6dh0,10.59
4u01,8.46
3saz,6.1
2pja,8.66
5jau,8.85
4mse,6.16
4u68,4.31
3t6r,5.66
2qtu,9.28
4oue,3.3
5lgs,7.06
5cfb,7.28
5z95,6.55
4lgu,8.68
1g45,8.64
4ngp,7.96
2qdt,5.19
2xj7,6.66
5hk1,8.37
2xsb,4.96
6en6,7.94
1u65,7.58
6duf,8.14
6e5t,6.55
3chq,7.7
5o07,7.47
2v3d,3.94
3v66,8.89
2z3h,4.64
3f16,8.23
4nyj,3.49
2ath,6.82
1c4v,10.8
1axs,7.77
1mui,11.89
1fpc,7.0
2b8v,7.01
1p7m,4.38
3uo9,7.1
3iqg,4.6
4n9d,7.72
6qls,5.35
5nve,7.46
1p57,4.4
4bqt,5.79
5h9s,4.06
1t7j,8.7
3oz1,8.7
3mmr,4.96
1hvy,6.54
1k6c,7.48
6hpw,6.09
4bks,3.82
6suo,9.4
5trk,5.21
1j17,5.22
3bgl,8.35
5j7q,4.58
4mhy,6.47
1gsf,5.0
3s56,9.62
1nu1,7.19
2uyq,5.68
2x4o,4.77
6qr9,6.72
5ovf,6.85
1gjd,5.22
3mdz,9.1
4pyx,6.14
6dyu,10.26
6nfn,7.7
6hh5,4.27
1gzg,3.05
2xej,8.87
6o3y,4.42
6oi9,7.19
3udk,4.49
1y2d,5.7
4qjm,8.17
2gg3,6.24
3i91,3.3
1stp,13.4
6im4,7.4
2gbg,7.25
1e55,4.12
3zv7,5.92
5e2v,6.08
4wi1,5.3
6g27,3.14
1t7f,5.74
3dnj,6.82
1o6r,7.1
5jfr,8.3
5ka7,4.35
4oc6,7.07
5zo8,8.2
2br6,2.96
6hm4,5.67
1syo,9.0
5ur5,7.14
3mna,7.39
5nme,7.09
2opb,8.74
1lqd,8.05
3nox,8.66
1ie9,10.19
4c66,4.1
3dux,7.0
1w1y,2.62
1uwt,5.97
4bw1,5.9
6dj1,10.51
4s3e,6.11
4auy,7.74
3pa8,5.75
3chc,4.09
4flp,6.72
5he5,6.47
1heg,7.74
3peq,7.5
1kc7,5.52
6h52,7.17
2y5h,5.79
2jbj,9.7
3uvx,4.34
5jan,3.01
3zn1,4.54
4dho,3.93
1z1r,9.22
2pj0,8.09
2c80,5.33
3gi4,10.8
1km3,4.91
4z1e,8.24
4ge1,6.43
4nrl,8.62
4ye3,8.37
5a3n,7.72
1zp5,2.92
1loq,3.7
3n87,4.96
4o61,4.3
3at1,3.18
3daz,7.93
3o9a,10.7
2nn1,5.82
5kos,8.82
4hby,5.36
5cls,6.66
2y54,4.7
4xii,6.6
2x7t,6.63
3u7s,8.43
5q15,8.05
2v7d,6.59
1c12,8.72
4hwt,4.3
4wke,8.1
6ak5,6.12
5y12,6.23
4ogi,7.43
5ntp,9.15
2x7d,6.7
5uwf,7.23
6qhb,6.3
5tus,4.43
1lt5,2.7
6msc,7.68
3neg,5.94
5oa2,5.01
2rox,4.98
2oaz,8.7
3lpr,5.96
4kc1,2.91
3hvh,8.52
5zwe,8.96
6n5g,7.0
5hz8,6.4
3qiz,5.21
4uvu,5.92
6cw8,6.57
4u6c,5.0
4r6w,5.27
1mmr,5.4
6alz,10.42
1fq4,6.4
6dh4,11.3
4azp,5.9
2hd1,3.3
3p3r,7.25
1tow,6.24
5fh6,5.92
1uwu,5.98
5vqr,5.92
4dhu,5.3
3vws,3.65
5mte,6.78
4f7v,5.38
6d1d,4.47
1usn,7.74
6ee6,6.67
1lor,11.06
1nki,6.7
2evc,6.54
4cps,8.27
2qzl,8.1
2f14,9.19
2vfz,3.61
6oy1,10.24
4i54,6.96
6cf5,1.7
2cnh,7.23
6c4u,6.1
5f74,5.12
6i5g,4.89
4m8h,7.6
4ci1,6.6
3ck7,4.05
4f2w,11.3
2f6z,5.32
1d3d,9.09
5eto,5.57
1bnm,10.0
1elc,6.66
1e72,3.22
4l31,6.79
4mwv,9.4
3g6m,1.71
6uvv,5.18
3wkd,3.77
5nvc,6.19
2hd6,7.8
1t5f,4.22
6rk4,4.01
4zjr,7.54
4az6,9.1
4tki,6.38
5lso,5.85
4ntj,7.36
4wn5,7.41
2y6d,7.1
2vip,5.28
4dhl,4.48
5pzm,5.96
6d4a,3.93
3ka2,6.62
4j3j,7.51
4l02,7.7
4mc2,8.19
5gn9,7.05
3cft,4.19
6jjn,4.11
4k10,6.92
6cct,4.14
4dk7,7.7
6bqd,6.39
5uy8,8.3
1b56,6.1
4ish,8.72
4r3w,3.0
4e3d,2.3
2qwg,3.64
4rak,7.85
3wk7,3.9
2aie,5.66
5xpl,7.7
2phb,9.49
6cdc,5.6
2yof,4.6
3voz,6.85
3n2p,7.82
4dus,8.3
2i4p,5.7
5n58,6.1
2y77,6.6
2xtn,7.4
1mmq,7.52
4ktc,9.0
1nli,3.59
4omk,4.4
1trd,5.4
4tqn,6.11
3so9,8.56
3t85,7.95
5zah,7.28
3kv2,7.32
4ps0,4.04
2w6n,6.9
5enm,7.15
5bot,4.41
5ejv,6.69
4yxo,7.04
4cq0,5.09
4tk4,5.1
1ajq,4.31
4xtz,9.82
4wsk,6.43
5dyw,8.31
5nr8,6.76
4nxu,5.54
2wca,5.6
5zni,4.39
2v5x,6.66
4oeg,5.05
2isv,7.43
6i67,6.7
4o2e,8.0
2zx9,10.27
3ckr,5.3
3h26,4.49
3sv9,5.0
6ql3,7.0
3dv5,7.66
5cte,7.8
4kiu,3.85
1v79,7.89
6hmt,7.04
6dgo,5.47
4ch8,5.99
1btn,4.4
6rj2,7.0
4lkt,5.9
3d3p,8.5
3gy7,4.52
2ha4,2.7
5sz3,8.6
6otg,7.5
4oct,5.05
1bji,8.7
5nzq,2.03
2e7f,6.1
4jss,3.3
3m96,7.22
5mno,3.84
3qps,5.6
2q6c,7.78
4iax,9.56
2i4x,11.72
6dyo,4.49
5b5f,5.25
4jyv,7.77
4zzd,6.6
1r0x,3.83
1qw7,3.6
1o2p,4.85
4lts,8.36
5nea,10.3
3r17,6.41
4hv7,3.52
4bg1,6.31
5nba,7.3
2qd6,8.68
5m5d,3.95
5l8t,3.55
4g0a,7.6
1zz1,6.02
2az9,7.66
5j5r,6.89
3ftz,2.7
6j10,6.35
3s6t,7.35
4giu,5.33
5ufo,7.43
6j8r,6.12
3dz2,4.15
2a3x,6.92
4c1m,7.8
1oxq,6.3
3ipu,7.32
6cvx,7.68
1wm1,6.3
3djx,2.81
2yhw,5.6
4pio,5.7
4u82,5.72
5g6u,6.66
1tkb,8.0
4q7v,3.59
5eni,2.3
4kbi,7.49
3vp2,5.1
1owi,7.55
2iit,8.59
3k4d,5.11
2vvt,5.24
5alo,6.13
4yx4,5.97
2wl0,7.8
4oc2,8.28
2oc9,7.96
3vjs,6.19
1o39,7.13
2z52,5.57
4jjq,5.03
4rxd,6.52
4b35,2.89
4l0s,6.84
1hww,7.7
4zzy,5.6
4a9m,6.3
4gye,6.85
4z93,7.35
4llx,2.89
1epo,7.96
5edi,9.52
3br9,7.21
6bg3,4.92
4f5y,5.43
4pvy,6.71
3ukr,4.92
1y2g,4.08
1utp,1.44
6eq3,6.15
1adl,5.36
4ezq,5.2
3mfv,2.52
4omc,10.78
1kwq,9.21
5j0d,6.87
4r6t,7.52
5aqv,3.43
1fq7,5.43
6eeo,6.43
2yoj,8.3
5d1n,5.57
5ehe,8.32
2f10,3.48
4pd6,4.44
2qmf,8.52
4abu,6.28
4wsj,7.33
1u6q,5.88
2bcd,10.22
2vt3,4.15
3eml,8.74
2ieh,6.96
4lke,5.37
2c1q,13.0
1x38,8.77
6e3z,7.76
5ecv,6.77
2xe4,7.16
6m8a,5.26
1b55,7.4
6jtc,5.07
6pvw,6.32
2w92,4.55
5evd,5.0
5ocj,4.82
4nhy,5.64
3r5t,8.58
2dw7,4.7
1q4x,9.48
1tng,2.93
2azb,7.19
3ozr,5.15
2jjr,8.2
1jvu,5.15
3rxh,1.8
1biw,6.98
5edl,8.35
5f2r,4.28
5czm,8.32
3n2u,7.84
3qi3,3.78
3pbb,7.02
3t70,6.3
4j46,5.28
6bbs,9.89
4ibb,3.57
1v2u,3.37
1awh,6.08
6uvy,6.0
5y48,5.85
1rpa,6.0
4y6m,7.15
6dj7,8.72
4y4j,2.47
2xyf,8.44
2fm5,7.37
2w71,6.48
3f18,7.4
4tk5,7.49
2wc3,6.08
2cbr,6.85
5fwj,7.89
4bdt,8.96
2xah,3.55
6n3z,6.59
5jmx,5.09
4rse,6.4
1g3f,6.37
3rv3,2.0
4xpj,5.09
3bpc,4.8
4oz3,4.55
4fk7,5.24
3l2y,4.49
4lk6,5.2
6efj,3.32
5mnx,2.48
4dxj,7.42
4j09,4.77
6fyz,7.41
4mr4,5.94
2qe2,7.77
4ncn,5.67
2zmj,7.52
1v0n,7.55
4m5j,4.84
4rab,7.4
6n5h,6.45
2oyk,5.3
2fm2,8.15
3mv0,3.85
4uiu,7.9
5eb2,1.11
1a50,6.7
1a2c,6.3
6h4t,7.0
6ftz,3.0
5hg1,5.2
1ai5,3.72
2onb,5.57
4mx5,4.55
3ry8,3.34
5eva,3.7
3u3z,5.36
3gwx,5.4
1zpc,6.6
5ie1,6.85
2zda,8.4
1o5a,6.42
3q6k,8.37
5ny1,6.44
4ks1,8.82
5n3w,6.3
4btb,5.01
2w47,4.98
5y8c,6.8
4guj,3.05
6eee,7.54
1rt9,10.25
1g3b,5.74
7hvp,9.62
4e67,6.48
1c9d,6.3
3o9h,12.1
6ipm,3.69
5lvr,3.6
4z0u,5.7
3co9,8.0
4or4,4.57
4d1j,6.31
2p8h,7.15
4e49,5.11
3ilq,5.21
6dkp,7.44
2rib,2.82
3bl1,5.6
5lxb,9.77
2wyi,4.74
3kai,5.41
1g2o,10.55
5jim,3.99
6hkj,9.0
6r18,4.92
5th4,2.85
1ya4,4.82
2r3t,5.85
4uct,3.12
3pcf,6.05
3p2k,4.7
3lp7,5.44
1jj9,5.77
5oui,4.03
3rqw,2.7
2viy,5.74
2xde,5.47
3hky,7.1
3jqg,4.74
3c88,6.8
4z2b,7.76
4bqy,5.96
4zom,8.52
5lwe,9.96
4ql8,9.15
4j1f,7.92
1nz7,7.12
4loh,6.96
6hmg,4.94
5za9,6.74
3s53,9.64
4y2q,2.92
6qxu,8.15
6fuh,3.77
2f70,4.47
3tll,4.39
4gqp,9.6
5cnm,6.81
1tc1,2.7
3sm1,5.84
5cvd,6.41
4hlf,6.06
3hy5,7.7
1xnz,6.62
3oqk,6.38
4daf,7.12
5fpp,4.0
1c83,4.85
4aia,3.66
3g0i,3.6
5oug,2.77
3si3,4.16
1gvw,6.96
2z92,9.1
6h7m,7.8
3gi6,11.22
3oe5,6.88
2v5a,6.82
3ap4,3.92
3tu7,8.09
2wr8,5.44
5tcy,7.66
3qo9,5.92
1al8,5.32
5igk,7.38
5ekg,6.04
2vot,7.14
4wkt,3.26
1sqb,7.95
3r1v,6.92
6qr7,7.15
4p1u,8.52
2f0z,4.77
2ole,7.25
3d51,4.15
3gpo,5.3
1qk4,4.21
1o2n,6.09
5jyo,8.52
2wf0,6.68
4k5o,3.98
3kqr,4.43
4ju6,6.17
3wb5,4.57
1b9t,5.1
3iuc,5.66
4tju,5.44
5bwb,5.3
6e4v,6.29
4o70,4.72
6j7l,4.5
1r5g,7.52
1h1b,9.8
2zxa,8.35
4kju,8.22
2pg2,5.77
2ves,7.7
3ip6,6.6
2j9h,3.39
2c6n,6.88
6mv3,3.33
1n8v,6.03
6dji,2.51
2y5f,8.7
3m36,9.82
3are,6.21
2vvu,8.1
5cso,6.03
4lnw,7.04
6kdi,6.72
2fme,6.98
5xpp,7.44
5zo9,8.2
5k4l,7.3
5ajx,7.96
4j8r,7.7
3cph,6.48
3c2f,2.0
5ab9,6.33
4re3,8.57
3gww,0.45
1mfd,5.31
5qcn,8.22
6kdz,8.54
1gqs,6.3
6m9t,7.7
6aqq,6.55
6qe5,5.12
5a6h,7.06
6i66,6.74
4mvh,8.35
2qrk,4.26
5cbm,7.77
4bny,7.1
4tkf,6.55
4n8e,7.7
5tqf,8.3
1nwl,2.39
1rnm,3.07
2tmn,5.89
2qhz,7.28
4wn1,8.29
1njf,6.21
3k8q,11.28
4b2l,3.24
4crc,8.72
1b8o,10.64
3n5k,9.7
3kah,6.59
3g3r,6.48
1iiq,7.48
3ddg,6.0
5km1,6.18
2y34,7.1
6q30,5.52
5tzw,6.01
3fu3,2.84
1qyg,6.85
3gol,7.09
5dhu,6.3
3fbr,4.82
4j8t,6.77
3m5e,7.37
3tic,8.87
1lhg,7.1
2r58,2.0
4yih,4.66
5hip,6.05
6p3t,7.32
3f3a,4.19
2jfh,3.06
4pgd,6.92
1i7m,9.64
3ryx,8.14
6prt,2.67
3oq5,4.55
6pii,6.96
5gmm,4.54
3t0d,2.37
5zwi,8.64
4ai8,4.0
3uig,5.32
2i3h,7.4
2xg9,4.15
4zph,7.51
6c7d,9.77
5gmj,5.08
5ldp,4.17
3eos,8.4
1nfy,8.89
4i8z,11.05
4kow,4.31
1hii,7.28
4luz,4.7
1q6m,7.89
2xy9,9.19
5vqi,6.25
4nja,6.22
6apr,7.77
5o1b,4.7
1hmr,6.55
2ri9,3.22
2bzz,6.43
2o4z,6.25
1z3c,4.0
5km0,5.31
5chk,5.39
2aov,7.04
4tlr,8.52
4xkx,9.05
5j9f,7.23
5wep,6.36
4uix,7.3
4riu,7.3
1uvu,5.0
3lqj,5.37
3q4b,9.33
4det,5.68
2wij,3.2
4wpf,6.6
5ldm,3.86
3iae,3.89
6cvw,8.15
6g6y,6.66
1nfu,7.74
4llj,3.42
1bwn,7.06
1x7b,8.39
1g53,9.04
1yci,4.08
4uia,6.72
6prf,8.6
4uvw,7.72
6g02,7.62
4ifi,5.48
4ivs,7.36
4j5p,7.92
4dn0,5.72
4g8y,4.59
1v2s,4.17
3snc,4.39
5y0f,6.68
6afa,5.49
5xih,7.15
3az8,6.0
3qvv,4.42
6eq4,5.62
4zsq,5.65
4zo5,9.82
3bjm,8.3
5l99,3.32
5koq,9.24
6ha4,3.97
3le9,8.22
1gsz,7.21
4m0r,5.21
4j51,6.59
4j1e,7.72
4kiw,5.12
6dgz,11.3
3h2n,3.67
5il1,5.82
3dnt,4.74
3udr,4.96
6e13,6.7
4yzu,5.05
2c6c,7.52
6pvu,5.21
6jfk,4.84
5y1y,6.01
3a9i,4.15
1utl,2.47
5q11,5.14
5u3b,8.82
2nnp,8.37
1rdt,6.7
4j03,7.59
1gca,6.7
5jnl,6.57
4zh3,4.4
2qaf,5.36
6dh8,9.84
2c8w,8.43
1avn,3.9
5a5d,8.0
5if6,7.23
5wqa,7.96
4d83,7.26
3tge,10.15
5nr7,6.02
1ogx,6.09
2uy4,4.68
4tkh,5.74
4fll,5.29
5ywg,8.34
3dx0,7.44
3wtk,6.53
1qi0,2.35
4l2k,6.44
3ewz,4.1
2vuk,3.9
3iaw,5.8
4my6,5.62
6oxp,11.0
3cyz,7.22
5mos,3.79
5mfr,4.3
2haw,4.92
3nm6,1.35
6ugn,6.12
5c7b,3.0
3qox,6.57
5ai6,4.4
4bcc,8.05
1hvl,9.95
4aje,3.68
1x7r,8.05
4o9s,6.55
1fh8,6.89
4yoj,6.39
2xag,4.55
6q3y,7.27
1ibg,8.55
4mm8,6.11
1k1o,6.17
4u7q,9.74
3f5j,4.28
4rkx,5.1
5u4a,6.36
5n24,8.92
2i4z,5.7
3exe,6.96
5w8h,4.63
4rvr,6.87
4a7i,8.7
4hlk,5.96
3tz0,5.04
3blu,3.46
2q7y,4.3
6hsz,6.94
6oxx,10.01
6h50,6.81
2ggb,4.92
2lkk,6.7
5wh6,7.92
4jn2,11.68
5mxq,5.72
5n2t,5.08
4kod,5.36
6ap8,5.1
3wqw,5.23
1sdu,10.07
4mre,2.19
4djx,7.23
5a00,7.52
3obx,3.89
3qlb,8.43
6cec,4.35
6bh0,6.66
1o2q,7.68
4ymq,5.8
6dtw,8.26
5ni7,7.7
3l5d,4.11
4ksy,8.42
5j1x,5.52
3udj,3.62
6h7z,10.12
1ind,10.05
4yuy,3.34
1hdq,5.82
1els,10.82
6ey7,4.3
4dfg,11.74
4bw4,6.2
5q0g,9.74
6g14,5.49
2oi2,6.3
6m8y,6.38
4fsl,7.7
4xdo,4.08
2wa3,3.0
6h7n,8.46
3uj9,4.63
2p8s,7.68
3g08,8.16
5ur6,7.06
1d6s,4.11
4m0e,6.22
3d8w,8.15
3dxh,3.19
4wy3,3.62
3d5m,8.0
3h5u,8.52
6p5o,4.54
2w4x,4.85
1z4u,7.15
1ld8,8.46
1oif,7.72
6n4t,8.09
4bnx,7.7
4xrq,6.63
4ran,7.15
3aig,6.0
4btx,6.54
4jbs,7.96
5zfi,5.92
2vgc,5.24
5or9,4.06
5kam,4.11
1hyo,4.07
2cji,8.22
1o9d,5.6
3arx,5.33
2o7e,6.22
3rxl,2.62
4ibe,4.15
5khh,4.31
1izi,6.59
1qxw,5.15
5km5,6.92
1ih0,5.0
4dv9,6.72
3sv8,7.91
5lpl,4.92
4re2,4.98
3exf,6.54
2q1j,9.1
3ozp,6.62
1g2k,7.96
3sm0,6.13
3qcf,5.6
2xuc,4.1
5m6h,6.82
4j0r,6.41
5fwa,4.79
4lj3,9.0
6dvl,7.96
3iof,5.22
6c8c,6.38
2wks,6.89
4kn0,7.4
6gy1,6.3
5c2e,8.7
5all,5.57
5ung,9.47
2wm0,4.52
5aph,7.22
2g79,6.92
1zeo,6.68
4azy,6.7
5sy2,4.96
6nao,6.7
3dx1,3.58
6md0,5.9
1pau,9.46
4wvt,5.31
4myd,4.55
4wn0,3.22
2wuf,4.29
3nan,8.22
3nwe,7.6
5sy3,4.37
5d1w,5.12
5ehg,3.43
4y8z,10.4
5h1v,4.0
4x0z,3.15
1sqa,9.21
1lhd,9.62
4iur,5.58
2yhy,5.6
1jqe,6.44
4k9h,7.12
1wqv,6.89
2pmk,5.92
3tcy,4.62
3djv,4.55
6jjm,2.85
3pn3,6.4
5f3i,7.1
5ogb,7.47
5lcf,4.75
4m2v,7.44
5ogl,4.31
1pus,7.28
4i1r,4.65
4lh3,1.52
5q12,5.33
1t4v,7.68
3t5u,7.59
6df1,6.56
4mrf,1.95
1ni1,9.05
1ghw,4.2
3su1,6.68
5i4v,8.52
1wug,5.8
7gch,5.7
3ebi,7.1
6s43,5.4
2gg5,6.6
6p12,5.95
3oil,5.68
5jbi,6.92
5iz8,5.62
4gr0,9.55
2vj8,8.7
4mm4,6.37
2p53,7.46
4dmw,4.94
2rm0,4.03
1n1v,3.85
3s0b,6.49
5k5e,6.35
2yog,4.51
5j7p,7.28
5lg3,3.8
3kpu,3.16
2bvr,3.7
3s73,8.7
1hxb,9.92
5fbi,2.8
6qfw,6.83
5myd,4.86
4hze,6.29
1eoc,6.05
4joo,4.43
3lpf,6.68
4wmy,7.07
4jv6,6.66
2gm1,7.0
6fa4,7.29
5fum,4.74
4uda,7.59
3u8n,10.17
5a5s,5.9
3hr1,9.43
3atw,7.01
6ehh,7.49
3zlq,6.04
6mqm,9.57
2rk7,4.05
3gy3,5.63
6etj,6.72
2hpa,4.6
5nw2,6.49
2b7d,8.7
3f7i,7.34
1tsy,4.96
6hp5,7.27
3g19,6.67
5mge,4.06
6p11,6.05
3ozs,5.33
4glw,6.1
5enc,2.3
5cgd,9.3
5lgo,8.22
4b8p,6.85
2fw6,2.92
1h0a,5.44
6fqo,6.85
6b1e,7.47
5lpr,6.57
6fel,6.4
6m9c,7.25
6h3q,7.14
3v7c,5.74
4fn5,6.76
1hk1,5.64
5b5p,9.7
3qnj,6.0
4u0g,5.29
3e7a,10.0
6ijh,7.17
3s3k,4.01
5anq,5.4
5g1c,6.85
1nc1,6.12
2rd6,8.3
5ely,7.36
5xaf,5.77
5knu,5.55
3sfc,8.52
5mnh,4.68
3n8k,4.05
6ps0,9.94
6ggb,5.39
4fgx,7.14
4p6x,7.04
3x00,9.08
5w2q,6.88
1ros,8.77
2ews,6.62
3o57,10.1
5azf,4.44
6c99,5.62
4nud,7.07
2e5y,5.85
3d50,4.77
5mny,1.31
4pee,8.32
4csy,3.06
1j37,8.96
4gid,10.77
1gj5,4.96
5alx,5.48
1siv,8.08
1oko,4.54
2x7u,5.27
4kp8,5.48
1ony,6.77
5eou,5.36
2qmj,4.21
4az0,7.42
3d9n,4.05
5ndb,4.66
4eu3,0.82
2ccc,7.76
4nyi,3.06
5brn,6.3
4rao,6.0
4hev,6.34
1tsl,6.15
3h2o,4.59
6mnc,5.8
1q95,7.57
3t2t,2.4
6df4,7.64
6b31,8.44
1hvk,10.96
5lhi,8.11
4ajl,3.8
1w51,6.3
1yye,8.57
6dzy,5.52
3qpo,6.61
1rhu,8.52
4m2u,8.04
4ui8,7.6
3zev,8.64
5a5q,4.68
3f07,5.54
6md7,6.74
1nfs,9.92
5e2o,8.7
5dyt,7.6
4pnq,5.0
1lhw,9.08
4f20,3.29
3kyf,6.78
5c2o,4.55
4dt2,4.37
6fmc,5.88
3rtn,7.13
5kql,4.0
2r4f,8.82
5q1f,7.14
5v2l,3.54
1vyf,8.05
5nvh,7.82
1qj7,8.1
3kgp,2.57
2qbr,6.33
6ow2,8.52
6fsy,6.61
3ubx,7.6
5hja,5.96
4ks4,7.14
2hob,5.72
1bcu,3.28
2z1w,4.08
5nxp,7.99
3lm1,4.7
1t32,7.42
1lbk,3.18
5kap,4.23
3sou,5.68
1k9q,3.15
1e37,3.7
1ilh,7.39
4dkr,6.52
5bpp,4.8
4q83,4.19
1t7d,6.03
4lm1,3.23
3c2r,3.11
1i37,9.57
4m5l,4.72
4hai,8.1
5n18,5.68
1hmt,5.79
3uev,5.89
1o2r,5.21
4heu,10.01
4o7e,5.24
3nf3,6.2
2r0h,3.51
5aia,5.2
5uc1,7.85
5g10,8.01
3btl,5.96
3lk1,4.26
4q9m,7.18
5mt4,3.3
5jar,5.7
6fo5,6.72
5u4x,8.15
4rz1,7.4
3lpp,6.22
3f81,7.13
5ewj,6.89
2qju,4.1
5izc,3.95
6qab,8.21
4agq,5.01
3sgv,4.46
5nsp,6.47
3dbu,8.06
3u18,6.09
3ryy,7.42
3tgs,5.39
2xaj,3.77
2qhc,8.96
4ara,6.05
1v2q,4.13
1f5l,5.28
2wl5,4.52
5t6g,5.96
2vqm,6.01
2j34,7.82
5g4o,4.43
4gto,7.98
1ql7,5.0
3vi2,3.77
5ufi,8.4
2oi0,7.55
3b9g,4.72
5ljt,8.92
5yib,5.48
6fse,4.74
6nri,7.57
6eyt,5.72
4b0c,2.07
6dne,7.48
4dff,7.46
6o5t,6.5
2rka,3.0
1tbz,9.8
5e8a,7.47
5fox,3.17
1duv,11.8
1qti,6.44
1qpf,7.57
3pjt,4.88
3e0q,5.89
5gmu,3.32
4pjt,9.24
3o99,10.82
3eq8,9.06
1gu1,4.52
6qfe,7.1
6qfh,5.86
3udh,2.85
4ogj,6.79
4n8d,4.92
1njb,5.8
1fls,7.48
4fiv,6.52
3djf,6.1
5aan,4.15
4kva,3.94
6d1i,4.09
6i5p,4.32
6ecz,6.57
3i6z,7.3
2rkf,9.08
6bfd,8.3
3el5,7.72
6mod,9.15
5q1b,7.31
1ajv,7.72
1mzs,5.15
6bc9,9.43
6qlu,4.64
6plf,6.67
2viw,7.14
5e2r,7.06
1rdn,1.84
1n1g,2.3
2uxi,7.3
5eq1,4.68
3f5l,3.72
6h4w,6.97
6ffe,6.1
1bn1,9.34
3uza,8.94
1bty,4.74
1k1n,6.82
1usi,6.74
4nym,3.55
3dkj,5.7
2gmv,6.2
4b3u,5.33
5sz5,7.7
4pxm,8.89
5nn6,5.52
3llm,4.74
5t4v,7.22
5zz2,8.85
2v3e,6.52
6ugq,7.55
5wxp,3.35
5kxc,5.26
1h3c,6.51
3v4j,5.04
4cd1,4.89
3n5h,5.7
6g7a,6.78
3qbh,6.82
3pma,5.4
2rjp,7.0
6dq4,4.92
4zup,6.77
6hx5,5.66
1tlo,4.0
3hhk,8.22
3hdz,7.29
3ig6,7.6
5f1h,7.85
3dv1,6.23
3aqt,6.72
4iie,2.34
1rdj,1.66
4hl5,6.35
4g2j,7.96
1a86,4.0
3i7g,6.37
5nw0,6.52
3bxf,5.54
6nrg,7.25
1a4r,6.66
3u8m,8.89
6ev0,5.74
6ffg,7.2
2ayr,9.29
3p2h,5.44
4pzh,8.0
2aw1,7.37
5dit,6.15
6f90,6.0
2fv9,7.22
4oyp,3.0
3qxc,5.77
3vyd,6.39
1x9d,3.96
3zxe,3.35
3ijg,4.27
4bfd,7.02
2rfh,6.82
3tay,3.38
4h81,5.12
1x39,9.22
5tyh,2.08
4qr3,5.85
4ju7,6.17
3ihz,6.8
4r4o,5.82
5nw7,5.77
1v2t,4.71
3vsw,6.89
3r6t,5.86
1ndy,6.17
6fmj,6.12
3rz0,7.55
1t69,6.32
2qwd,4.85
3fcq,2.77
6moo,9.17
5b4l,9.12
1fq6,7.86
5u7j,6.41
5osy,7.37
3qs1,7.96
5fot,3.17
4x24,9.78
5yz7,4.75
5iql,4.56
2x7c,5.7
4bjb,6.66
3mz6,7.2
3hcm,3.3
8lpr,6.62
3poa,7.0
6hay,7.01
5h9p,7.17
3qvu,3.55
6hm1,6.04
4wf4,3.11
4hbx,5.72
5dro,10.59
2y4m,6.46
6k4t,6.02
4nrm,3.2
3ikg,7.24
4ty9,2.05
3uuo,7.96
3qci,5.42
4m6u,2.74
5a3t,8.4
5ivv,6.35
5hna,4.23
4qiy,7.3
1i00,6.34
6dyy,10.55
2z94,5.85
2h65,8.19
3rbq,6.27
5mky,5.7
1x8d,2.21
4qsu,2.0
4nku,4.67
4oi6,5.0
3gxt,4.74
3r6c,4.72
4dpi,7.11
3ekv,9.41
3udd,7.1
1xpc,8.77
4q1e,8.17
3g70,9.4
6j7e,5.04
5u0z,6.19
1bil,9.3
4knj,7.95
1w25,6.3
4hla,10.8
6ibx,8.7
3vye,8.11
2a8h,7.17
2wvt,6.12
6mg5,4.69
1p4u,5.3
5moo,1.31
4yqu,6.66
6b98,4.65
4bek,4.39
6b1o,8.51
3a2o,9.08
1hxk,3.4
4b74,7.66
5vb5,6.46
4cu7,7.59
5jhd,4.52
5uwl,8.03
3wyk,7.64
2g0g,6.29
5znp,4.69
3rv9,4.92
6n95,5.12
1vj9,7.55
4xm8,3.02
1hy7,5.39
4tk0,5.55
5dqe,3.63
3da9,5.51
3cpj,4.72
4mz5,6.1
3iqj,4.93
4b7n,8.78
4x1f,7.97
5fh7,6.86
1rsi,4.42
6e59,8.67
6irt,3.81
6te6,6.57
2zxb,5.3
1u33,4.6
5o1a,4.52
2j4a,10.6
4ncm,7.0
6ced,5.82
4li7,6.11
3lp4,4.88
3kjq,5.88
5mtv,4.11
3rj7,7.6
1h2u,7.89
5ali,7.07
2wbg,4.45
4zjc,8.96
5lsg,5.4
6bnk,6.99
3hii,6.54
2jgs,6.62
5o1e,4.48
5ctc,6.35
3imy,9.7
5n55,5.99
4p5d,5.82
4hy4,8.57
5nvx,7.05
3hac,8.17
5ezz,6.84
2fqt,6.14
6nyw,6.64
2ohs,4.4
3b7i,5.82
4bj8,8.29
5ngs,6.77
5llm,5.35
2uy5,5.49
4rhy,5.95
3kab,3.2
5fbe,4.85
4y87,7.24
4mg6,5.62
1bnt,9.8
2cbj,8.27
4o62,5.0
1od8,5.1
2irz,7.92
4oak,4.22
2pow,7.2
5f00,6.6
5hkb,5.59
6dha,5.68
5f6v,2.24
6m8w,6.22
1ajn,2.63
3h0s,6.2
4mji,4.09
3n23,8.52
4b76,4.54
6ebe,6.7
3dd0,9.0
2o4h,6.52
2p99,5.94
4umj,5.57
5amd,8.55
6h4y,7.11
2ea4,7.34
1o86,9.57
1njc,5.55
4l0i,6.57
2wnc,6.32
3b3c,3.98
3skk,4.47
5ii1,5.48
2zdn,6.25
4aaw,6.3
4bgy,2.96
5uey,8.29
1hsh,9.42
4ny3,4.31
4i9h,7.17
3s7l,7.1
4u5s,2.41
4pda,4.21
5meh,6.32
3lk0,3.16
3ujb,5.1
1cim,8.82
5jzb,3.39
4xbd,6.4
5ehq,10.48
4zx3,7.19
4o7a,4.72
2a58,4.92
3in4,7.52
4uye,8.02
3zzh,3.36
5nfa,5.25
4bc5,4.6
1h4w,4.66
3upi,8.22
3b8z,6.54
6hq4,4.65
2dbl,8.7
6ay5,7.16
4ono,5.19
2v8w,6.82
6cqz,9.64
5ovg,6.4
5vom,6.1
5diu,7.37
5jt9,6.63
4cd6,3.59
6ami,4.52
3vrt,8.57
5m17,3.66
4jym,5.04
5du6,5.02
1pw6,5.22
5hdu,9.0
1ek2,8.2
4c71,3.42
4j45,5.77
3wpn,4.36
6oi8,7.82
5ak3,5.07
3ejs,6.6
3rv4,2.3
4w9i,5.96
3jwr,8.07
4mgb,5.44
3q2g,8.46
3lq4,5.22
6kqi,8.06
4y4g,2.0
4d4d,5.96
3bf1,2.52
3l3a,6.38
1o7o,4.49
4ui5,6.78
4dju,5.44
3ouj,6.05
5c7f,3.98
6k04,8.04
3jq7,5.92
6d50,5.05
5hlm,5.9
3p17,4.48
3uxm,4.7
4fkk,9.3
6ohu,6.78
4xjr,5.32
4dgr,5.04
6g2s,8.4
2ovz,7.89
5o1i,5.4
4ijl,3.87
2nnd,6.06
1rth,6.4
3fzn,4.01
5d25,6.3
5dri,7.7
1mue,8.64
4yk5,7.64
5cks,5.51
5u6k,5.22
1uto,2.27
1q5l,3.22
1kr3,5.0
4yhq,8.77
6hv2,4.28
2nnk,8.37
4b3c,2.68
4k9g,5.82
3skh,6.05
3lxe,6.6
4jx9,8.62
1bb0,8.36
1f0u,7.16
4ccd,4.49
4re9,4.92
1aku,6.13
6nsx,6.64
6szp,4.74
3wd9,8.08
3tb6,5.08
2f7o,7.44
3wmb,5.37
6hti,7.01
1yon,4.21
3lp1,6.92
2vey,7.37
5dg6,5.07
4qac,9.4
3okh,5.24
4w9o,7.77
3lhg,7.7
3ohi,4.85
4o1b,6.41
5a2s,7.7
5w7j,6.1
4qy3,6.82
5etq,6.48
2q54,9.01
4c1e,7.14
5lca,4.48
1w6r,6.15
5o5a,4.77
5bqg,4.76
6jid,5.08
5mkx,4.7
2q8z,5.68
2onc,7.89
6fym,5.07
5i8c,7.6
5u4f,6.33
4his,8.09
5mgk,4.0
1f5k,3.74
4jht,4.99
5tmp,7.47
1il3,2.55
6g2n,7.14
1csi,8.8
5d48,7.52
2anl,6.96
5etj,10.18
6aec,6.15
1n7j,6.43
3zhz,7.05
3pm1,5.93
2nsl,4.68
3jyj,5.74
5akz,5.26
3ti6,9.27
4h42,3.47
4y8y,9.15
5jqb,2.22
3h2m,3.67
4mzh,7.18
6n48,5.92
3kl6,8.46
6ayo,8.29
2pj6,7.31
2h5d,8.19
4kc2,3.31
6fnr,5.59
4usj,4.0
1w6h,9.3
6d1k,3.13
5m7t,5.41
3fzy,6.74
1elr,4.96
6g98,6.15
3tkm,9.0
5l7h,7.3
1g9t,3.28
3oof,7.3
3as1,4.02
3ecn,3.16
4mti,8.92
1v0m,5.1
2fm0,9.4
1gfw,7.82
4hyf,7.6
2e2r,8.26
2xyt,6.29
1tmn,7.3
3kr4,7.6
6q3z,7.36
1tl3,6.2
4xxs,7.28
2pv1,7.14
3pka,6.27
3ppm,9.54
2qi5,10.85
1oe0,5.16
3rr4,4.55
1xos,4.7
5i0l,7.74
6goo,5.67
3t4h,5.28
3h0w,6.22
4b6q,7.55
4fns,6.7
6bgw,6.68
6d78,8.74
5zma,5.52
2kfx,4.0
3qzt,4.0
5jop,9.41
5aqj,2.68
1dub,5.8
1jjt,8.05
4agp,4.69
3cwj,8.0
4qge,9.3
1w4o,5.22
6mvx,5.14
3t5i,6.82
3fxv,7.03
2r0y,3.0
6fui,4.46
2i4w,11.59
1lt6,3.3
2foy,6.92
5tg1,5.82
5dqc,7.34
4f9g,5.62
2vw1,3.52
3nex,6.0
6esn,8.05
3max,6.05
6ncn,3.05
3sie,7.88
5a2k,6.35
2ot1,4.0
4y24,6.66
1igj,10.0
2q9y,4.44
1ha2,5.54
2ndo,3.25
5etr,6.52
6g3q,7.24
2gv7,7.85
5afx,5.92
1w22,6.76
6qi4,4.37
5duw,3.29
5mnn,3.84
4llp,4.8
4fm7,7.24
1q6s,7.92
1s3k,6.62
5epn,8.66
5tnt,8.31
3kpv,3.74
5c13,6.1
5g45,3.3
3ocz,7.46
4j1p,7.05
2bkt,7.64
1w4l,8.4
5izq,8.52
4r5g,5.22
5ek0,7.68
5y20,4.52
1g9a,5.3
6joe,7.04
2y4l,6.3
1i7c,6.4
2aqu,9.32
1tg5,7.92
3mhw,2.3
5a3u,8.32
1k1m,7.4
1upk,6.4
6e7u,6.92
3v3q,6.6
2alv,4.15
6hx8,5.89
3su0,6.79
4j04,4.96
6r1d,5.4
2zas,7.86
1ugx,5.91
4tya,2.39
5ofv,1.58
3bkl,6.17
3zps,8.3
4b6r,5.85
1ppx,7.28
6oxq,11.3
1xsc,4.3
5ev8,5.22
3t09,3.8
1fkw,5.05
2p83,7.96
3g0c,5.7
3bv9,5.36
6k4x,6.66
3t1n,6.1
5evk,4.92
6qlq,4.51
5wdj,6.96
1wxz,8.07
4ks2,9.34
3azb,4.92
4q18,6.13
2v0z,9.22
3p3s,7.59
3kdd,8.46
3w37,5.18
1u3s,8.85
6gnw,4.99
1erb,8.1
4iif,5.18
6euw,7.77
5v42,6.62
1css,6.1
5vqx,6.32
3buh,3.66
3nyd,3.48
6t1j,4.74
2c8y,4.0
5trh,5.08
4std,10.33
3jrs,4.28
5cqj,4.81
3s0e,6.55
4g55,4.92
4bgx,1.77
3b67,8.85
3vp1,5.48
2e1w,7.96
4i47,6.92
5aom,2.9
4onf,8.92
2wed,6.1
6odz,9.15
2aei,7.07
2j7e,7.32
3bl7,8.4
1xot,5.42
4lno,2.62
1cin,8.73
4qsw,1.68
3o9c,12.05
5jzs,3.27
4bhf,3.46
4hj2,2.53
1orw,7.6
2vle,7.1
6cks,7.82
4abv,6.07
6b4n,10.55
2wf2,7.59
1o35,5.0
3dp3,5.82
3a5y,7.96
1rin,3.15
2c4f,7.7
1odj,4.1
1htf,6.83
3hfz,4.89
4bak,8.91
2ria,2.57
5ey8,6.31
2vfk,3.71
1wun,7.21
1yys,6.33
6oir,7.77
6k9u,10.05
5e6o,4.11
3ws9,7.04
2f3f,6.72
6eea,6.2
2g00,9.74
6o9x,6.05
3dz6,7.82
3pz2,6.14
2f7p,6.6
6grp,5.48
6ezq,4.66
2uup,3.98
2vwm,7.03
4ncg,7.96
4ks5,6.89
6v5l,3.65
1ktt,5.82
2pyn,7.57
4wf6,6.3
1okx,6.8
1lol,6.39
6pvx,7.17
1fo2,4.7
2c8x,6.66
5fky,8.33
2chm,8.26
1nu8,5.42
4fe6,10.0
2jk7,7.17
1wn6,4.68
5ueu,7.78
3km4,8.89
5n4t,5.97
4ie2,5.35
4m5h,4.54
3cs7,10.68
5fqp,7.72
5n2x,6.06
2h42,8.62
5u7o,7.14
6r4v,5.76
5a5r,5.9
3tk2,4.62
6fa2,6.66
1rhj,8.04
5fqv,6.21
1ukt,2.25
2pmc,4.19
6cqt,9.64
6me5,8.78
2ewb,6.1
1o2w,5.85
5fng,2.96
6bsl,9.0
1g4j,8.7
5i43,7.2
4o6w,8.52
6h7j,8.62
3eeb,5.89
3f70,4.85
4u3f,8.39
4w5j,7.24
1ydk,5.89
2y7x,8.89
2xaf,4.64
1gt3,6.46
1pyn,5.49
3cn0,5.51
6iez,6.52
2jle,6.42
5uf0,3.8
6ayi,6.68
4y0a,2.31
3vfb,9.04
6r7j,7.4
4g2l,7.49
5thn,4.02
1xoz,8.92
2g83,5.92
1c5o,3.49
3hab,8.38
4rrg,2.81
2zdz,6.15
5ulp,4.61
2p7a,6.1
4mk7,6.36
6mhc,6.43
5i94,7.52
3g8i,7.42
4igk,4.55
5ive,7.57
6iar,7.6
1k22,8.4
5msb,7.46
2qnp,6.41
5k5c,1.62
4hwr,6.74
6b96,7.84
5ove,6.35
5lrg,8.82
2j7x,8.77
6miq,4.55
2gst,6.07
1fpp,8.0
6qad,7.85
5alc,8.13
4dzw,7.89
1d8f,7.74
5vp9,8.99
2bq6,10.15
4mk9,8.05
6q3q,4.45
5ele,1.52
3r42,4.08
3rxd,3.73
2wig,3.43
5y0z,6.34
1owd,8.2
5bpa,9.0
2hb3,11.35
6eq7,7.0
2j9n,4.7
5byi,7.51
1jak,5.57
5k1i,8.04
5vdo,3.3
4d8e,7.01
3src,3.89
10gs,6.4
5d3l,6.06
2adu,7.74
2v59,7.74
4tnw,3.78
1af6,1.82
5ngr,4.62
6dl2,7.48
4tln,3.72
5ha9,5.78
2ajb,5.5
6ind,6.62
5fqc,8.52
1lee,7.74
4iuo,3.64
3qlc,5.43
3aas,4.51
2xyd,6.82
4jsz,2.3
3u9q,4.38
1h8l,7.47
3k1j,6.4
1w3k,4.3
3c45,9.68
3bar,5.7
5iu8,7.74
4li8,8.12
2ydf,7.66
2qwb,2.74
6f9v,6.76
6afr,7.15
5ou3,6.21
5ect,5.28
6hcv,8.3
3ibc,4.91
2clm,3.55
5tks,7.17
3hzy,7.0
4xx4,7.36
6skb,7.7
4qr5,7.22
5axp,9.03
2yol,6.89
5d1t,5.77
2qlb,5.89
2f18,4.1
4mcd,5.33
4gtt,8.22
1bju,4.8
1e5j,4.0
6i0b,8.04
6ayt,8.85
5j6s,4.0
4q4i,7.33
4ci3,6.81
1kne,5.6
6fnt,4.68
3p9l,5.3
5i86,6.28
4ayx,3.7
6h36,9.35
2ypo,4.68
5a8y,9.77
6hdo,6.6
5o58,6.72
1b6p,8.52
6uvp,4.0
4epy,3.47
3pcj,7.22
6evn,4.71
3ewj,6.84
4amy,10.82
5fls,3.04
6cbf,5.17
2r3w,6.89
2x2i,8.7
6gg4,3.69
4dwb,5.74
6k05,6.56
2zu4,7.42
4lxm,7.06
5alv,4.36
2il2,7.1
2wzy,10.72
4jzr,7.8
2wzf,7.0
6do3,8.03
6uyz,5.36
5fs5,6.69
3sna,4.14
5o1h,4.85
5z1t,6.2
3e90,7.39
4pvx,6.76
5j47,5.31
6gfz,5.51
5aml,9.15
5jdc,3.98
3sad,5.96
6eks,3.84
6rj5,6.52
4ljh,4.71
4u6z,5.41
5f61,7.46
6oxw,10.55
5ma7,3.47
4zt8,4.39
6ccu,4.45
5nib,7.72
4cpu,7.53
4u03,5.77
6hkx,9.34
1q66,5.77
2pj4,7.89
2qv7,3.66
2rkd,2.72
1akw,8.59
1dif,10.66
3gl6,4.68
3ayc,4.24
6f22,8.7
5f4u,7.02
4dsu,2.82
1hp5,6.55
2it4,1.62
3rey,8.0
4rn2,5.82
1aw1,1.05
1bnv,8.77
5y9l,5.72
3bkk,6.08
4tw6,4.21
6m89,5.64
5nau,7.52
2x7x,5.7
3iu7,4.8
4gjb,4.0
6djd,2.14
6ugo,7.59
5zob,5.96
2gg9,5.46
5npc,4.0
4od7,5.08
4nvp,7.57
1pzi,4.22
5i4o,7.28
5nn4,1.94
3rsv,9.15
5tv1,7.24
3eax,4.92
5fsx,2.72
6mub,7.0
5jah,3.0
5ezx,7.06
2qlf,8.85
2cej,8.62
1d4k,9.22
2xye,8.34
1gyx,2.48
1rp7,8.52
5q0z,5.85
3dz5,8.15
1g54,8.82
5kya,8.22
2qiq,4.1
3znc,7.34
4xm6,4.05
3gkz,8.0
4pce,5.15
4ngs,8.12
3qxv,8.4
3dla,3.46
1qbq,8.3
2v88,4.09
6afe,5.36
2wkz,8.77
3whw,8.22
6knh,3.55
4ewo,7.36
1wb0,5.35
3u3u,6.88
5ylv,6.82
3ufa,5.0
2w6m,4.67
5t37,6.62
4q9y,5.68
2x2r,7.12
3hf6,7.59
3tam,8.43
4q3t,6.48
5eu1,7.81
5u4c,6.0
2k0x,5.68
2a5c,4.62
1g4o,8.25
6ggg,9.2
6exi,5.05
5ehp,4.92
5tyn,9.28
2frd,4.54
4efs,8.6
3q5u,4.31
5gu4,5.47
1pun,7.28
4ai5,2.92
1o2u,5.85
5jf2,7.89
6hzp,1.98
1pdq,5.3
5n2z,5.31
5kew,6.5
6bu0,5.96
5wew,6.74
3f48,6.29
1wht,3.7
3b1t,5.66
3zj6,6.66
3cdb,7.02
6n5f,6.86
3ggv,10.85
1i9o,8.42
1owk,7.63
5e1d,5.39
5nuu,8.2
3fqk,7.09
3dwb,6.19
4wkn,9.72
1qbr,10.57
4ipj,4.87
1xog,6.39
3oe9,8.18
1o3g,7.96
4b73,7.21
1fkn,8.8
4k7i,2.82
6cd4,5.34
6a05,4.89
5iua,8.82
4yk0,3.74
1utj,3.84
4hlm,6.77
3ru1,4.85
6oxs,9.96
2whp,4.0
3dxm,6.0
4i2z,4.87
1xqc,7.2
6oin,6.0
3hkw,8.64
1c5t,4.1
4qir,6.95
3ith,8.1
5nxw,7.24
5nzp,2.19
2viz,6.22
3tmk,6.87
3ps1,10.17
5jog,8.24
1gpk,5.37
6iso,4.6
1ebw,9.05
5q18,7.17
5kxi,7.74
3bgc,5.02
5xmp,7.37
1k3t,4.19
1f4e,2.96
4bti,9.7
6i0p,4.4
5xii,7.12
1xmu,9.08
1apb,5.82
5q17,5.25
2ynr,5.77
3e8r,9.74
1gx4,4.28
3muz,3.46
1kv5,4.22
4qkx,7.07
2q70,8.08
6afl,7.0
1dl7,6.49
1uh1,5.48
4b12,4.99
4kv9,3.84
1tv6,5.4
2zhd,6.54
1cw2,6.15
3t0m,3.94
5drq,10.92
5c4o,8.21
4qgf,7.16
4hkk,5.54
1zky,6.25
4y2y,5.05
4nkt,5.97
5v0n,7.17
5efc,4.85
5qqp,8.28
4bo7,7.0
4lkl,6.09
5a82,5.6
1eub,8.72
1g85,5.48
1mkd,6.8
6cc9,3.15
5i2e,6.64
4kpx,7.3
5hdx,7.32
5jn8,7.3
6b1k,6.67
1fzo,7.89
3fr4,6.19
1xq0,6.34
5qj2,7.68
6oip,6.92
4ipn,3.39
5izk,6.72
4tyl,3.22
1bhx,6.84
6h4q,5.69
2x4s,4.2
2g5p,8.42
4wxi,8.08
1zyr,5.74
3mj5,6.49
5aln,6.57
4mr5,6.6
2c02,4.04
3zmp,5.67
4iks,5.14
5dq8,4.14
5q0m,8.1
3ued,4.53
4r5v,6.15
1vfn,5.6
3atk,2.85
1agm,12.0
4mma,6.04
6fgf,3.96
5l4j,4.28
1srg,5.3
1o3f,7.96
1y3g,7.4
2uyw,13.0
3gjq,5.33
4a9i,4.9
1hgj,1.66
2psu,7.62
5nn5,5.47
1lhe,9.54
6pvv,5.85
1afl,6.28
6hgv,5.55
3oy0,8.0
5zun,9.19
4bi6,3.95
5alw,5.15
1gvk,3.05
4n1z,9.14
4ty8,2.03
6f7c,5.9
6d1b,3.91
5y6k,6.07
4mfe,2.27
2bub,7.05
3zyf,4.85
2ao6,9.28
5i3y,9.4
4c6v,4.59
2qtt,4.32
4rxc,4.48
2pks,4.96
5ody,8.4
3p4w,4.57
6c6o,8.3
4qn7,9.08
2r9b,6.57
5aoi,3.03
6of5,5.35
4mib,9.7
4dy6,4.4
1iky,8.26
6qff,5.69
1uze,8.9
5lyn,5.04
1m1b,4.66
2viq,5.89
1qxy,4.8
6ekn,6.29
5mql,5.85
4dcv,4.59
1dwc,7.41
4oew,6.82
5zwf,8.74
4luv,2.85
1f4x,5.59
6hrq,7.09
6jij,6.64
3fuh,2.7
1qpl,8.51
4tu4,3.76
2yz3,6.66
5nhz,5.33
2g0h,7.64
6ee3,6.86
4z2i,7.44
4hej,4.62
4zj8,9.26
1qku,9.59
1pgp,5.7
1jdj,2.3
3n3l,3.3
1we2,4.36
5oh4,4.55
6h9v,0.66
5mar,4.39
6cze,4.03
6hp0,4.92
1jjk,11.06
5mek,5.38
3nb5,7.74
1gni,8.07
6nu5,5.15
3as3,3.8
1bzy,8.34
2wyn,5.55
1n5r,5.66
5xo7,6.36
3il6,6.57
1f57,5.64
4afh,9.54
1iau,7.1
1a7x,9.7
5oxl,3.25
2i1r,5.01
3n4b,7.02
4ryc,7.1
2ooh,5.89
6as8,7.05
5vgi,6.98
3wka,4.54
3ogp,7.44
4pl0,4.4
5knv,4.87
2web,5.12
3nam,8.46
2ydw,7.34
2ww0,5.3
1dbj,7.68
1odi,4.21
3o56,9.1
4nan,4.72
4ffs,10.44
3hs4,8.0
3iww,7.96
5dgu,11.35
6i78,4.74
3nkk,4.7
3rdh,5.03
5g0q,10.0
5npd,7.42
3sus,4.15
4uua,5.24
2fqo,6.43
3ob0,3.0
3btc,5.75
4rrn,7.32
4css,8.46
3g0g,8.3
2uyi,6.32
3ozg,9.19
5iu6,3.89
3l5f,6.22
4ac3,3.96
6acb,9.41
1yc5,3.0
1qhc,7.57
3t2w,7.46
1hty,1.4
6hoi,5.1
6poi,3.49
1utr,8.0
5f9b,4.26
3hfb,7.52
2fxu,8.15
6pvz,3.47
3odk,3.14
6dh3,11.3
3d4l,7.49
6gnm,4.26
3vh9,6.24
5v8o,3.77
1bmn,8.44
4wk7,7.13
3suu,8.52
5wuu,6.09
5kr0,9.15
1eas,7.74
5ew0,6.59
4m7x,4.8
1g6g,6.28
3rsb,6.4
4ap0,8.0
5exx,5.39
5ofx,3.96
5dht,6.0
3fui,6.8
1ebz,9.4
4zsh,7.05
4mep,5.33
1qxl,7.96
6d5e,6.85
4dbm,7.62
1std,10.33
3kdb,9.85
5x33,8.49
2fwp,2.92
3l3m,8.22
1kwr,6.6
5apj,7.4
6ipl,3.82
2xii,7.2
3cd0,7.57
2qp6,6.68
3czv,7.8
5akh,6.59
3ccc,8.1
6qhc,5.2
1iew,4.59
2fky,8.59
5b6g,7.44
6eeh,6.54
5w6e,8.04
5tpg,7.85
3m3x,6.82
2aac,2.22
6dd1,4.65
4ysi,5.7
6o0h,8.15
1utt,4.0
5yjk,6.09
3o4l,5.09
4ux4,7.01
5xst,7.57
5enj,2.3
2aod,5.66
2wgs,5.6
5kby,8.82
6p5v,6.7
3nuj,9.39
5dt2,6.82
3cx9,4.89
3i6o,10.35
5nob,8.2
3ie3,6.68
4jpx,5.15
4zsr,4.44
5e8f,8.64
2w5i,4.54
5c5t,3.13
5ka9,4.41
3a73,3.38
1s39,7.7
3dst,9.08
6fn9,3.55
4avj,7.44
1x6u,3.22
6awo,8.7
3i3d,1.99
5uhi,8.04
2on6,6.76
3zhf,3.92
3gt9,3.96
5zdp,7.18
5vdt,4.68
1eed,4.79
4qew,7.07
6mo8,5.84
3dow,4.94
1ent,6.96
1o0n,4.09
6h77,7.33
2h2g,5.04
1sqo,7.46
1lhf,8.09
5ka3,4.59
1wkm,0.82
4hn2,6.89
5vrp,8.89
3ook,8.4
4ycu,5.48
4ybt,7.0
1g48,8.41
4csj,8.31
3itc,1.6
5anu,9.4
1y2h,7.25
5ll5,6.04
4us4,5.32
1v1m,3.94
2aa6,9.41
1usk,6.4
1k6v,6.92
3r5j,6.96
4ea3,9.57
1axz,3.2
1f9e,8.7
6fdc,5.64
4fz3,3.73
1e3v,4.34
1jut,7.32
6bh3,4.92
6b7h,9.03
5fb7,7.89
4mwq,9.1
6edr,4.55
2i4t,9.0
4h5c,7.55
2a29,2.85
4h3a,6.29
5ivs,8.21
2pog,9.54
5u0f,5.47
4r5a,8.7
6drg,6.92
2ohk,2.7
1qf4,6.18
6bqa,5.85
4q06,7.66
4hhz,7.72
5wl0,9.17
1epq,8.19
4blb,5.35
6oot,11.3
4res,7.85
2zof,8.15
1rwq,10.0
5q0t,4.54
2ohl,3.05
4hmq,8.24
4fmo,5.53
6bqk,9.0
1inf,5.0
4jfw,6.34
4w4s,5.02
2yjq,5.28
5h9r,6.08
5ctb,7.64
4o7c,5.0
3p5o,7.26
1xxh,6.11
3vv6,3.8
4ll3,11.57
1ff1,4.92
4irx,6.12
2ff2,8.21
4xx3,7.25
5mro,5.7
3rik,2.47
4whq,4.12
5jaz,6.55
2r38,7.44
1q65,5.46
2am9,8.41
4yxi,6.5
5up0,6.34
5evb,5.0
4zz1,7.89
4x13,3.3
1fpy,6.0
4zx0,8.0
4mwy,7.05
4ygf,7.68
5x73,6.74
5dhr,4.64
3okp,4.72
4wvl,6.88
4wcf,4.28
5mgl,3.3
3ho9,6.1
4he9,8.46
3v78,5.54
4x63,6.77
5kh7,3.66
1t1s,5.15
3su3,9.13
3ej5,3.57
4u70,5.02
1m4h,9.52
5e1m,6.72
3hwx,7.86
5nxo,8.31
3btj,5.62
6css,7.6
4nxv,5.42
2wej,6.08
1c4u,10.37
1tcx,6.95
5cdh,5.37
4i1c,8.1
5lj2,5.0
5nkn,9.92
2vxa,5.6
1iq1,7.46
4o42,4.66
4ko8,7.15
5fyx,4.16
4ibd,3.67
4p4i,7.46
4fs4,6.57
4k5n,3.9
5tv3,8.09
2vhj,3.9
4pl3,6.54
6g15,5.37
4yml,8.35
6fob,7.63
3n46,4.3
3uf9,2.11
2hvx,7.54
4bfp,7.82
1y3w,5.77
3cwk,6.6
2z4b,9.36
4txe,5.62
3e6k,5.15
2qbp,8.4
4ura,5.5
3aw0,5.24
5o5f,4.3
5gvn,7.05
4lkj,6.7
5q0d,9.0
6oe0,8.92
4z1n,8.23
3sni,7.96
2fou,7.1
4xt9,6.8
4e70,5.28
6a30,4.89
3l3n,8.18
5y94,6.79
5yve,6.48
2va7,6.7
1qj1,8.05
3c84,7.85
1c7f,9.52
1i9n,8.66
5eb3,1.45
2xm1,5.07
2cmb,7.19
2m3z,6.57
4pul,6.84
4qht,4.94
1q0b,5.17
4q1w,11.7
2vl1,1.35
4kni,7.78
4h2j,5.32
5hvp,7.7
4k4f,6.7
4tjy,6.44
6g1v,7.23
2weg,6.5
6njj,5.99
5w5k,8.3
5ti5,4.39
6r0v,4.96
1y2b,4.09
2o7v,5.96
1g37,10.0
4f9v,6.03
1tmb,6.74
4efg,7.26
3p8z,6.09
3ibn,7.61
3u7n,7.95
3ked,2.44
1gt5,6.1
5u0g,4.58
5lyh,6.31
4qag,5.32
6gj6,4.7
4zx5,6.19
3hkq,5.34
4o4k,3.7
4jlj,6.13
3t8s,8.55
1ws1,9.55
7lpr,7.18
4wp7,6.1
6mu3,6.15
5znl,8.77
2nmy,8.37
5jmp,7.17
4ixh,8.21
4k8o,3.77
5zt1,4.67
4b71,5.89
3qto,4.13
5ene,3.23
1enu,5.08
1d3v,6.96
3m9f,11.15
3tsd,3.66
1os0,6.03
5w88,4.52
2ymd,3.16
1g3d,5.55
5zlf,3.48
6lpr,7.3
5jjr,7.8
5lp6,4.76
6iyv,5.88
5v7i,7.18
1v2n,5.9
5alb,10.71
4or0,7.46
5mnc,1.31
2hw2,2.97
3d7m,6.44
4dko,6.52
3b5r,8.77
6mj4,7.72
2yel,7.28
2r75,6.15
4zy0,8.04
3s71,8.64
6ckl,3.89
1zvx,9.22
4pd7,3.92
2gtk,6.6
4e7r,7.7
4o77,5.6
5unh,9.46
6ajy,5.28
5awj,9.68
1ax2,3.99
6ott,5.42
3sx4,8.52
3c10,6.52
1k2v,4.44
1ai7,4.09
4l10,7.15
1c1r,7.63
5jss,6.45
4uib,9.0
1c5y,4.2
2g71,7.46
3n9r,7.15
2bw7,5.7
1hlk,5.0
1ci7,7.05
2lko,5.67
1xm4,10.39
1swg,7.36
6s4t,7.95
6p84,4.81
3qfz,3.24
6bgy,6.82
4a22,8.49
5ne5,7.41
6mr5,7.3
4ymh,6.46
2vnm,8.52
5d1s,5.02
1ctu,11.92
4bhi,7.05
1o34,5.74
5wre,6.41
6haz,7.0
5g17,6.7
1olx,4.33
5l97,3.0
2j95,8.4
1fm9,9.0
2rgu,9.0
6pve,7.37
2mas,7.52
5ivf,4.4
2wyg,8.7
3er3,7.09
1efy,8.22
5yql,4.59
1qbu,10.24
5q0y,5.73
1joj,4.22
3gs6,6.59
4q2k,7.48
5wh5,7.19
1zm7,3.0
3d7h,10.22
6arj,7.6
2hwg,3.55
4xkc,5.87
5bsk,6.22
3ip5,6.22
1c5z,4.01
5tzf,5.8
2j75,6.65
3n3j,8.48
2wj1,8.72
5exw,6.82
4hwo,8.54
6s56,5.1
6p5w,5.29
1g3e,5.38
4yqm,7.51
3vru,10.0
4up5,2.6
4mhz,6.87
4jkt,7.09
4qme,6.52
4bo6,6.74
3t19,8.66
5y6d,7.26
2jt5,7.74
4p10,8.1
6cvy,8.41
6eo9,6.8
3sm2,9.7
4dsy,4.43
3fql,7.15
5oha,4.89
2bmk,5.62
3uii,5.0
5jdi,5.37
4f6x,5.09
6inm,6.29
2cc7,8.01
4jc1,4.3
3w8o,7.62
3iog,5.52
3dsz,7.77
4fem,4.06
1pz5,5.4
6dyz,9.2
5y7k,9.18
5c84,6.19
3n35,3.37
6ft3,6.42
4amz,9.82
4uvy,8.26
6qh9,5.0
6i65,6.41
4xu2,9.23
4a7b,7.4
5enf,3.57
4bcd,7.48
5ey0,2.65
5a5o,3.0
2xp3,3.0
5hmy,6.3
4pin,5.4
3wz7,5.74
2zy1,7.4
1hef,9.0
2v54,4.6
1uj5,3.05
2w16,10.0
3d9z,8.7
6d4t,6.92
4ysl,5.8
5eps,4.42
6mj7,2.82
1n8u,6.03
3pwm,9.1
5aqu,2.98
5jas,5.77
4ufk,3.89
6cf7,7.91
5y5w,6.1
6g9b,3.24
4yxd,4.34
4zuo,6.41
4x6p,8.3
1qf1,7.32
6ob0,4.96
1zxc,8.1
5ett,6.23
1bqo,7.74
2pqj,8.2
2wcx,7.6
5lch,4.69
4c5w,5.48
4iz0,4.0
5ll4,8.4
3kqe,8.09
1oar,7.4
1vwl,5.63
3wv3,7.62
3znr,7.44
6b30,7.22
2yoh,4.96
1uz4,3.4
2vpp,6.12
6fa5,6.75
5ijp,7.15
5of0,8.63
2lya,4.19
3mp6,5.96
2xp4,3.74
5ai4,3.47
1p05,5.96
4hy0,6.7
4xqu,6.07
5oah,8.31
4pct,7.15
5eij,5.31
3vx3,7.82
2ohp,4.03
5mts,7.15
6enm,8.32
4agl,3.65
5u11,5.35
6aqs,7.55
4ad2,6.2
4pnl,5.52
4asy,4.22
3ni5,7.55
2ggu,3.03
2ohv,6.46
1f0r,7.66
5jzy,9.82
4o7f,4.89
4sga,7.3
4l4z,5.68
3uw4,7.77
2qh6,6.0
5q1c,8.08
2q2y,8.8
6e91,6.62
2xbw,8.0
4bcs,6.99
3u7m,7.45
1ao0,4.96
5uoo,8.85
5mlj,8.85
3rdq,9.31
4ibf,4.43
5k8v,6.34
5ekx,2.03
6phr,6.7
6iiw,5.66
4dk8,5.74
1n1m,5.7
4jzi,7.4
2vio,4.4
5za8,6.29
4pg9,7.8
2be2,8.7
3u8j,8.51
3p44,8.01
1a4g,8.4
5ake,7.82
2a3a,2.82
1ett,5.89
4tpk,8.57
2vaq,8.52
2vyt,2.74
5ows,8.0
5za1,7.52
4der,6.31
3k5f,5.43
2a4g,7.18
5i88,6.6
1if8,9.64
3uyr,6.9
3h5b,10.0
6i62,6.8
1g9d,5.3
1jaq,4.48
4abd,4.4
5tkk,8.28
3sff,6.7
3zi8,5.66
2j94,6.27
5jyp,7.0
6fgc,5.48
5b5g,5.25
4nuc,6.04
1z95,7.12
1q4k,6.55
3p3j,7.92
2oqv,8.4
6imb,4.23
3d7g,7.77
5d2r,5.82
4lhv,10.0
1fig,6.22
6awn,9.2
3ls4,6.3
2jt6,7.6
6e6j,8.1
3ctr,5.16
3v43,4.63
2gfk,4.52
6qfg,5.52
1g9r,5.7
6ghp,9.36
1yqy,7.62
3q77,8.22
1vea,7.52
1fzj,8.1
6dxl,5.8
4ej8,5.39
5mon,2.48
2ylc,7.89
4n5g,5.0
6apw,6.17
3vfq,5.19
3nin,4.91
5zag,6.97
4an1,10.26
1v3x,7.62
4dru,8.62
2gpp,5.7
4a6l,8.0
3oag,9.51
5a85,5.3
2xp7,5.77
4l7n,4.84
1me7,7.19
5dhg,9.14
3ooz,7.85
4mo8,8.0
1czl,9.15
2o48,6.01
3p5l,7.39
6do5,7.16
3c2o,3.35
6s4u,7.76
5cqt,6.91
6j0k,5.64
3t0t,7.04
3mf5,5.36
6ckc,8.22
4kln,7.7
2jkh,8.05
2avq,4.39
1umw,6.55
6h4p,6.99
4m3p,5.4
1g74,6.52
3bmn,4.46
4ps5,6.54
2j4g,6.6
3p4v,5.1
4ju4,6.47
4ybs,7.24
3c79,7.2
3srb,4.19
6gvz,6.4
4abh,4.15
4zw6,5.72
2xys,7.42
6ftf,8.1
4fck,1.26
6i76,5.07
5wg7,4.7
2fw3,6.42
4a9n,5.82
5wa8,6.23
1gi6,6.22
6i0c,6.85
4dhm,3.78
5dcz,9.3
4nrb,4.42
6nng,4.23
2b5j,9.1
3l5r,7.42
5dtr,4.41
3lq2,5.22
5tri,5.06
1m13,7.57
5cgc,9.3
1so2,9.57
2oph,7.8
6dz0,9.03
4g2r,4.45
5uxm,5.44
4za0,7.21
1tnj,1.96
6npf,5.85
1f0t,6.0
2fzc,2.7
4zba,5.51
1fq8,6.03
4b7r,9.64
5dgj,4.73
3uug,4.51
5ehv,3.08
1t13,7.38
4crd,7.1
5fb1,5.92
2gfj,3.82
3arr,5.4
3hkt,5.39
1df8,9.7
1t1r,5.4
4lzs,4.8
3nsh,6.33
5hka,6.46
6dgq,5.51
4q6d,7.36
2wnj,6.48
1mtr,8.4
6gmx,2.17
3kdt,6.59
5cy9,6.66
6peg,5.16
4xaq,7.14
2vnp,9.92
4nrc,3.62
5d29,7.01
4frj,6.55
1gt4,6.52
5dgm,6.4
6dgy,11.3
4pxf,3.1
1pro,11.3
4mmm,3.82
5yhl,7.74
1uvt,7.64
3po1,4.02
5u6j,7.64
6p87,4.6
4b4m,6.69
2oah,7.96
3ejq,8.57
4hso,4.66
5ox6,7.54
6n5c,6.43
4ycw,5.68
2oc4,7.07
6eji,3.52
1w5x,8.4
1w9v,6.34
6oy0,9.3
4k0o,3.0
6npp,6.05
4ca8,6.68
5n34,4.63
4q1b,8.72
4np3,3.3
4k19,8.36
4wiv,6.26
2za3,3.68
2pjt,6.07
6c7w,5.47
3d2t,7.12
5dqf,3.6
4m5m,4.74
5afm,4.15
1yvf,7.0
1qj6,7.74
5y7h,7.73
4j0s,6.42
6cgp,7.12
4ir6,6.08
6nad,9.3
2qi6,10.57
1tyn,9.7
5q0j,6.62
3nij,4.89
6bs4,5.55
5nat,4.7
5emm,7.74
5jao,4.0
3c56,7.89
5tyj,7.46
1qr3,6.59
4dcs,5.1
1ll4,7.22
6gbw,8.45
3kqy,4.82
3d4y,5.7
3hbo,5.09
5ksx,5.43
3c89,6.07
4fak,4.28
6dj5,8.14
3ixk,8.18
3gm0,7.77
2ybu,6.38
5k7h,6.0
1w2g,4.57
5a2j,5.85
2pjb,7.72
6gnp,4.55
6dub,4.74
7abp,6.46
6a93,8.16
2jkp,4.23
6d55,7.36
4xuc,5.96
6c8x,12.3
6jsz,5.68
5nt0,6.55
4poj,8.1
2ew5,5.9
1c6y,9.51
5kej,5.11
5juz,5.52
1swk,12.0
3fsm,7.0
6oht,6.45
2dri,6.89
4bnv,7.52
6hdn,4.3
2wey,7.12
3wq6,4.59
6jof,4.98
3hww,7.12
3arq,6.4
5kj2,7.82
1zd5,4.87
2vw2,3.3
5wyr,6.39
2hmw,7.7
4pnt,5.82
4mu7,8.85
5trj,5.92
6dj2,8.12
4ufm,3.72
5oje,5.21
5zcu,5.67
5wqk,6.3
3i3b,2.23
5im3,5.82
1tvr,7.48
4jfe,4.51
1v2r,3.55
4zb8,6.03
3nee,5.34
1iyl,9.0
2hrm,3.56
5adq,5.7
2hnx,7.08
3mhm,7.0
5vdp,4.05
4k6i,6.2
5n49,6.33
4lov,7.77
2wnl,6.0
4q3u,6.44
6jno,6.63
4hdc,8.92
5bnr,6.28
3s9i,5.7
4wef,2.59
3hqz,9.38
5mra,8.0
6ewe,5.51
5ni5,8.05
5aly,6.73
4g0k,5.37
4q87,4.85
2obo,7.24
3oyw,4.11
4uat,5.89
1tnh,3.37
4r8y,6.19
3wzp,6.82
1onp,7.52
4i9s,6.79
4urz,2.52
4an0,10.7
6cnk,7.77
4x3t,4.54
5l6h,6.62
3vva,9.32
6ghv,4.28
1ntk,10.49
1gx0,4.22
3g4l,8.24
6jay,5.7
1aid,4.82
6fcl,4.64
5f5z,7.07
6apu,4.87
4gfd,9.48
2zir,8.19
4e9u,5.82
5znc,7.52
2f1a,3.14
3ml2,8.05
3hx3,8.0
5etp,6.15
4d2d,3.47
4phu,7.92
1o2v,5.85
4unq,6.62
4wrq,5.34
4kai,7.3
6nzk,4.3
4pnr,6.34
6pi6,5.66
3kce,4.8
3qip,6.89
5ety,7.51
5d3x,6.36
3l4w,6.0
1v7a,8.01
2ax6,7.57
5i7y,7.28
3tao,5.14
6qln,4.66
4frs,8.77
6j06,6.59
1ivp,7.52
4uyh,6.3
3gy2,5.74
5sz2,8.7
4hhy,8.72
1y2f,4.92
4x8s,1.89
3n86,5.64
3zhx,6.68
5ehw,3.0
2wly,6.6
1zea,5.22
5ey4,3.12
6eo8,7.0
6hoy,4.48
5ka1,4.48
3kqb,9.3
4d88,7.31
4oef,4.76
2x3t,6.05
5dlx,5.7
1j36,7.74
5vm6,7.11
1v16,3.87
4y94,6.62
6isd,8.24
2zis,8.55
4imz,6.92
5lbq,5.11
2viv,6.28
5nq5,5.0
3oki,7.15
3ipy,6.29
3qxt,5.22
1o3k,6.77
6chh,5.57
1a46,5.7
6upj,6.32
2fyv,3.52
3b4p,5.4
3fmr,7.97
1xzx,10.22
3ken,5.4
5kre,7.23
4u8w,11.24
5hdv,7.82
6pf5,4.96
4j3l,7.8
5am0,5.88
2eg8,4.5
3cf9,4.83
4bj9,7.35
3rux,9.28
3eks,5.7
1uml,7.52
3ljo,6.62
1i90,8.89
2yb9,9.22
4p7s,7.42
2xto,6.2
3gwv,2.6
3sud,9.85
3cfn,5.0
3bxh,4.03
4mme,6.5
2jj3,9.55
5jc1,6.82
4q4r,6.43
6pt3,9.41
3wcf,7.28
2vc9,8.44
2pk6,10.89
2ych,3.0
5eq0,5.92
3khv,1.85
3px8,3.64
2qcn,5.0
2lpr,8.89
2vj1,5.3
5y6f,6.85
6an1,5.35
4z2g,6.66
4jfv,6.28
3arf,7.19
2hmb,5.59
5d3j,5.24
2b9a,8.05
4hzt,6.12
6ahi,3.6
1q6j,7.8
3ux0,6.26
4yha,6.65
6fe0,6.48
4wey,3.5
6jaw,5.66
2aq7,3.3
4xum,4.67
5mli,3.9
6ce6,5.1
6hgz,5.97
5yfs,4.86
3vtr,5.57
1alw,6.52
5als,7.72
1d1p,3.6
4b6f,3.3
6rot,6.32
3hj0,5.71
1lvu,5.32
5yyf,6.48
5fpu,6.26
5q16,7.87
6cer,5.36
3oy8,3.66
1g9c,5.3
5myk,9.0
2p7z,6.58
4arb,5.89
4iuu,5.65
1hp0,6.7
3olf,7.7
3vd7,4.48
5a1f,4.61
5wlt,6.81
5mwh,5.74
5t8j,9.0
4rr6,6.0
1eou,7.44
2q8h,3.0
6max,4.87
6fod,8.15
4e4a,2.05
3csl,7.22
5alz,8.22
4lw1,3.15
4inb,6.05
1nhg,7.3
3tv8,7.15
6ufn,5.64
4d89,8.7
5l8o,3.38
6qre,4.85
4qga,7.92
5jf5,7.2
3wqh,8.48
4exh,6.15
1r58,6.96
4m5n,5.12
4z0q,8.17
5tmn,8.04
4a16,9.37
5k8s,8.22
6h33,9.22
6ays,9.19
5ov8,4.74
4yqh,8.05
6qr4,6.23
3ljz,8.14
5i3m,7.4
6h7u,1.98
3m35,7.22
5v1b,7.47
5kqy,9.29
6mim,5.7
5z1r,5.7
4pb1,2.82
1xpz,7.08
5y0g,6.7
4ucs,4.21
6qrd,7.0
3zov,7.22
4b13,5.7
2xib,7.26
4pnn,4.52
4m5g,5.01
5e3g,4.3
1h39,6.54
2ydm,7.44
4ty7,9.52
4h3g,8.22
3gst,6.72
1mu8,9.0
1hos,8.55
6q6o,7.54
1w4p,4.74
4cts,5.0
2pqz,5.67
1xk9,6.85
4ciz,7.29
1bnq,9.49
3myq,7.52
5l7g,7.8
4aa1,4.12
1dy4,4.36
6mdq,3.44
5cnj,6.84
4ycm,7.72
3egk,4.66
6nj0,6.61
4j93,4.7
3rf5,5.63
1h9l,3.12
2q1l,7.91
3g7l,6.72
5osk,5.6
2i3z,8.7
1vgc,5.92
3ik1,4.85
4cd5,6.71
4ctj,2.51
5c3p,4.46
4tx6,5.59
2wap,6.64
3aru,3.22
2f6t,4.62
5t78,7.37
3ufl,6.82
6ahs,5.82
1hk4,5.31
3mea,6.3
4lil,4.9
3wk4,5.13
5vqu,5.11
5zo7,9.0
1d2s,9.74
1f74,3.05
5odu,3.28
4g93,3.52
2ork,2.85
4j1c,7.31
4dvi,6.72
3kqs,5.2
1rne,8.7
6d56,8.05
4obz,5.72
3snl,9.15
4puj,7.46
5w2s,7.33
4nwk,8.7
1fh9,6.43
6ful,4.92
3ap7,3.0
3s78,6.47
1qq9,2.06
3ur0,7.15
2o9i,7.4
6bd1,4.78
3nq3,3.78
1d04,4.59
5mgf,4.27
1yw8,8.0
3ens,8.05
4ajo,7.03
1bp0,5.4
2l6j,6.26
1q9m,6.48
3eq7,9.09
4av5,7.21
5hzx,8.55
2f4b,7.3
3ryw,6.24
6gx3,3.6
6ezg,7.69
4nj9,6.97
3f7h,7.09
6j0g,5.64
2cni,7.68
5lpd,10.15
5u7k,8.15
5j4y,6.05
5f3g,6.9
4p4j,6.15
4qsm,7.41
5l2z,10.22
5m1z,4.18
3f17,8.63
5o8t,7.13
6cjv,5.66
3dpf,7.24
1h4n,4.92
5vqe,1.49
2anm,8.74
2pvv,3.36
4b8y,8.05
2ajl,7.89
1tys,5.49
5lgq,7.05
6esy,5.59
6qfu,7.46
6g25,3.52
5lhh,8.17
5axi,3.92
6e5g,5.37
2xel,3.9
1thz,5.15
1w2h,5.0
4dtt,5.54
5a6a,7.22
2p1c,7.68
4p4s,4.94
5zmq,4.74
4cs9,2.1
2xbv,8.43
1w12,7.85
2iok,9.0
6h37,8.59
4nak,5.85
5t4u,5.32
4fil,7.47
5m5q,7.05
4ezy,5.65
4ih7,5.24
6dtx,8.35
5flp,3.2
4b0j,2.15
2nmz,8.37
3chr,7.21
3rv7,4.85
4y59,5.24
1pwq,4.96
1h7a,4.72
3zj8,3.9
4x2i,6.46
6cvd,4.0
4keq,3.82
5a3q,8.6
6fac,6.75
4mc9,9.44
4ia0,7.11
4urv,2.77
3zmv,4.26
2glp,5.01
3d8z,3.37
5ntq,7.47
6jdl,4.89
4c1h,4.09
1e2l,4.29
2o3z,5.7
4pf5,5.48
4lrr,5.22
2q55,8.69
3fej,6.13
6hsh,7.55
4c9w,6.11
4db7,6.56
4r6x,5.27
4wy6,5.97
1pxh,8.74
6qfv,7.31
5hz9,7.03
5izm,5.92
3ui7,9.0
3sov,4.21
5jsj,5.4
3h2f,4.06
4bo4,6.89
6c0s,7.05
6i8b,8.0
1p93,7.72
5ny3,7.47
2gj5,8.32
4p4b,7.85
1mto,6.96
2xp5,3.44
5htz,8.62
3djq,2.98
1i80,6.41
3qio,6.84
3cic,8.52
5f1x,6.11
1tou,6.0
5y93,5.64
5j41,3.7
2ow7,4.85
1egh,5.7
2g2r,7.89
6r1x,4.4
4pyv,6.7
6fqu,5.66
5g57,8.4
4mg5,5.34
5v40,5.8
6m8b,5.36
5dnu,4.11
6i8m,7.8
4fcb,8.54
3sk2,3.61
3w07,3.38
5eis,5.74
1yrs,6.35
4ayu,4.73
7cpa,13.96
2gg2,6.6
4hxm,6.1
1uom,7.72
3iit,8.02
1y3v,5.64
1kuk,3.91
2y5g,6.84
4d7b,7.68
4esi,4.15
3ind,5.82
1j16,3.84
5kdf,3.27
3v9b,9.3
5axq,10.1
5vpm,8.8
1tq4,6.19
6ak6,5.56
1ibc,10.25
2z9g,6.15
1oyn,6.26
4btu,9.3
3bt9,5.71
5a6b,8.1
4jib,7.35
2aow,7.42
2izl,6.0
4ury,2.22
4uyg,7.6
3zs1,6.4
1uk0,8.1
3hau,6.38
3cr4,4.28
5zvw,8.62
4jzf,6.76
4q9o,5.77
4nxo,7.22
3kr1,5.74
5ywy,7.23
3d7f,9.3
2e92,6.89
3ch9,3.3
1thl,6.42
4pyo,4.52
1g2l,7.24
3mfw,3.52
4um3,7.54
5k0j,7.12
2g8r,3.99
6cyd,8.7
2oc2,8.52
4ga3,7.52
3t0l,4.52
3n7r,7.7
2wk2,6.82
2aig,5.0
2flr,6.1
6cwh,7.54
1ols,5.82
5jr6,4.69
3g4i,9.04
2xc4,8.05
4bqw,7.48
2pcp,8.7
1ws4,3.0
4azg,7.1
2ylp,4.3
2mip,8.46
2ovv,7.92
1b42,4.01
4l1a,8.27
5ehi,3.34
1dbk,8.1
3nx7,8.1
4lkh,3.0
4mx1,3.68
5wpb,3.57
4k2g,7.7
4l7u,5.66
2w5g,6.07
1qy2,5.74
3ffg,9.08
2wf5,6.0
1nc6,8.0
6fuj,4.3
2z4r,7.62
3p76,8.68
5yl2,4.5
3vhv,6.29
1f8e,4.82
2vl4,6.01
4mrh,1.9
6hq3,6.11
5sxn,4.96
6npm,3.96
2nmx,5.57
3m8q,9.52
3deh,6.83
6hsk,7.03
2vwl,7.02
5hz6,7.8
4b5b,6.41
2xbx,7.82
4zpf,6.74
2c1n,4.11
1sqt,6.2
5zkb,8.7
3bhx,9.15
1tyr,7.0
3exo,4.62
5u0y,6.08
4c73,4.92
2e91,6.59
4pkw,4.65
6ba7,8.15
4u54,2.06
6g2m,7.82
3mww,7.24
6fkp,6.52
4unr,8.7
4yax,5.82
2agv,7.7
6f9u,5.13
3dcr,8.2
6n0j,5.37
5f39,5.1
1o9e,4.18
5uwm,6.45
4e1k,6.3
5f60,7.37
1o30,6.77
5xmu,7.51
2zdl,6.4
4rra,4.87
3h0a,7.48
2qpu,3.6
3kn0,3.6
4lq3,6.35
2cfd,7.49
6k2n,1.36
3okv,6.23
6df2,7.24
1ofz,4.62
3uik,4.97
6c2x,4.76
3dgo,6.74
1rtf,3.04
3hp9,4.59
1a4m,13.0
3aje,5.03
3zm5,6.74
1fax,7.39
5e0g,5.8
1ym2,8.0
4bt5,2.76
5d3c,10.4
5dw1,7.1
6bfe,5.85
5c1w,5.06
2nq6,5.82
1gx8,6.37
4d8z,6.29
3sut,7.85
4baq,9.01
3lcv,4.74
2cli,4.3
4x3k,4.56
5mgg,3.3
3u81,4.44
3afk,3.6
1jd5,6.62
5hrx,5.29
3fhe,8.6
5tzy,8.7
1aaq,8.4
3qcl,5.4
3b7u,7.74
3arn,5.41
4x61,9.0
6gj8,5.87
4kyh,5.92
5hm0,6.36
4mmf,6.53
1ugy,3.72
2feq,8.86
3n0n,7.3
2yc5,7.46
5q1d,6.12
2cer,9.22
2r23,3.72
4puk,7.28
5ur9,6.05
1mh5,9.21
3d27,4.25
5e1b,4.84
4urx,2.89
4g2y,6.0
3zxv,7.31
6mu1,8.1
6u7o,10.81
2g94,9.52
4rcd,9.15
5fi7,7.4
5wj6,7.57
5d45,6.92
3qem,7.22
5ux4,7.05
5t8r,4.29
4jfx,6.44
6qqq,5.17
4oks,4.48
3si4,3.88
2vqt,6.0
4bkt,3.62
4bo3,6.52
3gw5,9.33
3k83,7.66
2bua,4.52
4j48,5.62
4pz8,5.92
1z6d,2.34
5o1c,3.95
4rad,7.1
2g1y,7.05
5wqj,5.52
6cdj,11.7
3jrx,9.0
4ghi,7.09
6faf,6.51
5mpz,4.07
6fi1,2.15
6dgl,5.52
5xhs,5.05
1h5v,3.93
1ocn,6.39
1c29,6.33
2pwc,6.57
2zq0,6.82
3oj8,8.36
3obu,4.3
2i0g,9.72
6fnx,4.9
4jit,6.64
5erg,4.35
4wz8,7.21
5mwg,5.77
3ebh,6.32
5upe,8.05
2cen,8.3
2y1g,6.15
4men,3.9
5kh3,4.22
6h7l,8.97
5h8x,5.51
4ufd,9.68
4fxz,7.03
5wgp,5.62
2jnp,6.89
5nze,6.39
3u5j,5.61
4ufl,2.64
4y2v,4.04
5vad,9.12
3g0d,8.3
2w6u,5.0
6h51,6.87
3zmt,4.55
4gj6,5.12
3doy,5.82
4zjw,6.66
3l38,7.0
5nzn,3.66
1xn0,6.24
5nzo,2.24
3w9r,6.18
1fwu,3.7
1v41,4.7
1w10,7.55
5afk,3.88
5jfp,9.32
3c0z,3.95
1zsh,7.07
2r1y,4.51
5obg,7.13
3tkw,5.27
2vk2,6.89
5hex,8.0
4x5q,9.0
2zc9,6.74
2xef,9.84
3jzc,8.53
5yjm,7.68
1hn2,6.0
4j08,6.66
5xsu,6.74
5nz4,6.28
3iu8,6.24
6os5,5.36
3ueu,5.24
3fty,3.21
5gvl,7.38
6euv,8.62
4kql,8.77
6c7q,9.15
5vsj,4.02
6drz,9.8
5irr,5.27
6fo9,7.75
1d7x,8.52
4x60,9.0
5fl1,8.49
1a7t,1.64
1drj,7.4
2zx7,10.49
6ghh,6.71
2fl2,8.7
3rdo,9.85
1zaf,7.7
1zpa,8.4
3ewu,4.62
5e1o,5.43
5lhg,5.6
2w0d,8.7
1hi4,4.49
2psx,5.77
4ael,7.92
5k5s,2.69
5ti6,4.68
1xur,5.18
2k62,4.7
5o1d,4.66
2rjs,2.28
4arw,7.13
2x6x,3.68
1qk3,5.15
4uiv,7.8
2c6g,3.37
4f3h,6.38
4ede,7.38
5jq9,4.65
1qan,4.48
6csr,6.84
5aba,2.98
4tz2,3.46
5voj,8.44
3erd,9.9
4kmu,7.92
3i0r,8.52
1xap,8.7
5tz3,6.85
6ia7,5.7
1tmm,6.64
3cf1,6.64
1i9m,8.48
3lil,8.08
6bgz,6.39
6nyv,6.51
6duh,7.42
5vp0,9.21
6fgq,7.85
3hu3,6.89
2aoe,7.62
5lif,5.87
3b8h,4.2
4r0i,6.52
4uiz,4.7
2aia,5.41
4a4g,2.99
1gaf,8.0
2jsd,7.77
5h5f,4.43
5v5e,5.52
3rm9,4.77
5v7w,7.12
5oa6,5.51
4cpw,7.5
4ask,7.22
2ai8,6.8
1kc5,7.0
6euc,3.77
2vjx,4.96
3wv2,7.92
3egt,8.9
5zh5,5.33
4ht2,6.54
1drk,6.82
5sym,6.55
4y2u,3.24
5ktw,7.52
1m7d,6.23
5ii2,4.89
2cle,3.55
3fwv,5.64
2hnc,7.22
2qhy,7.48
3px9,3.42
4b5w,3.33
2p4s,9.51
4gzf,8.36
3liw,7.6
4yx9,5.35
2ypi,4.82
4n5d,3.22
4xub,5.97
5w8i,6.82
5zbz,4.95
4oc1,6.6
4tpp,8.59
4mcb,5.82
1s64,8.4
2xp6,4.7
3ztc,4.56
4p75,4.1
4mlt,2.85
5dhq,5.7
4lm2,3.03
4fut,6.51
3w0l,7.02
2fov,7.55
1hpv,9.22
1o0f,5.3
6d4r,5.96
4p2t,5.43
6gfs,6.54
2bz6,7.09
2r6f,8.0
1hte,5.64
3fal,6.78
3zll,6.4
5mxo,5.27
2q11,6.05
3gs7,5.44
6czf,5.8
5hrw,5.48
5lwd,6.24
1meu,6.1
4meo,3.6
4dr9,8.0
4bt3,3.12
1g27,8.15
4y2j,3.1
2w6z,2.82
3sur,4.15
6p8z,4.7
3qpp,7.92
6e6m,5.75
5vew,5.15
1hnn,6.24
3ty0,7.08
2jfz,5.24
6c7g,7.74
6n5x,4.6
1o5b,5.77
1mq6,11.15
2o4p,10.72
3duy,5.85
2gc8,5.51
5ets,5.91
2h03,7.05
4az2,7.33
2g63,8.17
3zlv,3.52
1akv,11.59
3lkh,6.1
2qe4,7.96
1z1h,8.4
3m94,5.08
6ela,7.59
2g78,6.92
3twp,3.92
5u2f,6.71
5foo,2.62
3vdc,4.92
3sh0,5.66
5drs,8.96
2nww,5.48
5bnm,4.82
2jjb,7.92
1abt,5.85
1k2i,3.11
6orr,9.3
3t60,6.7
6h4d,7.96
1ro6,6.46
4xwk,4.63
3t07,7.8
3qwc,4.26
1zsf,9.92
4y2b,8.36
4pli,3.16
3r7n,6.15
3s74,8.4
1avd,15.0
2zn7,7.89
6czb,4.33
4krs,6.52
6br2,8.72
2ow1,9.0
6dif,10.72
3obq,3.54
1rt2,8.22
6j81,6.29
6gxg,5.24
1fsg,5.02
4zpg,7.26
5fso,6.09
4knr,5.74
2fu8,4.7
5ndd,6.46
4n3w,3.5
2hmv,7.7
3u4o,7.28
5clm,7.36
3nu4,8.82
4jff,9.22
5abg,8.05
1akq,9.1
3gsm,6.48
4q1n,9.7
4jck,2.37
2gh7,13.0
6afd,5.43
4hnn,5.7
2r1w,4.6
2vh0,8.51
3f3d,7.16
5ufs,8.49
3tc5,5.17
2fvc,7.49
5apr,7.77
2zq1,6.62
3zst,1.72
5f6u,2.52
5vjp,4.83
4yux,3.74
3d9p,4.54
4ms0,3.39
5f2u,8.43
5u0e,5.11
1fki,7.0
4xoe,5.0
1o2j,6.92
2v77,5.06
4y5i,3.52
3svj,6.93
3f80,4.22
4bis,5.85
2cm8,5.87
3fei,7.7
2y07,6.22
4kwf,4.82
5dl1,5.0
5am5,5.74
2f3k,7.89
5cwa,4.77
1mrw,9.7
1zpb,6.07
3g8e,5.35
4b11,5.64
1yei,7.46
1igb,6.4
3qzv,4.16
3k5x,6.41
6d49,3.93
1tfq,7.92
4jgv,6.57
2q8s,6.73
6h5x,10.82
6jsg,8.34
5etl,4.64
4yt7,8.77
5tgy,7.35
3ipb,6.7
3n6k,6.74
5ar0,6.14
1aht,6.21
5jv2,4.0
3v7x,8.57
6p8y,6.2
1jao,5.92
3cde,7.66
5j4v,5.85
4jft,5.46
4e28,5.89
6aa4,6.33
3cd7,7.84
3ua9,7.25
2yig,7.1
2y8c,6.4
2pj8,7.74
4pnc,5.43
5g42,2.3
2aez,2.46
1jmi,6.06
1p6d,2.94
2xni,7.37
6if0,6.51
3d45,5.68
1ft4,6.57
4mgd,4.69
4mgc,6.32
5lb7,5.05
5ti0,4.21
4do4,7.29
4bqx,6.52
5khm,8.3
3p3u,6.48
4dro,5.41
5f91,5.2
5w4r,7.48
4v24,8.37
4own,4.22
4gzt,7.77
3b9s,5.3
4y6r,5.48
3gk4,3.92
5i2z,7.14
2p09,6.35
5m6f,6.66
6agk,5.58
6g6z,6.66
5khj,3.74
4tww,4.2
1jk7,8.52
6n3v,5.61
4mds,5.21
2yc3,6.85
6p85,4.99
2fai,6.24
1tl1,6.42
3inf,7.4
6n82,5.96
3uh4,7.96
4u0f,5.92
4pyy,7.23
5nyz,5.03
5i2r,7.72
5fah,6.15
1t3t,4.96
1tpw,3.3
4i60,5.73
4xu0,9.11
6ea1,6.59
5uxf,7.06
6c8p,6.7
6f6r,8.25
5he4,7.7
4nyt,2.39
5vjn,5.06
2wk6,3.32
5orb,4.29
4l0t,7.18
2w66,4.05
3u8k,8.66
4kp5,6.08
5vp1,9.29
5ekm,6.32
2a2g,7.0
1xa5,6.5
2nqg,6.48
4bzs,7.12
4m2r,8.49
1pu8,3.1
6aaq,2.41
4yxu,7.24
1x07,3.28
2pvw,9.52
1nde,7.82
3n9s,5.26
4jg0,6.76
1jiz,8.7
5v8q,8.44
1bcd,8.7
3spk,8.52
5dgw,11.05
1c5p,4.68
2rcu,6.68
2wo8,6.28
2wwj,4.48
5am4,6.95
5ehn,11.64
6evr,8.06
3a1d,4.12
3sax,6.57
6j63,8.19
1kel,7.28
4caf,7.12
3chs,7.77
5isz,4.49
2vcb,5.26
2hjb,4.39
2wyj,9.0
6d08,5.29
1jmf,5.77
4us3,5.32
3ztd,4.02
5kde,3.89
3ifo,7.26
4gtp,7.94
3k39,8.08
4n7h,5.48
3pwk,3.35
5oh3,3.87
2vmc,2.94
5csd,7.89
5yft,5.0
4b7z,4.31
4y2s,4.28
5eh5,5.87
1q72,6.85
2bmg,7.74
5djr,4.86
1swi,3.1
4pgb,7.48
5wmg,8.21
5ayy,5.32
4x8u,2.46
1way,3.4
2gek,7.52
5klt,6.76
5lli,7.05
4o0a,6.72
4pov,8.28
5l13,6.96
6iby,7.82
5wtt,6.6
5fqr,7.59
6jsn,8.42
3arg,7.26
4oya,6.44
3ehy,5.85
4ewn,6.7
5aib,3.8
5ku3,4.89
4tjw,6.02
5djp,5.15
5een,8.96
2xpb,5.7
5jxn,6.41
456c,9.77
4b9w,4.17
4jpc,7.03
5a09,8.46
4u6w,4.21
2ew6,4.97
4wvs,6.27
6bfx,7.1
6pya,6.82
4udb,9.15
1sqp,8.2
3u78,5.6
4euc,6.1
6msa,7.08
5jpt,4.6
3dp9,9.68
5yso,7.4
1bkj,6.77
6im6,4.68
6nji,6.99
1w0y,6.42
6od6,8.21
6nxz,5.46
6jse,8.77
5bqi,9.05
2yg2,6.05
5nvv,6.7
3qtv,4.65
6r1w,5.3
3ftq,5.33
4k55,5.51
4n8r,5.0
1np0,3.57
5gwz,4.71
3k0h,4.6
4oc0,6.5
2hha,6.91
2g5t,9.09
5ulg,6.72
4est,5.02
4hlw,5.38
4ucv,2.88
6asu,5.21
1vj5,6.92
5vqs,5.7
4o97,8.52
5wg8,5.74
5gvp,6.78
2g1q,7.36
5mrm,5.03
3opm,6.62
5lz9,6.92
2py4,6.7
5nlk,7.46
2pnc,3.33
3nhi,8.43
3rz1,8.74
3d1z,8.8
5zk3,8.74
5l8c,7.0
5vkm,3.55
1kcs,7.0
5yqx,6.96
3ucj,6.0
4ddl,8.31
4xnw,7.74
2qwf,5.67
4i7f,7.0
5edd,5.24
4bgk,6.28
2er6,7.22
6f4x,4.97
4pji,3.7
3ejt,7.36
4o4r,6.06
5t4e,5.36
5lvx,7.25
6e5s,6.44
5yie,5.25
5jjm,7.51
4jhz,6.02
5ugm,5.9
4hdf,8.49
5zdd,5.75
4qrh,5.15
2k4i,3.84
4x49,4.53
5yg4,7.37
4avt,8.06
4n8q,3.42
6oxr,10.32
5hv0,5.96
4y38,2.4
6gfy,6.61
6ccx,3.15
2yne,8.57
3skf,8.3
5ti7,4.96
4o7d,3.0
5d26,6.09
5dyo,10.21
6hrw,6.0
5h63,5.92
3mxd,8.83
6hrz,4.0
2r1x,4.8
5u14,5.34
5ehr,7.14
4frk,8.1
5jid,3.76
6nfo,5.57
2vte,3.91
3msj,3.11
1lyb,11.42
3ew2,6.67
1abf,5.42
6fty,2.7
4ryg,8.1
5eei,9.22
3pcb,2.4
5mi5,6.77
1f0s,7.74
4msc,5.96
2csm,4.3
4buq,8.14
1qcp,7.52
3wtm,7.0
4lxk,8.4
3zvy,5.1
5aqt,3.51
3n75,7.89
4pl6,3.1
5fdi,7.73
4x7i,7.69
4q99,6.28
5aqn,2.77
5o9o,4.89
1o2o,6.36
6c7j,8.88
1apv,9.0
6agt,8.4
4rn0,6.59
5ldo,3.75
4i2w,3.92
3a3y,9.15
3k9x,8.4
2vvs,7.34
4aif,4.84
5ai0,3.69
3t83,6.98
3c14,3.52
1r4w,4.05
6v1c,4.19
3oxc,8.41
1ciz,7.44
2f6y,3.87
4gts,7.89
4kc4,3.23
3ex6,3.66
5m3a,5.7
1wok,7.48
4x9r,7.82
5alf,6.69
6j72,6.13
6pf4,4.8
2q15,7.96
4qr4,6.6
1gnm,6.25
4ir5,6.21
4fe9,3.0
5l2y,9.85
4um1,5.77
3fv3,9.52
4gne,2.47
3sfg,6.06
6jdi,5.11
5za7,5.87
6g2e,5.01
3gjt,6.77
5qcm,6.96
6d3q,8.47
1k27,9.0
6ooz,8.05
5tqg,9.62
4qtl,6.92
1esz,6.52
4o2b,5.74
5g46,2.6
3cho,6.55
6eqa,4.85
4gs9,5.66
6eq2,5.89
5z7j,6.6
5ewa,4.82
3e9h,7.55
4lbo,5.77
3a1c,4.0
1ph0,6.92
4mg8,6.48
6std,8.64
5ivt,9.1
1c86,4.7
4ibk,4.3
3itu,4.4
3r2a,6.12
5boj,7.0
4ydg,7.82
6ndl,7.19
1doj,8.96
1cp6,5.0
5xw6,4.91
5i12,5.92
1zom,7.52
5epr,4.04
4mwx,7.12
4fgz,2.87
6d1m,8.2
1sh9,6.03
1wc1,4.0
4uit,6.7
6n93,4.69
3gk1,4.1
6p86,4.7
3wch,7.05
1ur9,5.77
1rwx,7.37
5mks,4.77
6h2z,9.3
2zif,4.37
3f0r,6.89
2wjg,7.1
2qve,2.32
3r16,7.3
5v3x,6.59
5gic,6.48
6h12,7.68
2q5k,11.3
3wd1,7.66
2c97,6.14
2ra6,4.52
4zum,6.57
6rqk,2.8
3pkb,6.21
4trz,5.03
6r7r,6.33
1e4h,8.41
3rbu,9.43
1rpj,6.48
5zyl,7.06
6hgx,7.11
3gjw,8.3
4dq2,7.52
5g4n,4.0
5ak0,7.68
5q0h,7.92
3ddu,7.4
1jlq,8.15
3mag,4.07
2y58,5.5
2ypp,4.41
3e0p,7.92
3ads,5.01
4u5t,6.7
6n97,5.15
3st6,3.62
4e1e,6.31
3zxh,8.52
4ok6,4.85
2a4q,7.18
4rd0,6.62
2ylo,4.88
6m7h,4.7
5f25,5.04
2azc,6.74
4hdp,7.51
6rmf,8.0
1h9z,5.42
5yjf,5.74
5e3a,5.44
5v7a,6.38
4poh,8.0
4n6g,5.47
1jwt,7.85
3fr5,6.35
6ax4,8.22
4asj,7.55
5aqo,2.85
6r12,4.4
3hk1,6.17
5mi9,8.35
4ok3,4.15
1q6t,8.3
6mdb,7.17
3omc,5.0
1il9,3.4
3o9e,11.3
4hzm,4.63
4rd6,6.28
1xm6,6.38
3twd,7.74
3i9g,8.96
3kwj,9.3
5f2s,6.7
1a4q,5.44
4muv,5.76
6h1h,6.17
6q7a,8.3
4pci,5.12
1sdt,9.27
6csp,8.52
2gz7,6.52
1acj,8.09
5o22,8.0
6o4x,7.4
3wjw,3.87
5hk2,8.59
3oay,1.7
1g9b,5.3
4eox,9.55
6esm,5.53
4kp6,9.09
5ula,7.11
4ejl,5.14
5vqy,6.29
3uw5,7.85
3ipx,6.92
1ikv,6.28
5y2f,5.15
6bw5,8.25
2h5j,7.91
3ctt,6.35
1ec0,8.49
2wib,4.93
1zsb,0.6
2gss,4.94
1nfx,8.52
4ij1,5.4
5gmn,4.73
1eat,7.82
1owe,6.2
6c7x,7.19
4dwg,7.24
5j75,6.82
4h1e,8.52
5nx9,4.6
2v87,4.6
4wrb,6.19
3uz5,7.22
3kba,7.8
2xzg,4.74
3k8o,11.07
3ftw,2.78
1qwu,3.22
1hk3,6.59
6fo7,7.87
2cmc,5.76
2f7i,7.1
2aoc,4.89
4zyu,5.97
4apr,6.7
6fe5,9.3
3o9b,12.3
6uh0,6.07
5j19,6.6
5l26,5.35
6ueg,4.71
1zkl,5.09
1zfk,7.92
3pck,6.7
3c1k,9.44
1nhz,6.08
1h2t,7.89
5q14,7.68
2wxd,5.48
6a84,8.28
1efi,1.92
1c2t,6.59
3rm8,6.15
4o72,6.0
1pkx,6.92
1o5p,10.0
1nje,3.8
1j4r,7.72
3irx,9.0
4m8e,7.89
3u1i,5.25
5ubg,5.17
4l34,6.94
3ifl,8.08
3zm6,6.52
6fh7,3.0
2f1b,3.0
2ql7,6.26
2afx,5.15
5hva,7.07
1ndz,8.11
4az3,8.3
2wo9,7.21
1f8b,5.4
3mho,6.49
6g3v,6.04
5mi7,7.11
4ih5,4.11
2i2c,4.7
4mwr,9.39
4ylu,4.0
5ohj,10.42
1l6y,3.66
4hzx,9.3
5w7i,4.95
3str,8.4
4m8x,10.2
3n4l,7.23
4nzo,6.77
2afw,4.77
2a3c,4.43
5nn0,10.96
4yog,5.74
4ipi,5.32
2oz6,5.26
4j3d,8.28
1wc6,4.0
2wf4,7.89
2bks,7.43
3njq,4.89
5b2d,4.25
4na9,7.39
2oz5,6.48
4b70,5.2
4d8i,6.69
4gzx,3.19
1nw5,5.21
1tfz,8.15
5owt,8.17
5nz2,5.03
3r2f,8.85
4jlm,7.64
5flt,2.89
4pgh,4.89
5ajv,6.24
3ay9,8.34
1nm6,10.05
1lhc,10.4
2fqx,7.15
1jfh,2.05
2vwn,8.0
3u10,5.44
4q07,8.14
4xm7,3.57
1g7q,6.06
6f4w,5.53
5hz5,7.07
4zun,4.59
6gon,5.67
2h3e,5.7
2vj7,7.4
6gjw,4.96
1it6,8.39
2uy3,3.22
2am4,3.72
5mw4,11.7
4b9h,5.35
3h2c,3.3
1qxk,5.05
6at0,4.04
2qo1,5.57
2boh,8.52
5kab,4.68
4gh6,7.68
1ork,8.81
2opy,4.52
1c84,5.0
5ngt,5.89
4q08,6.3
4do5,5.83
5lpm,5.56
5ece,8.05
5k32,8.8
1mu6,8.38
6evo,5.17
5tca,7.72
3fw4,9.4
4rsp,5.44
4h3c,5.72
3hqh,4.2
5lrj,8.72
4ikt,6.17
3in3,7.22
2pjl,6.72
3k3b,6.7
3e6v,6.83
2i5f,5.12
2vx9,7.44
1gvu,9.0
1hps,9.22
4ufe,8.15
6klk,3.88
3q72,5.8
2nnq,8.7
1ajp,2.23
1inc,9.34
2b1i,6.82
4tvj,7.91
3drp,9.7
3kgt,5.51
4o75,4.68
5ylu,8.62
5a3h,4.57
1rjk,10.0
2vvv,8.22
1g7v,6.4
2c57,3.43
4hva,5.89
6fnq,4.59
5d75,6.7
4mx0,6.73
4lc7,4.93
1utm,3.01
2zg3,2.06
2ie4,10.0
1rxp,7.14
6hu1,6.72
2imb,4.22
9lpr,5.7
4avs,3.49
5uah,3.4
3hv8,6.98
5uv1,5.62
1nt1,8.89
4tyt,7.7
6oag,5.43
5z89,6.71
1ikw,8.6
4zyv,7.66
1jcx,5.15
1db1,9.26
5ipc,4.89
3k5d,7.28
6gge,5.77
4b6o,7.0
5a7j,5.2
6fmi,5.03
5ktu,6.21
2pj9,7.92
3s43,8.6
4mm7,3.63
2bok,6.55
4fri,5.55
3ro0,4.5
5zkc,8.19
4k69,7.4
4yl1,6.67
2bmv,2.0
4y32,4.05
4wkp,9.55
6dge,6.72
2wez,7.64
5oax,7.57
4l58,4.68
3sw2,8.33
5c0m,5.85
4apo,4.91
4ezr,5.2
4jr5,8.15
5bry,11.82
4r6e,7.78
2ybt,4.7
1ocq,5.19
1wdy,7.89
4zip,9.68
1tnk,1.49
3m6p,8.35
2f6v,4.43
5eld,2.66
4u0n,5.77
4m5k,5.23
5zyj,7.21
3wz8,5.82
4bzr,7.6
3eyd,9.7
3luo,6.95
3qs5,4.71
4zx8,7.1
4q1a,9.3
5w0f,7.8
5kmf,6.29
5m3b,6.92
3cbs,7.24
4pde,6.44
2e9d,5.89
3uu1,5.2
4zuq,6.89
5ue4,6.36
4pkb,6.94
1v2j,3.25
2xv1,5.99
1br5,2.7
1bwb,8.42
4f0c,6.27
4b1c,7.1
4ju3,7.07
5yid,5.4
1vyq,5.3
5dpx,4.46
2pou,7.42
3o7u,7.28
4f1l,5.12
5nmf,7.42
1a30,4.3
1htg,8.42
6apv,6.96
1fo0,5.59
3ejp,8.55
1jys,3.52
2d1x,5.1
4bo2,7.3
4j06,5.34
2isw,7.43
5kau,6.52
4iqt,6.11
3tyq,8.3
3rxb,2.66
2gfa,4.98
6o48,7.12
4fab,8.06
1swp,11.0
1oe7,5.52
4g8l,8.0
6qef,7.22
6o7g,5.96
3ah8,9.82
2jbv,3.54
5n2f,7.1
3ckb,2.98
1sj0,9.1
3zyh,4.29
3v0l,5.52
5ai5,7.03
2onz,8.89
6a94,7.4
1ywi,3.43
5o5h,4.12
3m40,6.77
3cda,7.58
4luo,3.24
4fxf,5.19
1k4g,5.85
2q6h,3.6
6f1x,7.7
4q3s,6.59
1you,9.06
4zae,8.44
6hpg,5.5
3ati,3.73
4auj,7.74
1g32,6.11
1gah,12.0
2za0,6.64
6cef,3.74
3rxe,4.76
6g8k,4.45
1bmm,7.1
4lys,4.34
2y67,3.53
5etv,6.24
3ifp,7.61
6hs4,5.51
4ufh,6.42
4ayr,7.0
6egs,3.59
2oa0,6.92
3pcu,5.29
2vmd,3.02
5t36,7.37
5umw,4.23
3omg,4.72
1v2l,4.29
6hqy,6.44
4zy1,8.14
1yy6,6.07
3tfn,6.57
5var,4.09
5ajy,6.3
6i63,7.01
2oag,8.47
4u5l,2.4
4yv2,7.29
6abk,1.95
1b8y,7.85
4dpf,6.4
3c4h,5.7
3t0x,8.0
3rsr,4.36
1him,7.7
5zku,4.3
3b78,4.1
6gxu,3.74
1q1m,5.16
6ekq,5.46
2idw,8.89
5jo0,7.3
2d1n,8.15
5er2,6.57
4acx,7.11
5e7n,6.09
4ifh,5.21
4e9c,5.96
4n1t,9.1
5y61,1.72
2fda,6.3
1sgu,5.37
1d4l,8.77
2uwl,8.4
